ISO-10303-21;
HEADER;
/* Generated by software containing ST-Developer
 * from STEP Tools, Inc. (www.steptools.com) 
 */

FILE_DESCRIPTION(
/* description */ (''),
/* implementation_level */ '2;1');

FILE_NAME(
/* name */ 'Tamagotchi Case.step',
/* time_stamp */ '2026-06-08T02:48:06+08:00',
/* author */ (''),
/* organization */ (''),
/* preprocessor_version */ 'ST-DEVELOPER v20.1',
/* originating_system */ 'Autodesk Translation Framework v15.8.0.0',
/* authorisation */ '');

FILE_SCHEMA (('AUTOMOTIVE_DESIGN { 1 0 10303 214 3 1 1 }'));
ENDSEC;

DATA;
#10=MECHANICAL_DESIGN_GEOMETRIC_PRESENTATION_REPRESENTATION('',(#13),#2730);
#11=SHAPE_REPRESENTATION_RELATIONSHIP('SRR','None',#2736,#12);
#12=ADVANCED_BREP_SHAPE_REPRESENTATION('',(#14),#2729);
#13=STYLED_ITEM('',(#2746),#14);
#14=MANIFOLD_SOLID_BREP('Bottom',#1594);
#15=SPHERICAL_SURFACE('',#1720,1.);
#16=SPHERICAL_SURFACE('',#1721,1.);
#17=SPHERICAL_SURFACE('',#1725,1.);
#18=SPHERICAL_SURFACE('',#1727,1.);
#19=SPHERICAL_SURFACE('',#1747,0.200000000000001);
#20=SPHERICAL_SURFACE('',#1748,0.2);
#21=SPHERICAL_SURFACE('',#1752,0.2);
#22=SPHERICAL_SURFACE('',#1754,0.2);
#23=TOROIDAL_SURFACE('',#1607,0.654505824591645,0.1);
#24=TOROIDAL_SURFACE('',#1613,0.654505824591643,0.1);
#25=TOROIDAL_SURFACE('',#1619,0.654505824591645,0.1);
#26=TOROIDAL_SURFACE('',#1625,0.654505824591647,0.1);
#27=TOROIDAL_SURFACE('',#1648,0.545494175408356,0.1);
#28=TOROIDAL_SURFACE('',#1654,0.545494175408356,0.1);
#29=TOROIDAL_SURFACE('',#1660,0.545494175408354,0.1);
#30=TOROIDAL_SURFACE('',#1666,0.545494175408354,0.1);
#31=FACE_BOUND('',#175,.T.);
#32=FACE_BOUND('',#178,.T.);
#33=FACE_BOUND('',#230,.T.);
#34=FACE_BOUND('',#234,.T.);
#35=FACE_BOUND('',#248,.T.);
#36=FACE_BOUND('',#263,.T.);
#37=FACE_BOUND('',#268,.T.);
#38=FACE_BOUND('',#272,.T.);
#39=PLANE('',#1599);
#40=PLANE('',#1600);
#41=PLANE('',#1601);
#42=PLANE('',#1602);
#43=PLANE('',#1603);
#44=PLANE('',#1633);
#45=PLANE('',#1636);
#46=PLANE('',#1639);
#47=PLANE('',#1642);
#48=PLANE('',#1643);
#49=PLANE('',#1671);
#50=PLANE('',#1674);
#51=PLANE('',#1677);
#52=PLANE('',#1680);
#53=PLANE('',#1683);
#54=PLANE('',#1684);
#55=PLANE('',#1685);
#56=PLANE('',#1686);
#57=PLANE('',#1690);
#58=PLANE('',#1694);
#59=PLANE('',#1695);
#60=PLANE('',#1696);
#61=PLANE('',#1697);
#62=PLANE('',#1698);
#63=PLANE('',#1699);
#64=PLANE('',#1700);
#65=PLANE('',#1701);
#66=PLANE('',#1702);
#67=PLANE('',#1703);
#68=PLANE('',#1704);
#69=PLANE('',#1729);
#70=PLANE('',#1730);
#71=PLANE('',#1731);
#72=PLANE('',#1756);
#73=PLANE('',#1757);
#74=PLANE('',#1760);
#75=PLANE('',#1763);
#76=PLANE('',#1766);
#77=PLANE('',#1769);
#78=PLANE('',#1770);
#79=FACE_OUTER_BOUND('',#172,.T.);
#80=FACE_OUTER_BOUND('',#173,.T.);
#81=FACE_OUTER_BOUND('',#174,.T.);
#82=FACE_OUTER_BOUND('',#176,.T.);
#83=FACE_OUTER_BOUND('',#177,.T.);
#84=FACE_OUTER_BOUND('',#179,.T.);
#85=FACE_OUTER_BOUND('',#180,.T.);
#86=FACE_OUTER_BOUND('',#181,.T.);
#87=FACE_OUTER_BOUND('',#182,.T.);
#88=FACE_OUTER_BOUND('',#183,.T.);
#89=FACE_OUTER_BOUND('',#184,.T.);
#90=FACE_OUTER_BOUND('',#185,.T.);
#91=FACE_OUTER_BOUND('',#186,.T.);
#92=FACE_OUTER_BOUND('',#187,.T.);
#93=FACE_OUTER_BOUND('',#188,.T.);
#94=FACE_OUTER_BOUND('',#189,.T.);
#95=FACE_OUTER_BOUND('',#190,.T.);
#96=FACE_OUTER_BOUND('',#191,.T.);
#97=FACE_OUTER_BOUND('',#192,.T.);
#98=FACE_OUTER_BOUND('',#193,.T.);
#99=FACE_OUTER_BOUND('',#194,.T.);
#100=FACE_OUTER_BOUND('',#195,.T.);
#101=FACE_OUTER_BOUND('',#196,.T.);
#102=FACE_OUTER_BOUND('',#197,.T.);
#103=FACE_OUTER_BOUND('',#198,.T.);
#104=FACE_OUTER_BOUND('',#199,.T.);
#105=FACE_OUTER_BOUND('',#200,.T.);
#106=FACE_OUTER_BOUND('',#201,.T.);
#107=FACE_OUTER_BOUND('',#202,.T.);
#108=FACE_OUTER_BOUND('',#203,.T.);
#109=FACE_OUTER_BOUND('',#204,.T.);
#110=FACE_OUTER_BOUND('',#205,.T.);
#111=FACE_OUTER_BOUND('',#206,.T.);
#112=FACE_OUTER_BOUND('',#207,.T.);
#113=FACE_OUTER_BOUND('',#208,.T.);
#114=FACE_OUTER_BOUND('',#209,.T.);
#115=FACE_OUTER_BOUND('',#210,.T.);
#116=FACE_OUTER_BOUND('',#211,.T.);
#117=FACE_OUTER_BOUND('',#212,.T.);
#118=FACE_OUTER_BOUND('',#213,.T.);
#119=FACE_OUTER_BOUND('',#214,.T.);
#120=FACE_OUTER_BOUND('',#215,.T.);
#121=FACE_OUTER_BOUND('',#216,.T.);
#122=FACE_OUTER_BOUND('',#217,.T.);
#123=FACE_OUTER_BOUND('',#218,.T.);
#124=FACE_OUTER_BOUND('',#219,.T.);
#125=FACE_OUTER_BOUND('',#220,.T.);
#126=FACE_OUTER_BOUND('',#221,.T.);
#127=FACE_OUTER_BOUND('',#222,.T.);
#128=FACE_OUTER_BOUND('',#223,.T.);
#129=FACE_OUTER_BOUND('',#224,.T.);
#130=FACE_OUTER_BOUND('',#225,.T.);
#131=FACE_OUTER_BOUND('',#226,.T.);
#132=FACE_OUTER_BOUND('',#227,.T.);
#133=FACE_OUTER_BOUND('',#228,.T.);
#134=FACE_OUTER_BOUND('',#229,.T.);
#135=FACE_OUTER_BOUND('',#231,.T.);
#136=FACE_OUTER_BOUND('',#232,.T.);
#137=FACE_OUTER_BOUND('',#233,.T.);
#138=FACE_OUTER_BOUND('',#235,.T.);
#139=FACE_OUTER_BOUND('',#236,.T.);
#140=FACE_OUTER_BOUND('',#237,.T.);
#141=FACE_OUTER_BOUND('',#238,.T.);
#142=FACE_OUTER_BOUND('',#239,.T.);
#143=FACE_OUTER_BOUND('',#240,.T.);
#144=FACE_OUTER_BOUND('',#241,.T.);
#145=FACE_OUTER_BOUND('',#242,.T.);
#146=FACE_OUTER_BOUND('',#243,.T.);
#147=FACE_OUTER_BOUND('',#244,.T.);
#148=FACE_OUTER_BOUND('',#245,.T.);
#149=FACE_OUTER_BOUND('',#246,.T.);
#150=FACE_OUTER_BOUND('',#247,.T.);
#151=FACE_OUTER_BOUND('',#249,.T.);
#152=FACE_OUTER_BOUND('',#250,.T.);
#153=FACE_OUTER_BOUND('',#251,.T.);
#154=FACE_OUTER_BOUND('',#252,.T.);
#155=FACE_OUTER_BOUND('',#253,.T.);
#156=FACE_OUTER_BOUND('',#254,.T.);
#157=FACE_OUTER_BOUND('',#255,.T.);
#158=FACE_OUTER_BOUND('',#256,.T.);
#159=FACE_OUTER_BOUND('',#257,.T.);
#160=FACE_OUTER_BOUND('',#258,.T.);
#161=FACE_OUTER_BOUND('',#259,.T.);
#162=FACE_OUTER_BOUND('',#260,.T.);
#163=FACE_OUTER_BOUND('',#261,.T.);
#164=FACE_OUTER_BOUND('',#262,.T.);
#165=FACE_OUTER_BOUND('',#264,.T.);
#166=FACE_OUTER_BOUND('',#265,.T.);
#167=FACE_OUTER_BOUND('',#266,.T.);
#168=FACE_OUTER_BOUND('',#267,.T.);
#169=FACE_OUTER_BOUND('',#269,.T.);
#170=FACE_OUTER_BOUND('',#270,.T.);
#171=FACE_OUTER_BOUND('',#271,.T.);
#172=EDGE_LOOP('',(#1010,#1011,#1012,#1013));
#173=EDGE_LOOP('',(#1014,#1015,#1016,#1017));
#174=EDGE_LOOP('',(#1018,#1019,#1020,#1021));
#175=EDGE_LOOP('',(#1022));
#176=EDGE_LOOP('',(#1023,#1024,#1025,#1026));
#177=EDGE_LOOP('',(#1027,#1028,#1029,#1030));
#178=EDGE_LOOP('',(#1031));
#179=EDGE_LOOP('',(#1032,#1033,#1034,#1035));
#180=EDGE_LOOP('',(#1036,#1037,#1038,#1039));
#181=EDGE_LOOP('',(#1040,#1041,#1042,#1043));
#182=EDGE_LOOP('',(#1044,#1045,#1046,#1047));
#183=EDGE_LOOP('',(#1048,#1049,#1050,#1051));
#184=EDGE_LOOP('',(#1052,#1053,#1054,#1055));
#185=EDGE_LOOP('',(#1056,#1057,#1058,#1059));
#186=EDGE_LOOP('',(#1060,#1061,#1062,#1063));
#187=EDGE_LOOP('',(#1064,#1065,#1066,#1067));
#188=EDGE_LOOP('',(#1068,#1069,#1070,#1071));
#189=EDGE_LOOP('',(#1072,#1073,#1074,#1075));
#190=EDGE_LOOP('',(#1076,#1077,#1078,#1079));
#191=EDGE_LOOP('',(#1080,#1081,#1082,#1083));
#192=EDGE_LOOP('',(#1084,#1085,#1086,#1087));
#193=EDGE_LOOP('',(#1088,#1089,#1090,#1091));
#194=EDGE_LOOP('',(#1092,#1093,#1094,#1095));
#195=EDGE_LOOP('',(#1096,#1097,#1098,#1099));
#196=EDGE_LOOP('',(#1100,#1101,#1102,#1103));
#197=EDGE_LOOP('',(#1104,#1105,#1106,#1107,#1108,#1109));
#198=EDGE_LOOP('',(#1110,#1111,#1112,#1113));
#199=EDGE_LOOP('',(#1114,#1115,#1116,#1117));
#200=EDGE_LOOP('',(#1118,#1119,#1120,#1121));
#201=EDGE_LOOP('',(#1122,#1123,#1124,#1125));
#202=EDGE_LOOP('',(#1126,#1127,#1128,#1129));
#203=EDGE_LOOP('',(#1130,#1131,#1132,#1133));
#204=EDGE_LOOP('',(#1134,#1135,#1136,#1137));
#205=EDGE_LOOP('',(#1138,#1139,#1140,#1141));
#206=EDGE_LOOP('',(#1142,#1143,#1144,#1145));
#207=EDGE_LOOP('',(#1146,#1147,#1148,#1149,#1150,#1151,#1152,#1153,#1154,
#1155,#1156,#1157,#1158,#1159,#1160,#1161,#1162,#1163,#1164,#1165));
#208=EDGE_LOOP('',(#1166,#1167,#1168,#1169));
#209=EDGE_LOOP('',(#1170,#1171,#1172,#1173));
#210=EDGE_LOOP('',(#1174,#1175,#1176,#1177));
#211=EDGE_LOOP('',(#1178,#1179,#1180,#1181));
#212=EDGE_LOOP('',(#1182,#1183,#1184,#1185));
#213=EDGE_LOOP('',(#1186,#1187,#1188,#1189));
#214=EDGE_LOOP('',(#1190,#1191,#1192,#1193));
#215=EDGE_LOOP('',(#1194,#1195,#1196,#1197));
#216=EDGE_LOOP('',(#1198,#1199,#1200,#1201,#1202,#1203));
#217=EDGE_LOOP('',(#1204,#1205,#1206,#1207));
#218=EDGE_LOOP('',(#1208,#1209,#1210,#1211));
#219=EDGE_LOOP('',(#1212,#1213,#1214,#1215));
#220=EDGE_LOOP('',(#1216,#1217,#1218,#1219));
#221=EDGE_LOOP('',(#1220,#1221,#1222,#1223));
#222=EDGE_LOOP('',(#1224,#1225,#1226,#1227));
#223=EDGE_LOOP('',(#1228,#1229,#1230,#1231));
#224=EDGE_LOOP('',(#1232,#1233,#1234,#1235,#1236));
#225=EDGE_LOOP('',(#1237,#1238,#1239,#1240,#1241));
#226=EDGE_LOOP('',(#1242,#1243,#1244,#1245));
#227=EDGE_LOOP('',(#1246,#1247,#1248,#1249,#1250));
#228=EDGE_LOOP('',(#1251,#1252,#1253,#1254,#1255));
#229=EDGE_LOOP('',(#1256,#1257,#1258,#1259));
#230=EDGE_LOOP('',(#1260,#1261,#1262,#1263));
#231=EDGE_LOOP('',(#1264,#1265,#1266,#1267,#1268,#1269,#1270,#1271));
#232=EDGE_LOOP('',(#1272,#1273,#1274,#1275));
#233=EDGE_LOOP('',(#1276,#1277,#1278,#1279));
#234=EDGE_LOOP('',(#1280,#1281,#1282,#1283));
#235=EDGE_LOOP('',(#1284,#1285,#1286,#1287));
#236=EDGE_LOOP('',(#1288,#1289,#1290,#1291));
#237=EDGE_LOOP('',(#1292,#1293,#1294,#1295));
#238=EDGE_LOOP('',(#1296,#1297,#1298,#1299));
#239=EDGE_LOOP('',(#1300,#1301,#1302,#1303));
#240=EDGE_LOOP('',(#1304,#1305,#1306));
#241=EDGE_LOOP('',(#1307,#1308,#1309));
#242=EDGE_LOOP('',(#1310,#1311,#1312,#1313));
#243=EDGE_LOOP('',(#1314,#1315,#1316));
#244=EDGE_LOOP('',(#1317,#1318,#1319));
#245=EDGE_LOOP('',(#1320,#1321,#1322,#1323,#1324,#1325,#1326,#1327));
#246=EDGE_LOOP('',(#1328,#1329,#1330,#1331));
#247=EDGE_LOOP('',(#1332,#1333,#1334,#1335));
#248=EDGE_LOOP('',(#1336,#1337,#1338,#1339));
#249=EDGE_LOOP('',(#1340,#1341,#1342,#1343));
#250=EDGE_LOOP('',(#1344,#1345,#1346,#1347));
#251=EDGE_LOOP('',(#1348,#1349,#1350,#1351));
#252=EDGE_LOOP('',(#1352,#1353,#1354,#1355));
#253=EDGE_LOOP('',(#1356,#1357,#1358,#1359));
#254=EDGE_LOOP('',(#1360,#1361,#1362));
#255=EDGE_LOOP('',(#1363,#1364,#1365));
#256=EDGE_LOOP('',(#1366,#1367,#1368,#1369));
#257=EDGE_LOOP('',(#1370,#1371,#1372));
#258=EDGE_LOOP('',(#1373,#1374,#1375));
#259=EDGE_LOOP('',(#1376,#1377,#1378,#1379));
#260=EDGE_LOOP('',(#1380,#1381,#1382,#1383));
#261=EDGE_LOOP('',(#1384,#1385,#1386,#1387));
#262=EDGE_LOOP('',(#1388,#1389,#1390,#1391));
#263=EDGE_LOOP('',(#1392,#1393,#1394,#1395));
#264=EDGE_LOOP('',(#1396,#1397,#1398,#1399));
#265=EDGE_LOOP('',(#1400,#1401,#1402,#1403));
#266=EDGE_LOOP('',(#1404,#1405,#1406,#1407));
#267=EDGE_LOOP('',(#1408,#1409,#1410,#1411));
#268=EDGE_LOOP('',(#1412,#1413,#1414,#1415));
#269=EDGE_LOOP('',(#1416,#1417,#1418,#1419));
#270=EDGE_LOOP('',(#1420,#1421,#1422,#1423));
#271=EDGE_LOOP('',(#1424,#1425,#1426,#1427,#1428,#1429,#1430,#1431,#1432,
#1433,#1434,#1435,#1436,#1437,#1438,#1439,#1440,#1441,#1442,#1443));
#272=EDGE_LOOP('',(#1444,#1445,#1446,#1447,#1448,#1449,#1450,#1451,#1452,
#1453,#1454,#1455,#1456,#1457,#1458,#1459,#1460,#1461,#1462,#1463));
#273=LINE('',#2273,#418);
#274=LINE('',#2278,#419);
#275=LINE('',#2280,#420);
#276=LINE('',#2282,#421);
#277=LINE('',#2283,#422);
#278=LINE('',#2286,#423);
#279=LINE('',#2288,#424);
#280=LINE('',#2289,#425);
#281=LINE('',#2292,#426);
#282=LINE('',#2294,#427);
#283=LINE('',#2295,#428);
#284=LINE('',#2297,#429);
#285=LINE('',#2298,#430);
#286=LINE('',#2305,#431);
#287=LINE('',#2308,#432);
#288=LINE('',#2319,#433);
#289=LINE('',#2320,#434);
#290=LINE('',#2331,#435);
#291=LINE('',#2332,#436);
#292=LINE('',#2343,#437);
#293=LINE('',#2344,#438);
#294=LINE('',#2355,#439);
#295=LINE('',#2356,#440);
#296=LINE('',#2359,#441);
#297=LINE('',#2362,#442);
#298=LINE('',#2365,#443);
#299=LINE('',#2366,#444);
#300=LINE('',#2369,#445);
#301=LINE('',#2373,#446);
#302=LINE('',#2374,#447);
#303=LINE('',#2377,#448);
#304=LINE('',#2381,#449);
#305=LINE('',#2382,#450);
#306=LINE('',#2385,#451);
#307=LINE('',#2389,#452);
#308=LINE('',#2390,#453);
#309=LINE('',#2393,#454);
#310=LINE('',#2397,#455);
#311=LINE('',#2398,#456);
#312=LINE('',#2404,#457);
#313=LINE('',#2407,#458);
#314=LINE('',#2418,#459);
#315=LINE('',#2419,#460);
#316=LINE('',#2430,#461);
#317=LINE('',#2431,#462);
#318=LINE('',#2442,#463);
#319=LINE('',#2443,#464);
#320=LINE('',#2451,#465);
#321=LINE('',#2452,#466);
#322=LINE('',#2454,#467);
#323=LINE('',#2457,#468);
#324=LINE('',#2460,#469);
#325=LINE('',#2463,#470);
#326=LINE('',#2464,#471);
#327=LINE('',#2467,#472);
#328=LINE('',#2471,#473);
#329=LINE('',#2472,#474);
#330=LINE('',#2475,#475);
#331=LINE('',#2479,#476);
#332=LINE('',#2480,#477);
#333=LINE('',#2483,#478);
#334=LINE('',#2487,#479);
#335=LINE('',#2488,#480);
#336=LINE('',#2491,#481);
#337=LINE('',#2492,#482);
#338=LINE('',#2494,#483);
#339=LINE('',#2496,#484);
#340=LINE('',#2502,#485);
#341=LINE('',#2505,#486);
#342=LINE('',#2508,#487);
#343=LINE('',#2510,#488);
#344=LINE('',#2511,#489);
#345=LINE('',#2517,#490);
#346=LINE('',#2520,#491);
#347=LINE('',#2523,#492);
#348=LINE('',#2525,#493);
#349=LINE('',#2526,#494);
#350=LINE('',#2530,#495);
#351=LINE('',#2532,#496);
#352=LINE('',#2534,#497);
#353=LINE('',#2535,#498);
#354=LINE('',#2537,#499);
#355=LINE('',#2538,#500);
#356=LINE('',#2540,#501);
#357=LINE('',#2541,#502);
#358=LINE('',#2545,#503);
#359=LINE('',#2547,#504);
#360=LINE('',#2549,#505);
#361=LINE('',#2550,#506);
#362=LINE('',#2552,#507);
#363=LINE('',#2553,#508);
#364=LINE('',#2555,#509);
#365=LINE('',#2556,#510);
#366=LINE('',#2560,#511);
#367=LINE('',#2562,#512);
#368=LINE('',#2564,#513);
#369=LINE('',#2565,#514);
#370=LINE('',#2569,#515);
#371=LINE('',#2571,#516);
#372=LINE('',#2573,#517);
#373=LINE('',#2575,#518);
#374=LINE('',#2577,#519);
#375=LINE('',#2579,#520);
#376=LINE('',#2581,#521);
#377=LINE('',#2582,#522);
#378=LINE('',#2586,#523);
#379=LINE('',#2588,#524);
#380=LINE('',#2590,#525);
#381=LINE('',#2591,#526);
#382=LINE('',#2595,#527);
#383=LINE('',#2597,#528);
#384=LINE('',#2599,#529);
#385=LINE('',#2600,#530);
#386=LINE('',#2622,#531);
#387=LINE('',#2631,#532);
#388=LINE('',#2633,#533);
#389=LINE('',#2635,#534);
#390=LINE('',#2637,#535);
#391=LINE('',#2639,#536);
#392=LINE('',#2641,#537);
#393=LINE('',#2643,#538);
#394=LINE('',#2644,#539);
#395=LINE('',#2648,#540);
#396=LINE('',#2650,#541);
#397=LINE('',#2652,#542);
#398=LINE('',#2653,#543);
#399=LINE('',#2657,#544);
#400=LINE('',#2659,#545);
#401=LINE('',#2661,#546);
#402=LINE('',#2662,#547);
#403=LINE('',#2667,#548);
#404=LINE('',#2673,#549);
#405=LINE('',#2690,#550);
#406=LINE('',#2696,#551);
#407=LINE('',#2697,#552);
#408=LINE('',#2699,#553);
#409=LINE('',#2703,#554);
#410=LINE('',#2706,#555);
#411=LINE('',#2707,#556);
#412=LINE('',#2711,#557);
#413=LINE('',#2715,#558);
#414=LINE('',#2718,#559);
#415=LINE('',#2719,#560);
#416=LINE('',#2723,#561);
#417=LINE('',#2725,#562);
#418=VECTOR('',#1777,2.);
#419=VECTOR('',#1782,10.);
#420=VECTOR('',#1783,10.);
#421=VECTOR('',#1784,10.);
#422=VECTOR('',#1785,10.);
#423=VECTOR('',#1788,10.);
#424=VECTOR('',#1789,10.);
#425=VECTOR('',#1790,10.);
#426=VECTOR('',#1793,10.);
#427=VECTOR('',#1794,10.);
#428=VECTOR('',#1795,10.);
#429=VECTOR('',#1798,10.);
#430=VECTOR('',#1799,10.);
#431=VECTOR('',#1806,10.);
#432=VECTOR('',#1809,10.);
#433=VECTOR('',#1822,10.);
#434=VECTOR('',#1823,10.);
#435=VECTOR('',#1836,10.);
#436=VECTOR('',#1837,10.);
#437=VECTOR('',#1850,10.);
#438=VECTOR('',#1851,10.);
#439=VECTOR('',#1864,10.);
#440=VECTOR('',#1865,10.);
#441=VECTOR('',#1868,10.);
#442=VECTOR('',#1871,10.);
#443=VECTOR('',#1874,10.);
#444=VECTOR('',#1875,10.);
#445=VECTOR('',#1878,10.);
#446=VECTOR('',#1883,10.);
#447=VECTOR('',#1884,10.);
#448=VECTOR('',#1887,10.);
#449=VECTOR('',#1892,10.);
#450=VECTOR('',#1893,10.);
#451=VECTOR('',#1896,10.);
#452=VECTOR('',#1901,10.);
#453=VECTOR('',#1902,10.);
#454=VECTOR('',#1905,10.);
#455=VECTOR('',#1908,10.);
#456=VECTOR('',#1909,10.);
#457=VECTOR('',#1914,10.);
#458=VECTOR('',#1917,10.);
#459=VECTOR('',#1930,10.);
#460=VECTOR('',#1931,10.);
#461=VECTOR('',#1944,10.);
#462=VECTOR('',#1945,10.);
#463=VECTOR('',#1958,10.);
#464=VECTOR('',#1959,10.);
#465=VECTOR('',#1970,10.);
#466=VECTOR('',#1971,10.);
#467=VECTOR('',#1974,10.);
#468=VECTOR('',#1977,10.);
#469=VECTOR('',#1980,10.);
#470=VECTOR('',#1983,10.);
#471=VECTOR('',#1984,10.);
#472=VECTOR('',#1987,10.);
#473=VECTOR('',#1992,10.);
#474=VECTOR('',#1993,10.);
#475=VECTOR('',#1996,10.);
#476=VECTOR('',#2001,10.);
#477=VECTOR('',#2002,10.);
#478=VECTOR('',#2005,10.);
#479=VECTOR('',#2010,10.);
#480=VECTOR('',#2011,10.);
#481=VECTOR('',#2014,10.);
#482=VECTOR('',#2015,10.);
#483=VECTOR('',#2018,10.);
#484=VECTOR('',#2021,10.);
#485=VECTOR('',#2026,10.);
#486=VECTOR('',#2029,10.);
#487=VECTOR('',#2032,10.);
#488=VECTOR('',#2033,10.);
#489=VECTOR('',#2034,10.);
#490=VECTOR('',#2039,10.);
#491=VECTOR('',#2042,10.);
#492=VECTOR('',#2045,10.);
#493=VECTOR('',#2046,10.);
#494=VECTOR('',#2047,10.);
#495=VECTOR('',#2050,10.);
#496=VECTOR('',#2051,10.);
#497=VECTOR('',#2052,10.);
#498=VECTOR('',#2053,10.);
#499=VECTOR('',#2056,10.);
#500=VECTOR('',#2057,10.);
#501=VECTOR('',#2060,10.);
#502=VECTOR('',#2061,10.);
#503=VECTOR('',#2064,10.);
#504=VECTOR('',#2065,10.);
#505=VECTOR('',#2066,10.);
#506=VECTOR('',#2067,10.);
#507=VECTOR('',#2070,10.);
#508=VECTOR('',#2071,10.);
#509=VECTOR('',#2074,10.);
#510=VECTOR('',#2075,10.);
#511=VECTOR('',#2078,10.);
#512=VECTOR('',#2079,10.);
#513=VECTOR('',#2080,10.);
#514=VECTOR('',#2081,10.);
#515=VECTOR('',#2084,10.);
#516=VECTOR('',#2085,10.);
#517=VECTOR('',#2086,10.);
#518=VECTOR('',#2087,10.);
#519=VECTOR('',#2088,10.);
#520=VECTOR('',#2089,10.);
#521=VECTOR('',#2090,10.);
#522=VECTOR('',#2091,10.);
#523=VECTOR('',#2094,10.);
#524=VECTOR('',#2095,10.);
#525=VECTOR('',#2096,10.);
#526=VECTOR('',#2097,10.);
#527=VECTOR('',#2100,10.);
#528=VECTOR('',#2101,10.);
#529=VECTOR('',#2102,10.);
#530=VECTOR('',#2103,10.);
#531=VECTOR('',#2142,10.);
#532=VECTOR('',#2155,10.);
#533=VECTOR('',#2156,10.);
#534=VECTOR('',#2157,10.);
#535=VECTOR('',#2158,10.);
#536=VECTOR('',#2159,10.);
#537=VECTOR('',#2160,10.);
#538=VECTOR('',#2161,10.);
#539=VECTOR('',#2162,10.);
#540=VECTOR('',#2165,10.);
#541=VECTOR('',#2166,10.);
#542=VECTOR('',#2167,10.);
#543=VECTOR('',#2168,10.);
#544=VECTOR('',#2171,10.);
#545=VECTOR('',#2172,10.);
#546=VECTOR('',#2173,10.);
#547=VECTOR('',#2174,10.);
#548=VECTOR('',#2179,10.);
#549=VECTOR('',#2188,10.);
#550=VECTOR('',#2217,10.);
#551=VECTOR('',#2228,10.);
#552=VECTOR('',#2229,10.);
#553=VECTOR('',#2232,10.);
#554=VECTOR('',#2237,10.);
#555=VECTOR('',#2240,10.);
#556=VECTOR('',#2241,10.);
#557=VECTOR('',#2248,10.);
#558=VECTOR('',#2253,10.);
#559=VECTOR('',#2256,10.);
#560=VECTOR('',#2257,10.);
#561=VECTOR('',#2262,10.);
#562=VECTOR('',#2265,10.);
#563=CIRCLE('',#1597,2.);
#564=CIRCLE('',#1598,2.);
#565=CIRCLE('',#1605,0.1);
#566=CIRCLE('',#1606,0.1);
#567=CIRCLE('',#1608,0.1);
#568=CIRCLE('',#1609,0.654505824591645);
#569=CIRCLE('',#1610,0.754505824591645);
#570=CIRCLE('',#1612,0.0999999999999979);
#571=CIRCLE('',#1614,0.1);
#572=CIRCLE('',#1615,0.654505824591642);
#573=CIRCLE('',#1616,0.754505824591642);
#574=CIRCLE('',#1618,0.1);
#575=CIRCLE('',#1620,0.1);
#576=CIRCLE('',#1621,0.654505824591645);
#577=CIRCLE('',#1622,0.754505824591645);
#578=CIRCLE('',#1624,0.1);
#579=CIRCLE('',#1626,0.1);
#580=CIRCLE('',#1627,0.654505824591647);
#581=CIRCLE('',#1628,0.754505824591647);
#582=CIRCLE('',#1630,0.1);
#583=CIRCLE('',#1632,0.754505824591647);
#584=CIRCLE('',#1635,0.754505824591645);
#585=CIRCLE('',#1638,0.754505824591643);
#586=CIRCLE('',#1641,0.754505824591645);
#587=CIRCLE('',#1644,0.1);
#588=CIRCLE('',#1646,0.1);
#589=CIRCLE('',#1647,0.0999999999999979);
#590=CIRCLE('',#1649,0.0999999999999979);
#591=CIRCLE('',#1650,0.545494175408356);
#592=CIRCLE('',#1651,0.445494175408356);
#593=CIRCLE('',#1653,0.0999999999999979);
#594=CIRCLE('',#1655,0.0999999999999979);
#595=CIRCLE('',#1656,0.545494175408356);
#596=CIRCLE('',#1657,0.445494175408356);
#597=CIRCLE('',#1659,0.1);
#598=CIRCLE('',#1661,0.1);
#599=CIRCLE('',#1662,0.545494175408354);
#600=CIRCLE('',#1663,0.445494175408354);
#601=CIRCLE('',#1665,0.1);
#602=CIRCLE('',#1667,0.1);
#603=CIRCLE('',#1668,0.545494175408354);
#604=CIRCLE('',#1669,0.445494175408354);
#605=CIRCLE('',#1673,0.445494175408354);
#606=CIRCLE('',#1676,0.445494175408354);
#607=CIRCLE('',#1679,0.445494175408356);
#608=CIRCLE('',#1682,0.445494175408356);
#609=CIRCLE('',#1688,0.5);
#610=CIRCLE('',#1689,0.5);
#611=CIRCLE('',#1692,0.5);
#612=CIRCLE('',#1693,0.5);
#613=CIRCLE('',#1706,1.);
#614=CIRCLE('',#1707,1.);
#615=CIRCLE('',#1709,1.);
#616=CIRCLE('',#1710,1.);
#617=CIRCLE('',#1712,1.);
#618=CIRCLE('',#1713,1.);
#619=CIRCLE('',#1715,1.);
#620=CIRCLE('',#1716,1.);
#621=CIRCLE('',#1718,1.);
#622=CIRCLE('',#1719,1.);
#623=CIRCLE('',#1723,1.);
#624=CIRCLE('',#1724,1.);
#625=CIRCLE('',#1726,1.);
#626=CIRCLE('',#1728,1.);
#627=CIRCLE('',#1733,0.2);
#628=CIRCLE('',#1734,0.2);
#629=CIRCLE('',#1736,0.2);
#630=CIRCLE('',#1737,0.2);
#631=CIRCLE('',#1739,0.200000000000001);
#632=CIRCLE('',#1740,0.2);
#633=CIRCLE('',#1742,0.2);
#634=CIRCLE('',#1743,0.200000000000001);
#635=CIRCLE('',#1745,0.2);
#636=CIRCLE('',#1746,0.200000000000001);
#637=CIRCLE('',#1750,0.2);
#638=CIRCLE('',#1751,0.2);
#639=CIRCLE('',#1753,0.2);
#640=CIRCLE('',#1755,0.2);
#641=CIRCLE('',#1759,1.);
#642=CIRCLE('',#1762,1.);
#643=CIRCLE('',#1765,0.2);
#644=CIRCLE('',#1768,0.2);
#645=VERTEX_POINT('',#2270);
#646=VERTEX_POINT('',#2272);
#647=VERTEX_POINT('',#2276);
#648=VERTEX_POINT('',#2277);
#649=VERTEX_POINT('',#2279);
#650=VERTEX_POINT('',#2281);
#651=VERTEX_POINT('',#2285);
#652=VERTEX_POINT('',#2287);
#653=VERTEX_POINT('',#2291);
#654=VERTEX_POINT('',#2293);
#655=VERTEX_POINT('',#2301);
#656=VERTEX_POINT('',#2302);
#657=VERTEX_POINT('',#2304);
#658=VERTEX_POINT('',#2306);
#659=VERTEX_POINT('',#2310);
#660=VERTEX_POINT('',#2311);
#661=VERTEX_POINT('',#2316);
#662=VERTEX_POINT('',#2317);
#663=VERTEX_POINT('',#2322);
#664=VERTEX_POINT('',#2323);
#665=VERTEX_POINT('',#2328);
#666=VERTEX_POINT('',#2329);
#667=VERTEX_POINT('',#2334);
#668=VERTEX_POINT('',#2335);
#669=VERTEX_POINT('',#2340);
#670=VERTEX_POINT('',#2341);
#671=VERTEX_POINT('',#2346);
#672=VERTEX_POINT('',#2347);
#673=VERTEX_POINT('',#2352);
#674=VERTEX_POINT('',#2353);
#675=VERTEX_POINT('',#2358);
#676=VERTEX_POINT('',#2360);
#677=VERTEX_POINT('',#2364);
#678=VERTEX_POINT('',#2368);
#679=VERTEX_POINT('',#2372);
#680=VERTEX_POINT('',#2376);
#681=VERTEX_POINT('',#2380);
#682=VERTEX_POINT('',#2384);
#683=VERTEX_POINT('',#2388);
#684=VERTEX_POINT('',#2392);
#685=VERTEX_POINT('',#2394);
#686=VERTEX_POINT('',#2396);
#687=VERTEX_POINT('',#2400);
#688=VERTEX_POINT('',#2401);
#689=VERTEX_POINT('',#2403);
#690=VERTEX_POINT('',#2405);
#691=VERTEX_POINT('',#2409);
#692=VERTEX_POINT('',#2410);
#693=VERTEX_POINT('',#2415);
#694=VERTEX_POINT('',#2416);
#695=VERTEX_POINT('',#2421);
#696=VERTEX_POINT('',#2422);
#697=VERTEX_POINT('',#2427);
#698=VERTEX_POINT('',#2428);
#699=VERTEX_POINT('',#2433);
#700=VERTEX_POINT('',#2434);
#701=VERTEX_POINT('',#2439);
#702=VERTEX_POINT('',#2440);
#703=VERTEX_POINT('',#2445);
#704=VERTEX_POINT('',#2446);
#705=VERTEX_POINT('',#2456);
#706=VERTEX_POINT('',#2458);
#707=VERTEX_POINT('',#2462);
#708=VERTEX_POINT('',#2466);
#709=VERTEX_POINT('',#2470);
#710=VERTEX_POINT('',#2474);
#711=VERTEX_POINT('',#2478);
#712=VERTEX_POINT('',#2482);
#713=VERTEX_POINT('',#2486);
#714=VERTEX_POINT('',#2490);
#715=VERTEX_POINT('',#2498);
#716=VERTEX_POINT('',#2499);
#717=VERTEX_POINT('',#2501);
#718=VERTEX_POINT('',#2503);
#719=VERTEX_POINT('',#2507);
#720=VERTEX_POINT('',#2509);
#721=VERTEX_POINT('',#2513);
#722=VERTEX_POINT('',#2514);
#723=VERTEX_POINT('',#2516);
#724=VERTEX_POINT('',#2518);
#725=VERTEX_POINT('',#2522);
#726=VERTEX_POINT('',#2524);
#727=VERTEX_POINT('',#2528);
#728=VERTEX_POINT('',#2529);
#729=VERTEX_POINT('',#2531);
#730=VERTEX_POINT('',#2533);
#731=VERTEX_POINT('',#2543);
#732=VERTEX_POINT('',#2544);
#733=VERTEX_POINT('',#2546);
#734=VERTEX_POINT('',#2548);
#735=VERTEX_POINT('',#2558);
#736=VERTEX_POINT('',#2559);
#737=VERTEX_POINT('',#2561);
#738=VERTEX_POINT('',#2563);
#739=VERTEX_POINT('',#2567);
#740=VERTEX_POINT('',#2568);
#741=VERTEX_POINT('',#2570);
#742=VERTEX_POINT('',#2572);
#743=VERTEX_POINT('',#2574);
#744=VERTEX_POINT('',#2576);
#745=VERTEX_POINT('',#2578);
#746=VERTEX_POINT('',#2580);
#747=VERTEX_POINT('',#2584);
#748=VERTEX_POINT('',#2585);
#749=VERTEX_POINT('',#2587);
#750=VERTEX_POINT('',#2589);
#751=VERTEX_POINT('',#2593);
#752=VERTEX_POINT('',#2594);
#753=VERTEX_POINT('',#2596);
#754=VERTEX_POINT('',#2598);
#755=VERTEX_POINT('',#2619);
#756=VERTEX_POINT('',#2621);
#757=VERTEX_POINT('',#2629);
#758=VERTEX_POINT('',#2630);
#759=VERTEX_POINT('',#2632);
#760=VERTEX_POINT('',#2634);
#761=VERTEX_POINT('',#2636);
#762=VERTEX_POINT('',#2638);
#763=VERTEX_POINT('',#2640);
#764=VERTEX_POINT('',#2642);
#765=VERTEX_POINT('',#2646);
#766=VERTEX_POINT('',#2647);
#767=VERTEX_POINT('',#2649);
#768=VERTEX_POINT('',#2651);
#769=VERTEX_POINT('',#2655);
#770=VERTEX_POINT('',#2656);
#771=VERTEX_POINT('',#2658);
#772=VERTEX_POINT('',#2660);
#773=VERTEX_POINT('',#2664);
#774=VERTEX_POINT('',#2666);
#775=VERTEX_POINT('',#2670);
#776=VERTEX_POINT('',#2686);
#777=VERTEX_POINT('',#2688);
#778=VERTEX_POINT('',#2701);
#779=VERTEX_POINT('',#2705);
#780=VERTEX_POINT('',#2713);
#781=VERTEX_POINT('',#2717);
#782=VERTEX_POINT('',#2721);
#783=EDGE_CURVE('',#645,#645,#563,.T.);
#784=EDGE_CURVE('',#645,#646,#273,.T.);
#785=EDGE_CURVE('',#646,#646,#564,.T.);
#786=EDGE_CURVE('',#647,#648,#274,.T.);
#787=EDGE_CURVE('',#647,#649,#275,.T.);
#788=EDGE_CURVE('',#650,#649,#276,.T.);
#789=EDGE_CURVE('',#648,#650,#277,.T.);
#790=EDGE_CURVE('',#648,#651,#278,.T.);
#791=EDGE_CURVE('',#652,#650,#279,.T.);
#792=EDGE_CURVE('',#651,#652,#280,.T.);
#793=EDGE_CURVE('',#651,#653,#281,.T.);
#794=EDGE_CURVE('',#654,#652,#282,.T.);
#795=EDGE_CURVE('',#653,#654,#283,.T.);
#796=EDGE_CURVE('',#653,#647,#284,.T.);
#797=EDGE_CURVE('',#649,#654,#285,.T.);
#798=EDGE_CURVE('',#655,#656,#565,.T.);
#799=EDGE_CURVE('',#656,#657,#286,.T.);
#800=EDGE_CURVE('',#657,#658,#566,.T.);
#801=EDGE_CURVE('',#658,#655,#287,.T.);
#802=EDGE_CURVE('',#659,#660,#567,.T.);
#803=EDGE_CURVE('',#660,#658,#568,.T.);
#804=EDGE_CURVE('',#657,#659,#569,.T.);
#805=EDGE_CURVE('',#661,#662,#570,.T.);
#806=EDGE_CURVE('',#662,#660,#288,.T.);
#807=EDGE_CURVE('',#659,#661,#289,.T.);
#808=EDGE_CURVE('',#663,#664,#571,.T.);
#809=EDGE_CURVE('',#664,#662,#572,.T.);
#810=EDGE_CURVE('',#661,#663,#573,.T.);
#811=EDGE_CURVE('',#665,#666,#574,.T.);
#812=EDGE_CURVE('',#666,#664,#290,.T.);
#813=EDGE_CURVE('',#663,#665,#291,.T.);
#814=EDGE_CURVE('',#667,#668,#575,.T.);
#815=EDGE_CURVE('',#668,#666,#576,.T.);
#816=EDGE_CURVE('',#665,#667,#577,.T.);
#817=EDGE_CURVE('',#669,#670,#578,.T.);
#818=EDGE_CURVE('',#670,#668,#292,.T.);
#819=EDGE_CURVE('',#667,#669,#293,.T.);
#820=EDGE_CURVE('',#671,#672,#579,.T.);
#821=EDGE_CURVE('',#672,#670,#580,.T.);
#822=EDGE_CURVE('',#669,#671,#581,.T.);
#823=EDGE_CURVE('',#673,#674,#582,.T.);
#824=EDGE_CURVE('',#674,#672,#294,.T.);
#825=EDGE_CURVE('',#671,#673,#295,.T.);
#826=EDGE_CURVE('',#675,#669,#296,.T.);
#827=EDGE_CURVE('',#676,#675,#583,.T.);
#828=EDGE_CURVE('',#676,#671,#297,.T.);
#829=EDGE_CURVE('',#677,#667,#298,.T.);
#830=EDGE_CURVE('',#675,#677,#299,.T.);
#831=EDGE_CURVE('',#678,#665,#300,.T.);
#832=EDGE_CURVE('',#677,#678,#584,.T.);
#833=EDGE_CURVE('',#679,#663,#301,.T.);
#834=EDGE_CURVE('',#678,#679,#302,.T.);
#835=EDGE_CURVE('',#680,#661,#303,.T.);
#836=EDGE_CURVE('',#679,#680,#585,.T.);
#837=EDGE_CURVE('',#681,#659,#304,.T.);
#838=EDGE_CURVE('',#680,#681,#305,.T.);
#839=EDGE_CURVE('',#682,#657,#306,.T.);
#840=EDGE_CURVE('',#681,#682,#586,.T.);
#841=EDGE_CURVE('',#683,#656,#307,.T.);
#842=EDGE_CURVE('',#682,#683,#308,.T.);
#843=EDGE_CURVE('',#684,#655,#309,.T.);
#844=EDGE_CURVE('',#685,#684,#587,.T.);
#845=EDGE_CURVE('',#686,#685,#310,.T.);
#846=EDGE_CURVE('',#683,#686,#311,.T.);
#847=EDGE_CURVE('',#687,#688,#588,.T.);
#848=EDGE_CURVE('',#688,#689,#312,.T.);
#849=EDGE_CURVE('',#689,#690,#589,.T.);
#850=EDGE_CURVE('',#690,#687,#313,.T.);
#851=EDGE_CURVE('',#691,#692,#590,.T.);
#852=EDGE_CURVE('',#692,#690,#591,.T.);
#853=EDGE_CURVE('',#689,#691,#592,.T.);
#854=EDGE_CURVE('',#693,#694,#593,.T.);
#855=EDGE_CURVE('',#694,#692,#314,.T.);
#856=EDGE_CURVE('',#691,#693,#315,.T.);
#857=EDGE_CURVE('',#695,#696,#594,.T.);
#858=EDGE_CURVE('',#696,#694,#595,.T.);
#859=EDGE_CURVE('',#693,#695,#596,.T.);
#860=EDGE_CURVE('',#697,#698,#597,.T.);
#861=EDGE_CURVE('',#698,#696,#316,.T.);
#862=EDGE_CURVE('',#695,#697,#317,.T.);
#863=EDGE_CURVE('',#699,#700,#598,.T.);
#864=EDGE_CURVE('',#700,#698,#599,.T.);
#865=EDGE_CURVE('',#697,#699,#600,.T.);
#866=EDGE_CURVE('',#701,#702,#601,.T.);
#867=EDGE_CURVE('',#702,#700,#318,.T.);
#868=EDGE_CURVE('',#699,#701,#319,.T.);
#869=EDGE_CURVE('',#703,#704,#602,.T.);
#870=EDGE_CURVE('',#704,#702,#603,.T.);
#871=EDGE_CURVE('',#701,#703,#604,.T.);
#872=EDGE_CURVE('',#684,#704,#320,.T.);
#873=EDGE_CURVE('',#703,#685,#321,.T.);
#874=EDGE_CURVE('',#674,#687,#322,.T.);
#875=EDGE_CURVE('',#705,#701,#323,.T.);
#876=EDGE_CURVE('',#706,#705,#605,.T.);
#877=EDGE_CURVE('',#706,#703,#324,.T.);
#878=EDGE_CURVE('',#707,#699,#325,.T.);
#879=EDGE_CURVE('',#705,#707,#326,.T.);
#880=EDGE_CURVE('',#708,#697,#327,.T.);
#881=EDGE_CURVE('',#707,#708,#606,.T.);
#882=EDGE_CURVE('',#709,#695,#328,.T.);
#883=EDGE_CURVE('',#708,#709,#329,.T.);
#884=EDGE_CURVE('',#710,#693,#330,.T.);
#885=EDGE_CURVE('',#709,#710,#607,.T.);
#886=EDGE_CURVE('',#711,#691,#331,.T.);
#887=EDGE_CURVE('',#710,#711,#332,.T.);
#888=EDGE_CURVE('',#712,#689,#333,.T.);
#889=EDGE_CURVE('',#711,#712,#608,.T.);
#890=EDGE_CURVE('',#713,#688,#334,.T.);
#891=EDGE_CURVE('',#712,#713,#335,.T.);
#892=EDGE_CURVE('',#714,#673,#336,.T.);
#893=EDGE_CURVE('',#713,#714,#337,.T.);
#894=EDGE_CURVE('',#714,#676,#338,.T.);
#895=EDGE_CURVE('',#686,#706,#339,.T.);
#896=EDGE_CURVE('',#715,#716,#609,.F.);
#897=EDGE_CURVE('',#716,#717,#340,.T.);
#898=EDGE_CURVE('',#717,#718,#610,.F.);
#899=EDGE_CURVE('',#718,#715,#341,.T.);
#900=EDGE_CURVE('',#719,#716,#342,.T.);
#901=EDGE_CURVE('',#720,#719,#343,.T.);
#902=EDGE_CURVE('',#720,#717,#344,.T.);
#903=EDGE_CURVE('',#721,#722,#611,.F.);
#904=EDGE_CURVE('',#722,#723,#345,.T.);
#905=EDGE_CURVE('',#723,#724,#612,.F.);
#906=EDGE_CURVE('',#724,#721,#346,.T.);
#907=EDGE_CURVE('',#725,#722,#347,.T.);
#908=EDGE_CURVE('',#726,#725,#348,.T.);
#909=EDGE_CURVE('',#726,#723,#349,.T.);
#910=EDGE_CURVE('',#727,#728,#350,.T.);
#911=EDGE_CURVE('',#729,#727,#351,.T.);
#912=EDGE_CURVE('',#730,#729,#352,.T.);
#913=EDGE_CURVE('',#730,#728,#353,.T.);
#914=EDGE_CURVE('',#718,#727,#354,.T.);
#915=EDGE_CURVE('',#729,#720,#355,.T.);
#916=EDGE_CURVE('',#728,#715,#356,.T.);
#917=EDGE_CURVE('',#719,#730,#357,.T.);
#918=EDGE_CURVE('',#731,#732,#358,.T.);
#919=EDGE_CURVE('',#733,#731,#359,.T.);
#920=EDGE_CURVE('',#734,#733,#360,.T.);
#921=EDGE_CURVE('',#734,#732,#361,.T.);
#922=EDGE_CURVE('',#732,#721,#362,.T.);
#923=EDGE_CURVE('',#725,#734,#363,.T.);
#924=EDGE_CURVE('',#724,#731,#364,.T.);
#925=EDGE_CURVE('',#733,#726,#365,.T.);
#926=EDGE_CURVE('',#735,#736,#366,.T.);
#927=EDGE_CURVE('',#737,#735,#367,.T.);
#928=EDGE_CURVE('',#738,#737,#368,.T.);
#929=EDGE_CURVE('',#736,#738,#369,.T.);
#930=EDGE_CURVE('',#739,#740,#370,.T.);
#931=EDGE_CURVE('',#739,#741,#371,.T.);
#932=EDGE_CURVE('',#741,#742,#372,.T.);
#933=EDGE_CURVE('',#742,#743,#373,.T.);
#934=EDGE_CURVE('',#744,#743,#374,.T.);
#935=EDGE_CURVE('',#745,#744,#375,.T.);
#936=EDGE_CURVE('',#746,#745,#376,.T.);
#937=EDGE_CURVE('',#740,#746,#377,.T.);
#938=EDGE_CURVE('',#747,#748,#378,.T.);
#939=EDGE_CURVE('',#749,#747,#379,.T.);
#940=EDGE_CURVE('',#750,#749,#380,.T.);
#941=EDGE_CURVE('',#748,#750,#381,.T.);
#942=EDGE_CURVE('',#751,#752,#382,.T.);
#943=EDGE_CURVE('',#753,#751,#383,.T.);
#944=EDGE_CURVE('',#754,#753,#384,.T.);
#945=EDGE_CURVE('',#752,#754,#385,.T.);
#946=EDGE_CURVE('',#752,#735,#613,.T.);
#947=EDGE_CURVE('',#754,#737,#614,.F.);
#948=EDGE_CURVE('',#750,#738,#615,.F.);
#949=EDGE_CURVE('',#737,#748,#616,.F.);
#950=EDGE_CURVE('',#747,#746,#617,.F.);
#951=EDGE_CURVE('',#745,#749,#618,.F.);
#952=EDGE_CURVE('',#740,#751,#619,.T.);
#953=EDGE_CURVE('',#746,#753,#620,.F.);
#954=EDGE_CURVE('',#748,#754,#621,.F.);
#955=EDGE_CURVE('',#753,#747,#622,.F.);
#956=EDGE_CURVE('',#749,#755,#623,.F.);
#957=EDGE_CURVE('',#755,#756,#386,.T.);
#958=EDGE_CURVE('',#756,#750,#624,.F.);
#959=EDGE_CURVE('',#755,#745,#625,.F.);
#960=EDGE_CURVE('',#738,#756,#626,.F.);
#961=EDGE_CURVE('',#757,#758,#387,.T.);
#962=EDGE_CURVE('',#757,#759,#388,.T.);
#963=EDGE_CURVE('',#759,#760,#389,.T.);
#964=EDGE_CURVE('',#760,#761,#390,.T.);
#965=EDGE_CURVE('',#762,#761,#391,.T.);
#966=EDGE_CURVE('',#762,#763,#392,.T.);
#967=EDGE_CURVE('',#763,#764,#393,.T.);
#968=EDGE_CURVE('',#764,#758,#394,.T.);
#969=EDGE_CURVE('',#765,#766,#395,.T.);
#970=EDGE_CURVE('',#766,#767,#396,.T.);
#971=EDGE_CURVE('',#767,#768,#397,.T.);
#972=EDGE_CURVE('',#768,#765,#398,.T.);
#973=EDGE_CURVE('',#769,#770,#399,.T.);
#974=EDGE_CURVE('',#769,#771,#400,.T.);
#975=EDGE_CURVE('',#771,#772,#401,.T.);
#976=EDGE_CURVE('',#772,#770,#402,.T.);
#977=EDGE_CURVE('',#773,#769,#627,.T.);
#978=EDGE_CURVE('',#774,#773,#403,.T.);
#979=EDGE_CURVE('',#771,#774,#628,.F.);
#980=EDGE_CURVE('',#767,#775,#629,.F.);
#981=EDGE_CURVE('',#774,#766,#630,.F.);
#982=EDGE_CURVE('',#775,#774,#404,.T.);
#983=EDGE_CURVE('',#765,#759,#631,.F.);
#984=EDGE_CURVE('',#760,#768,#632,.F.);
#985=EDGE_CURVE('',#770,#757,#633,.T.);
#986=EDGE_CURVE('',#759,#772,#634,.F.);
#987=EDGE_CURVE('',#766,#771,#635,.F.);
#988=EDGE_CURVE('',#772,#765,#636,.F.);
#989=EDGE_CURVE('',#768,#776,#637,.F.);
#990=EDGE_CURVE('',#777,#767,#638,.F.);
#991=EDGE_CURVE('',#776,#777,#405,.T.);
#992=EDGE_CURVE('',#776,#760,#639,.F.);
#993=EDGE_CURVE('',#775,#777,#640,.F.);
#994=EDGE_CURVE('',#758,#739,#406,.T.);
#995=EDGE_CURVE('',#741,#764,#407,.T.);
#996=EDGE_CURVE('',#742,#763,#408,.T.);
#997=EDGE_CURVE('',#736,#778,#641,.T.);
#998=EDGE_CURVE('',#756,#778,#409,.T.);
#999=EDGE_CURVE('',#778,#779,#410,.T.);
#1000=EDGE_CURVE('',#779,#755,#411,.T.);
#1001=EDGE_CURVE('',#779,#744,#642,.T.);
#1002=EDGE_CURVE('',#743,#762,#412,.T.);
#1003=EDGE_CURVE('',#761,#780,#643,.T.);
#1004=EDGE_CURVE('',#780,#776,#413,.T.);
#1005=EDGE_CURVE('',#780,#781,#414,.T.);
#1006=EDGE_CURVE('',#777,#781,#415,.T.);
#1007=EDGE_CURVE('',#781,#782,#644,.T.);
#1008=EDGE_CURVE('',#782,#775,#416,.T.);
#1009=EDGE_CURVE('',#782,#773,#417,.T.);
#1010=ORIENTED_EDGE('',*,*,#783,.F.);
#1011=ORIENTED_EDGE('',*,*,#784,.T.);
#1012=ORIENTED_EDGE('',*,*,#785,.F.);
#1013=ORIENTED_EDGE('',*,*,#784,.F.);
#1014=ORIENTED_EDGE('',*,*,#786,.F.);
#1015=ORIENTED_EDGE('',*,*,#787,.T.);
#1016=ORIENTED_EDGE('',*,*,#788,.F.);
#1017=ORIENTED_EDGE('',*,*,#789,.F.);
#1018=ORIENTED_EDGE('',*,*,#790,.F.);
#1019=ORIENTED_EDGE('',*,*,#789,.T.);
#1020=ORIENTED_EDGE('',*,*,#791,.F.);
#1021=ORIENTED_EDGE('',*,*,#792,.F.);
#1022=ORIENTED_EDGE('',*,*,#783,.T.);
#1023=ORIENTED_EDGE('',*,*,#793,.F.);
#1024=ORIENTED_EDGE('',*,*,#792,.T.);
#1025=ORIENTED_EDGE('',*,*,#794,.F.);
#1026=ORIENTED_EDGE('',*,*,#795,.F.);
#1027=ORIENTED_EDGE('',*,*,#796,.F.);
#1028=ORIENTED_EDGE('',*,*,#795,.T.);
#1029=ORIENTED_EDGE('',*,*,#797,.F.);
#1030=ORIENTED_EDGE('',*,*,#787,.F.);
#1031=ORIENTED_EDGE('',*,*,#785,.T.);
#1032=ORIENTED_EDGE('',*,*,#797,.T.);
#1033=ORIENTED_EDGE('',*,*,#794,.T.);
#1034=ORIENTED_EDGE('',*,*,#791,.T.);
#1035=ORIENTED_EDGE('',*,*,#788,.T.);
#1036=ORIENTED_EDGE('',*,*,#798,.T.);
#1037=ORIENTED_EDGE('',*,*,#799,.T.);
#1038=ORIENTED_EDGE('',*,*,#800,.T.);
#1039=ORIENTED_EDGE('',*,*,#801,.T.);
#1040=ORIENTED_EDGE('',*,*,#802,.T.);
#1041=ORIENTED_EDGE('',*,*,#803,.T.);
#1042=ORIENTED_EDGE('',*,*,#800,.F.);
#1043=ORIENTED_EDGE('',*,*,#804,.T.);
#1044=ORIENTED_EDGE('',*,*,#805,.T.);
#1045=ORIENTED_EDGE('',*,*,#806,.T.);
#1046=ORIENTED_EDGE('',*,*,#802,.F.);
#1047=ORIENTED_EDGE('',*,*,#807,.T.);
#1048=ORIENTED_EDGE('',*,*,#808,.T.);
#1049=ORIENTED_EDGE('',*,*,#809,.T.);
#1050=ORIENTED_EDGE('',*,*,#805,.F.);
#1051=ORIENTED_EDGE('',*,*,#810,.T.);
#1052=ORIENTED_EDGE('',*,*,#811,.T.);
#1053=ORIENTED_EDGE('',*,*,#812,.T.);
#1054=ORIENTED_EDGE('',*,*,#808,.F.);
#1055=ORIENTED_EDGE('',*,*,#813,.T.);
#1056=ORIENTED_EDGE('',*,*,#814,.T.);
#1057=ORIENTED_EDGE('',*,*,#815,.T.);
#1058=ORIENTED_EDGE('',*,*,#811,.F.);
#1059=ORIENTED_EDGE('',*,*,#816,.T.);
#1060=ORIENTED_EDGE('',*,*,#817,.T.);
#1061=ORIENTED_EDGE('',*,*,#818,.T.);
#1062=ORIENTED_EDGE('',*,*,#814,.F.);
#1063=ORIENTED_EDGE('',*,*,#819,.T.);
#1064=ORIENTED_EDGE('',*,*,#820,.T.);
#1065=ORIENTED_EDGE('',*,*,#821,.T.);
#1066=ORIENTED_EDGE('',*,*,#817,.F.);
#1067=ORIENTED_EDGE('',*,*,#822,.T.);
#1068=ORIENTED_EDGE('',*,*,#823,.T.);
#1069=ORIENTED_EDGE('',*,*,#824,.T.);
#1070=ORIENTED_EDGE('',*,*,#820,.F.);
#1071=ORIENTED_EDGE('',*,*,#825,.T.);
#1072=ORIENTED_EDGE('',*,*,#822,.F.);
#1073=ORIENTED_EDGE('',*,*,#826,.F.);
#1074=ORIENTED_EDGE('',*,*,#827,.F.);
#1075=ORIENTED_EDGE('',*,*,#828,.T.);
#1076=ORIENTED_EDGE('',*,*,#819,.F.);
#1077=ORIENTED_EDGE('',*,*,#829,.F.);
#1078=ORIENTED_EDGE('',*,*,#830,.F.);
#1079=ORIENTED_EDGE('',*,*,#826,.T.);
#1080=ORIENTED_EDGE('',*,*,#816,.F.);
#1081=ORIENTED_EDGE('',*,*,#831,.F.);
#1082=ORIENTED_EDGE('',*,*,#832,.F.);
#1083=ORIENTED_EDGE('',*,*,#829,.T.);
#1084=ORIENTED_EDGE('',*,*,#813,.F.);
#1085=ORIENTED_EDGE('',*,*,#833,.F.);
#1086=ORIENTED_EDGE('',*,*,#834,.F.);
#1087=ORIENTED_EDGE('',*,*,#831,.T.);
#1088=ORIENTED_EDGE('',*,*,#810,.F.);
#1089=ORIENTED_EDGE('',*,*,#835,.F.);
#1090=ORIENTED_EDGE('',*,*,#836,.F.);
#1091=ORIENTED_EDGE('',*,*,#833,.T.);
#1092=ORIENTED_EDGE('',*,*,#807,.F.);
#1093=ORIENTED_EDGE('',*,*,#837,.F.);
#1094=ORIENTED_EDGE('',*,*,#838,.F.);
#1095=ORIENTED_EDGE('',*,*,#835,.T.);
#1096=ORIENTED_EDGE('',*,*,#804,.F.);
#1097=ORIENTED_EDGE('',*,*,#839,.F.);
#1098=ORIENTED_EDGE('',*,*,#840,.F.);
#1099=ORIENTED_EDGE('',*,*,#837,.T.);
#1100=ORIENTED_EDGE('',*,*,#799,.F.);
#1101=ORIENTED_EDGE('',*,*,#841,.F.);
#1102=ORIENTED_EDGE('',*,*,#842,.F.);
#1103=ORIENTED_EDGE('',*,*,#839,.T.);
#1104=ORIENTED_EDGE('',*,*,#798,.F.);
#1105=ORIENTED_EDGE('',*,*,#843,.F.);
#1106=ORIENTED_EDGE('',*,*,#844,.F.);
#1107=ORIENTED_EDGE('',*,*,#845,.F.);
#1108=ORIENTED_EDGE('',*,*,#846,.F.);
#1109=ORIENTED_EDGE('',*,*,#841,.T.);
#1110=ORIENTED_EDGE('',*,*,#847,.T.);
#1111=ORIENTED_EDGE('',*,*,#848,.T.);
#1112=ORIENTED_EDGE('',*,*,#849,.T.);
#1113=ORIENTED_EDGE('',*,*,#850,.T.);
#1114=ORIENTED_EDGE('',*,*,#851,.T.);
#1115=ORIENTED_EDGE('',*,*,#852,.T.);
#1116=ORIENTED_EDGE('',*,*,#849,.F.);
#1117=ORIENTED_EDGE('',*,*,#853,.T.);
#1118=ORIENTED_EDGE('',*,*,#854,.T.);
#1119=ORIENTED_EDGE('',*,*,#855,.T.);
#1120=ORIENTED_EDGE('',*,*,#851,.F.);
#1121=ORIENTED_EDGE('',*,*,#856,.T.);
#1122=ORIENTED_EDGE('',*,*,#857,.T.);
#1123=ORIENTED_EDGE('',*,*,#858,.T.);
#1124=ORIENTED_EDGE('',*,*,#854,.F.);
#1125=ORIENTED_EDGE('',*,*,#859,.T.);
#1126=ORIENTED_EDGE('',*,*,#860,.T.);
#1127=ORIENTED_EDGE('',*,*,#861,.T.);
#1128=ORIENTED_EDGE('',*,*,#857,.F.);
#1129=ORIENTED_EDGE('',*,*,#862,.T.);
#1130=ORIENTED_EDGE('',*,*,#863,.T.);
#1131=ORIENTED_EDGE('',*,*,#864,.T.);
#1132=ORIENTED_EDGE('',*,*,#860,.F.);
#1133=ORIENTED_EDGE('',*,*,#865,.T.);
#1134=ORIENTED_EDGE('',*,*,#866,.T.);
#1135=ORIENTED_EDGE('',*,*,#867,.T.);
#1136=ORIENTED_EDGE('',*,*,#863,.F.);
#1137=ORIENTED_EDGE('',*,*,#868,.T.);
#1138=ORIENTED_EDGE('',*,*,#869,.T.);
#1139=ORIENTED_EDGE('',*,*,#870,.T.);
#1140=ORIENTED_EDGE('',*,*,#866,.F.);
#1141=ORIENTED_EDGE('',*,*,#871,.T.);
#1142=ORIENTED_EDGE('',*,*,#844,.T.);
#1143=ORIENTED_EDGE('',*,*,#872,.T.);
#1144=ORIENTED_EDGE('',*,*,#869,.F.);
#1145=ORIENTED_EDGE('',*,*,#873,.T.);
#1146=ORIENTED_EDGE('',*,*,#824,.F.);
#1147=ORIENTED_EDGE('',*,*,#874,.T.);
#1148=ORIENTED_EDGE('',*,*,#850,.F.);
#1149=ORIENTED_EDGE('',*,*,#852,.F.);
#1150=ORIENTED_EDGE('',*,*,#855,.F.);
#1151=ORIENTED_EDGE('',*,*,#858,.F.);
#1152=ORIENTED_EDGE('',*,*,#861,.F.);
#1153=ORIENTED_EDGE('',*,*,#864,.F.);
#1154=ORIENTED_EDGE('',*,*,#867,.F.);
#1155=ORIENTED_EDGE('',*,*,#870,.F.);
#1156=ORIENTED_EDGE('',*,*,#872,.F.);
#1157=ORIENTED_EDGE('',*,*,#843,.T.);
#1158=ORIENTED_EDGE('',*,*,#801,.F.);
#1159=ORIENTED_EDGE('',*,*,#803,.F.);
#1160=ORIENTED_EDGE('',*,*,#806,.F.);
#1161=ORIENTED_EDGE('',*,*,#809,.F.);
#1162=ORIENTED_EDGE('',*,*,#812,.F.);
#1163=ORIENTED_EDGE('',*,*,#815,.F.);
#1164=ORIENTED_EDGE('',*,*,#818,.F.);
#1165=ORIENTED_EDGE('',*,*,#821,.F.);
#1166=ORIENTED_EDGE('',*,*,#871,.F.);
#1167=ORIENTED_EDGE('',*,*,#875,.F.);
#1168=ORIENTED_EDGE('',*,*,#876,.F.);
#1169=ORIENTED_EDGE('',*,*,#877,.T.);
#1170=ORIENTED_EDGE('',*,*,#868,.F.);
#1171=ORIENTED_EDGE('',*,*,#878,.F.);
#1172=ORIENTED_EDGE('',*,*,#879,.F.);
#1173=ORIENTED_EDGE('',*,*,#875,.T.);
#1174=ORIENTED_EDGE('',*,*,#865,.F.);
#1175=ORIENTED_EDGE('',*,*,#880,.F.);
#1176=ORIENTED_EDGE('',*,*,#881,.F.);
#1177=ORIENTED_EDGE('',*,*,#878,.T.);
#1178=ORIENTED_EDGE('',*,*,#862,.F.);
#1179=ORIENTED_EDGE('',*,*,#882,.F.);
#1180=ORIENTED_EDGE('',*,*,#883,.F.);
#1181=ORIENTED_EDGE('',*,*,#880,.T.);
#1182=ORIENTED_EDGE('',*,*,#859,.F.);
#1183=ORIENTED_EDGE('',*,*,#884,.F.);
#1184=ORIENTED_EDGE('',*,*,#885,.F.);
#1185=ORIENTED_EDGE('',*,*,#882,.T.);
#1186=ORIENTED_EDGE('',*,*,#856,.F.);
#1187=ORIENTED_EDGE('',*,*,#886,.F.);
#1188=ORIENTED_EDGE('',*,*,#887,.F.);
#1189=ORIENTED_EDGE('',*,*,#884,.T.);
#1190=ORIENTED_EDGE('',*,*,#853,.F.);
#1191=ORIENTED_EDGE('',*,*,#888,.F.);
#1192=ORIENTED_EDGE('',*,*,#889,.F.);
#1193=ORIENTED_EDGE('',*,*,#886,.T.);
#1194=ORIENTED_EDGE('',*,*,#848,.F.);
#1195=ORIENTED_EDGE('',*,*,#890,.F.);
#1196=ORIENTED_EDGE('',*,*,#891,.F.);
#1197=ORIENTED_EDGE('',*,*,#888,.T.);
#1198=ORIENTED_EDGE('',*,*,#823,.F.);
#1199=ORIENTED_EDGE('',*,*,#892,.F.);
#1200=ORIENTED_EDGE('',*,*,#893,.F.);
#1201=ORIENTED_EDGE('',*,*,#890,.T.);
#1202=ORIENTED_EDGE('',*,*,#847,.F.);
#1203=ORIENTED_EDGE('',*,*,#874,.F.);
#1204=ORIENTED_EDGE('',*,*,#825,.F.);
#1205=ORIENTED_EDGE('',*,*,#828,.F.);
#1206=ORIENTED_EDGE('',*,*,#894,.F.);
#1207=ORIENTED_EDGE('',*,*,#892,.T.);
#1208=ORIENTED_EDGE('',*,*,#873,.F.);
#1209=ORIENTED_EDGE('',*,*,#877,.F.);
#1210=ORIENTED_EDGE('',*,*,#895,.F.);
#1211=ORIENTED_EDGE('',*,*,#845,.T.);
#1212=ORIENTED_EDGE('',*,*,#896,.T.);
#1213=ORIENTED_EDGE('',*,*,#897,.T.);
#1214=ORIENTED_EDGE('',*,*,#898,.T.);
#1215=ORIENTED_EDGE('',*,*,#899,.T.);
#1216=ORIENTED_EDGE('',*,*,#897,.F.);
#1217=ORIENTED_EDGE('',*,*,#900,.F.);
#1218=ORIENTED_EDGE('',*,*,#901,.F.);
#1219=ORIENTED_EDGE('',*,*,#902,.T.);
#1220=ORIENTED_EDGE('',*,*,#903,.T.);
#1221=ORIENTED_EDGE('',*,*,#904,.T.);
#1222=ORIENTED_EDGE('',*,*,#905,.T.);
#1223=ORIENTED_EDGE('',*,*,#906,.T.);
#1224=ORIENTED_EDGE('',*,*,#904,.F.);
#1225=ORIENTED_EDGE('',*,*,#907,.F.);
#1226=ORIENTED_EDGE('',*,*,#908,.F.);
#1227=ORIENTED_EDGE('',*,*,#909,.T.);
#1228=ORIENTED_EDGE('',*,*,#910,.F.);
#1229=ORIENTED_EDGE('',*,*,#911,.F.);
#1230=ORIENTED_EDGE('',*,*,#912,.F.);
#1231=ORIENTED_EDGE('',*,*,#913,.T.);
#1232=ORIENTED_EDGE('',*,*,#914,.F.);
#1233=ORIENTED_EDGE('',*,*,#898,.F.);
#1234=ORIENTED_EDGE('',*,*,#902,.F.);
#1235=ORIENTED_EDGE('',*,*,#915,.F.);
#1236=ORIENTED_EDGE('',*,*,#911,.T.);
#1237=ORIENTED_EDGE('',*,*,#916,.F.);
#1238=ORIENTED_EDGE('',*,*,#913,.F.);
#1239=ORIENTED_EDGE('',*,*,#917,.F.);
#1240=ORIENTED_EDGE('',*,*,#900,.T.);
#1241=ORIENTED_EDGE('',*,*,#896,.F.);
#1242=ORIENTED_EDGE('',*,*,#918,.F.);
#1243=ORIENTED_EDGE('',*,*,#919,.F.);
#1244=ORIENTED_EDGE('',*,*,#920,.F.);
#1245=ORIENTED_EDGE('',*,*,#921,.T.);
#1246=ORIENTED_EDGE('',*,*,#922,.F.);
#1247=ORIENTED_EDGE('',*,*,#921,.F.);
#1248=ORIENTED_EDGE('',*,*,#923,.F.);
#1249=ORIENTED_EDGE('',*,*,#907,.T.);
#1250=ORIENTED_EDGE('',*,*,#903,.F.);
#1251=ORIENTED_EDGE('',*,*,#924,.F.);
#1252=ORIENTED_EDGE('',*,*,#905,.F.);
#1253=ORIENTED_EDGE('',*,*,#909,.F.);
#1254=ORIENTED_EDGE('',*,*,#925,.F.);
#1255=ORIENTED_EDGE('',*,*,#919,.T.);
#1256=ORIENTED_EDGE('',*,*,#926,.F.);
#1257=ORIENTED_EDGE('',*,*,#927,.F.);
#1258=ORIENTED_EDGE('',*,*,#928,.F.);
#1259=ORIENTED_EDGE('',*,*,#929,.F.);
#1260=ORIENTED_EDGE('',*,*,#786,.T.);
#1261=ORIENTED_EDGE('',*,*,#790,.T.);
#1262=ORIENTED_EDGE('',*,*,#793,.T.);
#1263=ORIENTED_EDGE('',*,*,#796,.T.);
#1264=ORIENTED_EDGE('',*,*,#930,.F.);
#1265=ORIENTED_EDGE('',*,*,#931,.T.);
#1266=ORIENTED_EDGE('',*,*,#932,.T.);
#1267=ORIENTED_EDGE('',*,*,#933,.T.);
#1268=ORIENTED_EDGE('',*,*,#934,.F.);
#1269=ORIENTED_EDGE('',*,*,#935,.F.);
#1270=ORIENTED_EDGE('',*,*,#936,.F.);
#1271=ORIENTED_EDGE('',*,*,#937,.F.);
#1272=ORIENTED_EDGE('',*,*,#938,.F.);
#1273=ORIENTED_EDGE('',*,*,#939,.F.);
#1274=ORIENTED_EDGE('',*,*,#940,.F.);
#1275=ORIENTED_EDGE('',*,*,#941,.F.);
#1276=ORIENTED_EDGE('',*,*,#942,.F.);
#1277=ORIENTED_EDGE('',*,*,#943,.F.);
#1278=ORIENTED_EDGE('',*,*,#944,.F.);
#1279=ORIENTED_EDGE('',*,*,#945,.F.);
#1280=ORIENTED_EDGE('',*,*,#912,.T.);
#1281=ORIENTED_EDGE('',*,*,#915,.T.);
#1282=ORIENTED_EDGE('',*,*,#901,.T.);
#1283=ORIENTED_EDGE('',*,*,#917,.T.);
#1284=ORIENTED_EDGE('',*,*,#946,.F.);
#1285=ORIENTED_EDGE('',*,*,#945,.T.);
#1286=ORIENTED_EDGE('',*,*,#947,.T.);
#1287=ORIENTED_EDGE('',*,*,#927,.T.);
#1288=ORIENTED_EDGE('',*,*,#948,.T.);
#1289=ORIENTED_EDGE('',*,*,#928,.T.);
#1290=ORIENTED_EDGE('',*,*,#949,.T.);
#1291=ORIENTED_EDGE('',*,*,#941,.T.);
#1292=ORIENTED_EDGE('',*,*,#950,.T.);
#1293=ORIENTED_EDGE('',*,*,#936,.T.);
#1294=ORIENTED_EDGE('',*,*,#951,.T.);
#1295=ORIENTED_EDGE('',*,*,#939,.T.);
#1296=ORIENTED_EDGE('',*,*,#952,.F.);
#1297=ORIENTED_EDGE('',*,*,#937,.T.);
#1298=ORIENTED_EDGE('',*,*,#953,.T.);
#1299=ORIENTED_EDGE('',*,*,#943,.T.);
#1300=ORIENTED_EDGE('',*,*,#954,.T.);
#1301=ORIENTED_EDGE('',*,*,#944,.T.);
#1302=ORIENTED_EDGE('',*,*,#955,.T.);
#1303=ORIENTED_EDGE('',*,*,#938,.T.);
#1304=ORIENTED_EDGE('',*,*,#950,.F.);
#1305=ORIENTED_EDGE('',*,*,#955,.F.);
#1306=ORIENTED_EDGE('',*,*,#953,.F.);
#1307=ORIENTED_EDGE('',*,*,#947,.F.);
#1308=ORIENTED_EDGE('',*,*,#954,.F.);
#1309=ORIENTED_EDGE('',*,*,#949,.F.);
#1310=ORIENTED_EDGE('',*,*,#956,.T.);
#1311=ORIENTED_EDGE('',*,*,#957,.T.);
#1312=ORIENTED_EDGE('',*,*,#958,.T.);
#1313=ORIENTED_EDGE('',*,*,#940,.T.);
#1314=ORIENTED_EDGE('',*,*,#959,.F.);
#1315=ORIENTED_EDGE('',*,*,#956,.F.);
#1316=ORIENTED_EDGE('',*,*,#951,.F.);
#1317=ORIENTED_EDGE('',*,*,#960,.F.);
#1318=ORIENTED_EDGE('',*,*,#948,.F.);
#1319=ORIENTED_EDGE('',*,*,#958,.F.);
#1320=ORIENTED_EDGE('',*,*,#961,.F.);
#1321=ORIENTED_EDGE('',*,*,#962,.T.);
#1322=ORIENTED_EDGE('',*,*,#963,.T.);
#1323=ORIENTED_EDGE('',*,*,#964,.T.);
#1324=ORIENTED_EDGE('',*,*,#965,.F.);
#1325=ORIENTED_EDGE('',*,*,#966,.T.);
#1326=ORIENTED_EDGE('',*,*,#967,.T.);
#1327=ORIENTED_EDGE('',*,*,#968,.T.);
#1328=ORIENTED_EDGE('',*,*,#969,.T.);
#1329=ORIENTED_EDGE('',*,*,#970,.T.);
#1330=ORIENTED_EDGE('',*,*,#971,.T.);
#1331=ORIENTED_EDGE('',*,*,#972,.T.);
#1332=ORIENTED_EDGE('',*,*,#973,.F.);
#1333=ORIENTED_EDGE('',*,*,#974,.T.);
#1334=ORIENTED_EDGE('',*,*,#975,.T.);
#1335=ORIENTED_EDGE('',*,*,#976,.T.);
#1336=ORIENTED_EDGE('',*,*,#914,.T.);
#1337=ORIENTED_EDGE('',*,*,#910,.T.);
#1338=ORIENTED_EDGE('',*,*,#916,.T.);
#1339=ORIENTED_EDGE('',*,*,#899,.F.);
#1340=ORIENTED_EDGE('',*,*,#977,.F.);
#1341=ORIENTED_EDGE('',*,*,#978,.F.);
#1342=ORIENTED_EDGE('',*,*,#979,.F.);
#1343=ORIENTED_EDGE('',*,*,#974,.F.);
#1344=ORIENTED_EDGE('',*,*,#980,.F.);
#1345=ORIENTED_EDGE('',*,*,#970,.F.);
#1346=ORIENTED_EDGE('',*,*,#981,.F.);
#1347=ORIENTED_EDGE('',*,*,#982,.F.);
#1348=ORIENTED_EDGE('',*,*,#983,.F.);
#1349=ORIENTED_EDGE('',*,*,#972,.F.);
#1350=ORIENTED_EDGE('',*,*,#984,.F.);
#1351=ORIENTED_EDGE('',*,*,#963,.F.);
#1352=ORIENTED_EDGE('',*,*,#985,.F.);
#1353=ORIENTED_EDGE('',*,*,#976,.F.);
#1354=ORIENTED_EDGE('',*,*,#986,.F.);
#1355=ORIENTED_EDGE('',*,*,#962,.F.);
#1356=ORIENTED_EDGE('',*,*,#987,.F.);
#1357=ORIENTED_EDGE('',*,*,#969,.F.);
#1358=ORIENTED_EDGE('',*,*,#988,.F.);
#1359=ORIENTED_EDGE('',*,*,#975,.F.);
#1360=ORIENTED_EDGE('',*,*,#983,.T.);
#1361=ORIENTED_EDGE('',*,*,#986,.T.);
#1362=ORIENTED_EDGE('',*,*,#988,.T.);
#1363=ORIENTED_EDGE('',*,*,#979,.T.);
#1364=ORIENTED_EDGE('',*,*,#981,.T.);
#1365=ORIENTED_EDGE('',*,*,#987,.T.);
#1366=ORIENTED_EDGE('',*,*,#989,.F.);
#1367=ORIENTED_EDGE('',*,*,#971,.F.);
#1368=ORIENTED_EDGE('',*,*,#990,.F.);
#1369=ORIENTED_EDGE('',*,*,#991,.F.);
#1370=ORIENTED_EDGE('',*,*,#992,.T.);
#1371=ORIENTED_EDGE('',*,*,#984,.T.);
#1372=ORIENTED_EDGE('',*,*,#989,.T.);
#1373=ORIENTED_EDGE('',*,*,#993,.T.);
#1374=ORIENTED_EDGE('',*,*,#990,.T.);
#1375=ORIENTED_EDGE('',*,*,#980,.T.);
#1376=ORIENTED_EDGE('',*,*,#994,.F.);
#1377=ORIENTED_EDGE('',*,*,#968,.F.);
#1378=ORIENTED_EDGE('',*,*,#995,.F.);
#1379=ORIENTED_EDGE('',*,*,#931,.F.);
#1380=ORIENTED_EDGE('',*,*,#967,.F.);
#1381=ORIENTED_EDGE('',*,*,#996,.F.);
#1382=ORIENTED_EDGE('',*,*,#932,.F.);
#1383=ORIENTED_EDGE('',*,*,#995,.T.);
#1384=ORIENTED_EDGE('',*,*,#997,.F.);
#1385=ORIENTED_EDGE('',*,*,#929,.T.);
#1386=ORIENTED_EDGE('',*,*,#960,.T.);
#1387=ORIENTED_EDGE('',*,*,#998,.T.);
#1388=ORIENTED_EDGE('',*,*,#999,.F.);
#1389=ORIENTED_EDGE('',*,*,#998,.F.);
#1390=ORIENTED_EDGE('',*,*,#957,.F.);
#1391=ORIENTED_EDGE('',*,*,#1000,.F.);
#1392=ORIENTED_EDGE('',*,*,#920,.T.);
#1393=ORIENTED_EDGE('',*,*,#925,.T.);
#1394=ORIENTED_EDGE('',*,*,#908,.T.);
#1395=ORIENTED_EDGE('',*,*,#923,.T.);
#1396=ORIENTED_EDGE('',*,*,#1001,.F.);
#1397=ORIENTED_EDGE('',*,*,#1000,.T.);
#1398=ORIENTED_EDGE('',*,*,#959,.T.);
#1399=ORIENTED_EDGE('',*,*,#935,.T.);
#1400=ORIENTED_EDGE('',*,*,#1002,.F.);
#1401=ORIENTED_EDGE('',*,*,#933,.F.);
#1402=ORIENTED_EDGE('',*,*,#996,.T.);
#1403=ORIENTED_EDGE('',*,*,#966,.F.);
#1404=ORIENTED_EDGE('',*,*,#1003,.F.);
#1405=ORIENTED_EDGE('',*,*,#964,.F.);
#1406=ORIENTED_EDGE('',*,*,#992,.F.);
#1407=ORIENTED_EDGE('',*,*,#1004,.F.);
#1408=ORIENTED_EDGE('',*,*,#1005,.F.);
#1409=ORIENTED_EDGE('',*,*,#1004,.T.);
#1410=ORIENTED_EDGE('',*,*,#991,.T.);
#1411=ORIENTED_EDGE('',*,*,#1006,.T.);
#1412=ORIENTED_EDGE('',*,*,#924,.T.);
#1413=ORIENTED_EDGE('',*,*,#918,.T.);
#1414=ORIENTED_EDGE('',*,*,#922,.T.);
#1415=ORIENTED_EDGE('',*,*,#906,.F.);
#1416=ORIENTED_EDGE('',*,*,#1007,.F.);
#1417=ORIENTED_EDGE('',*,*,#1006,.F.);
#1418=ORIENTED_EDGE('',*,*,#993,.F.);
#1419=ORIENTED_EDGE('',*,*,#1008,.F.);
#1420=ORIENTED_EDGE('',*,*,#1009,.F.);
#1421=ORIENTED_EDGE('',*,*,#1008,.T.);
#1422=ORIENTED_EDGE('',*,*,#982,.T.);
#1423=ORIENTED_EDGE('',*,*,#978,.T.);
#1424=ORIENTED_EDGE('',*,*,#997,.T.);
#1425=ORIENTED_EDGE('',*,*,#999,.T.);
#1426=ORIENTED_EDGE('',*,*,#1001,.T.);
#1427=ORIENTED_EDGE('',*,*,#934,.T.);
#1428=ORIENTED_EDGE('',*,*,#1002,.T.);
#1429=ORIENTED_EDGE('',*,*,#965,.T.);
#1430=ORIENTED_EDGE('',*,*,#1003,.T.);
#1431=ORIENTED_EDGE('',*,*,#1005,.T.);
#1432=ORIENTED_EDGE('',*,*,#1007,.T.);
#1433=ORIENTED_EDGE('',*,*,#1009,.T.);
#1434=ORIENTED_EDGE('',*,*,#977,.T.);
#1435=ORIENTED_EDGE('',*,*,#973,.T.);
#1436=ORIENTED_EDGE('',*,*,#985,.T.);
#1437=ORIENTED_EDGE('',*,*,#961,.T.);
#1438=ORIENTED_EDGE('',*,*,#994,.T.);
#1439=ORIENTED_EDGE('',*,*,#930,.T.);
#1440=ORIENTED_EDGE('',*,*,#952,.T.);
#1441=ORIENTED_EDGE('',*,*,#942,.T.);
#1442=ORIENTED_EDGE('',*,*,#946,.T.);
#1443=ORIENTED_EDGE('',*,*,#926,.T.);
#1444=ORIENTED_EDGE('',*,*,#876,.T.);
#1445=ORIENTED_EDGE('',*,*,#879,.T.);
#1446=ORIENTED_EDGE('',*,*,#881,.T.);
#1447=ORIENTED_EDGE('',*,*,#883,.T.);
#1448=ORIENTED_EDGE('',*,*,#885,.T.);
#1449=ORIENTED_EDGE('',*,*,#887,.T.);
#1450=ORIENTED_EDGE('',*,*,#889,.T.);
#1451=ORIENTED_EDGE('',*,*,#891,.T.);
#1452=ORIENTED_EDGE('',*,*,#893,.T.);
#1453=ORIENTED_EDGE('',*,*,#894,.T.);
#1454=ORIENTED_EDGE('',*,*,#827,.T.);
#1455=ORIENTED_EDGE('',*,*,#830,.T.);
#1456=ORIENTED_EDGE('',*,*,#832,.T.);
#1457=ORIENTED_EDGE('',*,*,#834,.T.);
#1458=ORIENTED_EDGE('',*,*,#836,.T.);
#1459=ORIENTED_EDGE('',*,*,#838,.T.);
#1460=ORIENTED_EDGE('',*,*,#840,.T.);
#1461=ORIENTED_EDGE('',*,*,#842,.T.);
#1462=ORIENTED_EDGE('',*,*,#846,.T.);
#1463=ORIENTED_EDGE('',*,*,#895,.T.);
#1464=CYLINDRICAL_SURFACE('',#1596,2.);
#1465=CYLINDRICAL_SURFACE('',#1604,0.1);
#1466=CYLINDRICAL_SURFACE('',#1611,0.1);
#1467=CYLINDRICAL_SURFACE('',#1617,0.1);
#1468=CYLINDRICAL_SURFACE('',#1623,0.1);
#1469=CYLINDRICAL_SURFACE('',#1629,0.1);
#1470=CYLINDRICAL_SURFACE('',#1631,0.754505824591647);
#1471=CYLINDRICAL_SURFACE('',#1634,0.754505824591645);
#1472=CYLINDRICAL_SURFACE('',#1637,0.754505824591643);
#1473=CYLINDRICAL_SURFACE('',#1640,0.754505824591645);
#1474=CYLINDRICAL_SURFACE('',#1645,0.1);
#1475=CYLINDRICAL_SURFACE('',#1652,0.1);
#1476=CYLINDRICAL_SURFACE('',#1658,0.1);
#1477=CYLINDRICAL_SURFACE('',#1664,0.1);
#1478=CYLINDRICAL_SURFACE('',#1670,0.1);
#1479=CYLINDRICAL_SURFACE('',#1672,0.445494175408354);
#1480=CYLINDRICAL_SURFACE('',#1675,0.445494175408354);
#1481=CYLINDRICAL_SURFACE('',#1678,0.445494175408356);
#1482=CYLINDRICAL_SURFACE('',#1681,0.445494175408356);
#1483=CYLINDRICAL_SURFACE('',#1687,0.5);
#1484=CYLINDRICAL_SURFACE('',#1691,0.5);
#1485=CYLINDRICAL_SURFACE('',#1705,1.);
#1486=CYLINDRICAL_SURFACE('',#1708,1.);
#1487=CYLINDRICAL_SURFACE('',#1711,1.);
#1488=CYLINDRICAL_SURFACE('',#1714,1.);
#1489=CYLINDRICAL_SURFACE('',#1717,1.);
#1490=CYLINDRICAL_SURFACE('',#1722,1.);
#1491=CYLINDRICAL_SURFACE('',#1732,0.2);
#1492=CYLINDRICAL_SURFACE('',#1735,0.2);
#1493=CYLINDRICAL_SURFACE('',#1738,0.2);
#1494=CYLINDRICAL_SURFACE('',#1741,0.2);
#1495=CYLINDRICAL_SURFACE('',#1744,0.2);
#1496=CYLINDRICAL_SURFACE('',#1749,0.2);
#1497=CYLINDRICAL_SURFACE('',#1758,1.);
#1498=CYLINDRICAL_SURFACE('',#1761,1.);
#1499=CYLINDRICAL_SURFACE('',#1764,0.2);
#1500=CYLINDRICAL_SURFACE('',#1767,0.2);
#1501=ADVANCED_FACE('',(#79),#1464,.F.);
#1502=ADVANCED_FACE('',(#80),#39,.T.);
#1503=ADVANCED_FACE('',(#81,#31),#40,.T.);
#1504=ADVANCED_FACE('',(#82),#41,.T.);
#1505=ADVANCED_FACE('',(#83,#32),#42,.T.);
#1506=ADVANCED_FACE('',(#84),#43,.T.);
#1507=ADVANCED_FACE('',(#85),#1465,.T.);
#1508=ADVANCED_FACE('',(#86),#23,.T.);
#1509=ADVANCED_FACE('',(#87),#1466,.T.);
#1510=ADVANCED_FACE('',(#88),#24,.T.);
#1511=ADVANCED_FACE('',(#89),#1467,.T.);
#1512=ADVANCED_FACE('',(#90),#25,.T.);
#1513=ADVANCED_FACE('',(#91),#1468,.T.);
#1514=ADVANCED_FACE('',(#92),#26,.T.);
#1515=ADVANCED_FACE('',(#93),#1469,.T.);
#1516=ADVANCED_FACE('',(#94),#1470,.T.);
#1517=ADVANCED_FACE('',(#95),#44,.T.);
#1518=ADVANCED_FACE('',(#96),#1471,.T.);
#1519=ADVANCED_FACE('',(#97),#45,.T.);
#1520=ADVANCED_FACE('',(#98),#1472,.T.);
#1521=ADVANCED_FACE('',(#99),#46,.T.);
#1522=ADVANCED_FACE('',(#100),#1473,.T.);
#1523=ADVANCED_FACE('',(#101),#47,.T.);
#1524=ADVANCED_FACE('',(#102),#48,.T.);
#1525=ADVANCED_FACE('',(#103),#1474,.T.);
#1526=ADVANCED_FACE('',(#104),#27,.T.);
#1527=ADVANCED_FACE('',(#105),#1475,.T.);
#1528=ADVANCED_FACE('',(#106),#28,.T.);
#1529=ADVANCED_FACE('',(#107),#1476,.T.);
#1530=ADVANCED_FACE('',(#108),#29,.T.);
#1531=ADVANCED_FACE('',(#109),#1477,.T.);
#1532=ADVANCED_FACE('',(#110),#30,.T.);
#1533=ADVANCED_FACE('',(#111),#1478,.T.);
#1534=ADVANCED_FACE('',(#112),#49,.T.);
#1535=ADVANCED_FACE('',(#113),#1479,.F.);
#1536=ADVANCED_FACE('',(#114),#50,.T.);
#1537=ADVANCED_FACE('',(#115),#1480,.F.);
#1538=ADVANCED_FACE('',(#116),#51,.T.);
#1539=ADVANCED_FACE('',(#117),#1481,.F.);
#1540=ADVANCED_FACE('',(#118),#52,.T.);
#1541=ADVANCED_FACE('',(#119),#1482,.F.);
#1542=ADVANCED_FACE('',(#120),#53,.T.);
#1543=ADVANCED_FACE('',(#121),#54,.T.);
#1544=ADVANCED_FACE('',(#122),#55,.T.);
#1545=ADVANCED_FACE('',(#123),#56,.T.);
#1546=ADVANCED_FACE('',(#124),#1483,.T.);
#1547=ADVANCED_FACE('',(#125),#57,.T.);
#1548=ADVANCED_FACE('',(#126),#1484,.T.);
#1549=ADVANCED_FACE('',(#127),#58,.F.);
#1550=ADVANCED_FACE('',(#128),#59,.T.);
#1551=ADVANCED_FACE('',(#129),#60,.T.);
#1552=ADVANCED_FACE('',(#130),#61,.T.);
#1553=ADVANCED_FACE('',(#131),#62,.F.);
#1554=ADVANCED_FACE('',(#132),#63,.F.);
#1555=ADVANCED_FACE('',(#133),#64,.F.);
#1556=ADVANCED_FACE('',(#134,#33),#65,.T.);
#1557=ADVANCED_FACE('',(#135),#66,.T.);
#1558=ADVANCED_FACE('',(#136),#67,.F.);
#1559=ADVANCED_FACE('',(#137,#34),#68,.T.);
#1560=ADVANCED_FACE('',(#138),#1485,.T.);
#1561=ADVANCED_FACE('',(#139),#1486,.T.);
#1562=ADVANCED_FACE('',(#140),#1487,.T.);
#1563=ADVANCED_FACE('',(#141),#1488,.T.);
#1564=ADVANCED_FACE('',(#142),#1489,.T.);
#1565=ADVANCED_FACE('',(#143),#15,.T.);
#1566=ADVANCED_FACE('',(#144),#16,.T.);
#1567=ADVANCED_FACE('',(#145),#1490,.T.);
#1568=ADVANCED_FACE('',(#146),#17,.T.);
#1569=ADVANCED_FACE('',(#147),#18,.T.);
#1570=ADVANCED_FACE('',(#148),#69,.F.);
#1571=ADVANCED_FACE('',(#149),#70,.T.);
#1572=ADVANCED_FACE('',(#150,#35),#71,.F.);
#1573=ADVANCED_FACE('',(#151),#1491,.F.);
#1574=ADVANCED_FACE('',(#152),#1492,.F.);
#1575=ADVANCED_FACE('',(#153),#1493,.F.);
#1576=ADVANCED_FACE('',(#154),#1494,.F.);
#1577=ADVANCED_FACE('',(#155),#1495,.F.);
#1578=ADVANCED_FACE('',(#156),#19,.F.);
#1579=ADVANCED_FACE('',(#157),#20,.F.);
#1580=ADVANCED_FACE('',(#158),#1496,.F.);
#1581=ADVANCED_FACE('',(#159),#21,.F.);
#1582=ADVANCED_FACE('',(#160),#22,.F.);
#1583=ADVANCED_FACE('',(#161),#72,.F.);
#1584=ADVANCED_FACE('',(#162),#73,.F.);
#1585=ADVANCED_FACE('',(#163),#1497,.T.);
#1586=ADVANCED_FACE('',(#164,#36),#74,.T.);
#1587=ADVANCED_FACE('',(#165),#1498,.T.);
#1588=ADVANCED_FACE('',(#166),#75,.F.);
#1589=ADVANCED_FACE('',(#167),#1499,.F.);
#1590=ADVANCED_FACE('',(#168,#37),#76,.F.);
#1591=ADVANCED_FACE('',(#169),#1500,.F.);
#1592=ADVANCED_FACE('',(#170),#77,.F.);
#1593=ADVANCED_FACE('',(#171,#38),#78,.T.);
#1594=CLOSED_SHELL('',(#1501,#1502,#1503,#1504,#1505,#1506,#1507,#1508,
#1509,#1510,#1511,#1512,#1513,#1514,#1515,#1516,#1517,#1518,#1519,#1520,
#1521,#1522,#1523,#1524,#1525,#1526,#1527,#1528,#1529,#1530,#1531,#1532,
#1533,#1534,#1535,#1536,#1537,#1538,#1539,#1540,#1541,#1542,#1543,#1544,
#1545,#1546,#1547,#1548,#1549,#1550,#1551,#1552,#1553,#1554,#1555,#1556,
#1557,#1558,#1559,#1560,#1561,#1562,#1563,#1564,#1565,#1566,#1567,#1568,
#1569,#1570,#1571,#1572,#1573,#1574,#1575,#1576,#1577,#1578,#1579,#1580,
#1581,#1582,#1583,#1584,#1585,#1586,#1587,#1588,#1589,#1590,#1591,#1592,
#1593));
#1595=AXIS2_PLACEMENT_3D('',#2268,#1771,#1772);
#1596=AXIS2_PLACEMENT_3D('',#2269,#1773,#1774);
#1597=AXIS2_PLACEMENT_3D('',#2271,#1775,#1776);
#1598=AXIS2_PLACEMENT_3D('',#2274,#1778,#1779);
#1599=AXIS2_PLACEMENT_3D('',#2275,#1780,#1781);
#1600=AXIS2_PLACEMENT_3D('',#2284,#1786,#1787);
#1601=AXIS2_PLACEMENT_3D('',#2290,#1791,#1792);
#1602=AXIS2_PLACEMENT_3D('',#2296,#1796,#1797);
#1603=AXIS2_PLACEMENT_3D('',#2299,#1800,#1801);
#1604=AXIS2_PLACEMENT_3D('',#2300,#1802,#1803);
#1605=AXIS2_PLACEMENT_3D('',#2303,#1804,#1805);
#1606=AXIS2_PLACEMENT_3D('',#2307,#1807,#1808);
#1607=AXIS2_PLACEMENT_3D('',#2309,#1810,#1811);
#1608=AXIS2_PLACEMENT_3D('',#2312,#1812,#1813);
#1609=AXIS2_PLACEMENT_3D('',#2313,#1814,#1815);
#1610=AXIS2_PLACEMENT_3D('',#2314,#1816,#1817);
#1611=AXIS2_PLACEMENT_3D('',#2315,#1818,#1819);
#1612=AXIS2_PLACEMENT_3D('',#2318,#1820,#1821);
#1613=AXIS2_PLACEMENT_3D('',#2321,#1824,#1825);
#1614=AXIS2_PLACEMENT_3D('',#2324,#1826,#1827);
#1615=AXIS2_PLACEMENT_3D('',#2325,#1828,#1829);
#1616=AXIS2_PLACEMENT_3D('',#2326,#1830,#1831);
#1617=AXIS2_PLACEMENT_3D('',#2327,#1832,#1833);
#1618=AXIS2_PLACEMENT_3D('',#2330,#1834,#1835);
#1619=AXIS2_PLACEMENT_3D('',#2333,#1838,#1839);
#1620=AXIS2_PLACEMENT_3D('',#2336,#1840,#1841);
#1621=AXIS2_PLACEMENT_3D('',#2337,#1842,#1843);
#1622=AXIS2_PLACEMENT_3D('',#2338,#1844,#1845);
#1623=AXIS2_PLACEMENT_3D('',#2339,#1846,#1847);
#1624=AXIS2_PLACEMENT_3D('',#2342,#1848,#1849);
#1625=AXIS2_PLACEMENT_3D('',#2345,#1852,#1853);
#1626=AXIS2_PLACEMENT_3D('',#2348,#1854,#1855);
#1627=AXIS2_PLACEMENT_3D('',#2349,#1856,#1857);
#1628=AXIS2_PLACEMENT_3D('',#2350,#1858,#1859);
#1629=AXIS2_PLACEMENT_3D('',#2351,#1860,#1861);
#1630=AXIS2_PLACEMENT_3D('',#2354,#1862,#1863);
#1631=AXIS2_PLACEMENT_3D('',#2357,#1866,#1867);
#1632=AXIS2_PLACEMENT_3D('',#2361,#1869,#1870);
#1633=AXIS2_PLACEMENT_3D('',#2363,#1872,#1873);
#1634=AXIS2_PLACEMENT_3D('',#2367,#1876,#1877);
#1635=AXIS2_PLACEMENT_3D('',#2370,#1879,#1880);
#1636=AXIS2_PLACEMENT_3D('',#2371,#1881,#1882);
#1637=AXIS2_PLACEMENT_3D('',#2375,#1885,#1886);
#1638=AXIS2_PLACEMENT_3D('',#2378,#1888,#1889);
#1639=AXIS2_PLACEMENT_3D('',#2379,#1890,#1891);
#1640=AXIS2_PLACEMENT_3D('',#2383,#1894,#1895);
#1641=AXIS2_PLACEMENT_3D('',#2386,#1897,#1898);
#1642=AXIS2_PLACEMENT_3D('',#2387,#1899,#1900);
#1643=AXIS2_PLACEMENT_3D('',#2391,#1903,#1904);
#1644=AXIS2_PLACEMENT_3D('',#2395,#1906,#1907);
#1645=AXIS2_PLACEMENT_3D('',#2399,#1910,#1911);
#1646=AXIS2_PLACEMENT_3D('',#2402,#1912,#1913);
#1647=AXIS2_PLACEMENT_3D('',#2406,#1915,#1916);
#1648=AXIS2_PLACEMENT_3D('',#2408,#1918,#1919);
#1649=AXIS2_PLACEMENT_3D('',#2411,#1920,#1921);
#1650=AXIS2_PLACEMENT_3D('',#2412,#1922,#1923);
#1651=AXIS2_PLACEMENT_3D('',#2413,#1924,#1925);
#1652=AXIS2_PLACEMENT_3D('',#2414,#1926,#1927);
#1653=AXIS2_PLACEMENT_3D('',#2417,#1928,#1929);
#1654=AXIS2_PLACEMENT_3D('',#2420,#1932,#1933);
#1655=AXIS2_PLACEMENT_3D('',#2423,#1934,#1935);
#1656=AXIS2_PLACEMENT_3D('',#2424,#1936,#1937);
#1657=AXIS2_PLACEMENT_3D('',#2425,#1938,#1939);
#1658=AXIS2_PLACEMENT_3D('',#2426,#1940,#1941);
#1659=AXIS2_PLACEMENT_3D('',#2429,#1942,#1943);
#1660=AXIS2_PLACEMENT_3D('',#2432,#1946,#1947);
#1661=AXIS2_PLACEMENT_3D('',#2435,#1948,#1949);
#1662=AXIS2_PLACEMENT_3D('',#2436,#1950,#1951);
#1663=AXIS2_PLACEMENT_3D('',#2437,#1952,#1953);
#1664=AXIS2_PLACEMENT_3D('',#2438,#1954,#1955);
#1665=AXIS2_PLACEMENT_3D('',#2441,#1956,#1957);
#1666=AXIS2_PLACEMENT_3D('',#2444,#1960,#1961);
#1667=AXIS2_PLACEMENT_3D('',#2447,#1962,#1963);
#1668=AXIS2_PLACEMENT_3D('',#2448,#1964,#1965);
#1669=AXIS2_PLACEMENT_3D('',#2449,#1966,#1967);
#1670=AXIS2_PLACEMENT_3D('',#2450,#1968,#1969);
#1671=AXIS2_PLACEMENT_3D('',#2453,#1972,#1973);
#1672=AXIS2_PLACEMENT_3D('',#2455,#1975,#1976);
#1673=AXIS2_PLACEMENT_3D('',#2459,#1978,#1979);
#1674=AXIS2_PLACEMENT_3D('',#2461,#1981,#1982);
#1675=AXIS2_PLACEMENT_3D('',#2465,#1985,#1986);
#1676=AXIS2_PLACEMENT_3D('',#2468,#1988,#1989);
#1677=AXIS2_PLACEMENT_3D('',#2469,#1990,#1991);
#1678=AXIS2_PLACEMENT_3D('',#2473,#1994,#1995);
#1679=AXIS2_PLACEMENT_3D('',#2476,#1997,#1998);
#1680=AXIS2_PLACEMENT_3D('',#2477,#1999,#2000);
#1681=AXIS2_PLACEMENT_3D('',#2481,#2003,#2004);
#1682=AXIS2_PLACEMENT_3D('',#2484,#2006,#2007);
#1683=AXIS2_PLACEMENT_3D('',#2485,#2008,#2009);
#1684=AXIS2_PLACEMENT_3D('',#2489,#2012,#2013);
#1685=AXIS2_PLACEMENT_3D('',#2493,#2016,#2017);
#1686=AXIS2_PLACEMENT_3D('',#2495,#2019,#2020);
#1687=AXIS2_PLACEMENT_3D('',#2497,#2022,#2023);
#1688=AXIS2_PLACEMENT_3D('',#2500,#2024,#2025);
#1689=AXIS2_PLACEMENT_3D('',#2504,#2027,#2028);
#1690=AXIS2_PLACEMENT_3D('',#2506,#2030,#2031);
#1691=AXIS2_PLACEMENT_3D('',#2512,#2035,#2036);
#1692=AXIS2_PLACEMENT_3D('',#2515,#2037,#2038);
#1693=AXIS2_PLACEMENT_3D('',#2519,#2040,#2041);
#1694=AXIS2_PLACEMENT_3D('',#2521,#2043,#2044);
#1695=AXIS2_PLACEMENT_3D('',#2527,#2048,#2049);
#1696=AXIS2_PLACEMENT_3D('',#2536,#2054,#2055);
#1697=AXIS2_PLACEMENT_3D('',#2539,#2058,#2059);
#1698=AXIS2_PLACEMENT_3D('',#2542,#2062,#2063);
#1699=AXIS2_PLACEMENT_3D('',#2551,#2068,#2069);
#1700=AXIS2_PLACEMENT_3D('',#2554,#2072,#2073);
#1701=AXIS2_PLACEMENT_3D('',#2557,#2076,#2077);
#1702=AXIS2_PLACEMENT_3D('',#2566,#2082,#2083);
#1703=AXIS2_PLACEMENT_3D('',#2583,#2092,#2093);
#1704=AXIS2_PLACEMENT_3D('',#2592,#2098,#2099);
#1705=AXIS2_PLACEMENT_3D('',#2601,#2104,#2105);
#1706=AXIS2_PLACEMENT_3D('',#2602,#2106,#2107);
#1707=AXIS2_PLACEMENT_3D('',#2603,#2108,#2109);
#1708=AXIS2_PLACEMENT_3D('',#2604,#2110,#2111);
#1709=AXIS2_PLACEMENT_3D('',#2605,#2112,#2113);
#1710=AXIS2_PLACEMENT_3D('',#2606,#2114,#2115);
#1711=AXIS2_PLACEMENT_3D('',#2607,#2116,#2117);
#1712=AXIS2_PLACEMENT_3D('',#2608,#2118,#2119);
#1713=AXIS2_PLACEMENT_3D('',#2609,#2120,#2121);
#1714=AXIS2_PLACEMENT_3D('',#2610,#2122,#2123);
#1715=AXIS2_PLACEMENT_3D('',#2611,#2124,#2125);
#1716=AXIS2_PLACEMENT_3D('',#2612,#2126,#2127);
#1717=AXIS2_PLACEMENT_3D('',#2613,#2128,#2129);
#1718=AXIS2_PLACEMENT_3D('',#2614,#2130,#2131);
#1719=AXIS2_PLACEMENT_3D('',#2615,#2132,#2133);
#1720=AXIS2_PLACEMENT_3D('',#2616,#2134,#2135);
#1721=AXIS2_PLACEMENT_3D('',#2617,#2136,#2137);
#1722=AXIS2_PLACEMENT_3D('',#2618,#2138,#2139);
#1723=AXIS2_PLACEMENT_3D('',#2620,#2140,#2141);
#1724=AXIS2_PLACEMENT_3D('',#2623,#2143,#2144);
#1725=AXIS2_PLACEMENT_3D('',#2624,#2145,#2146);
#1726=AXIS2_PLACEMENT_3D('',#2625,#2147,#2148);
#1727=AXIS2_PLACEMENT_3D('',#2626,#2149,#2150);
#1728=AXIS2_PLACEMENT_3D('',#2627,#2151,#2152);
#1729=AXIS2_PLACEMENT_3D('',#2628,#2153,#2154);
#1730=AXIS2_PLACEMENT_3D('',#2645,#2163,#2164);
#1731=AXIS2_PLACEMENT_3D('',#2654,#2169,#2170);
#1732=AXIS2_PLACEMENT_3D('',#2663,#2175,#2176);
#1733=AXIS2_PLACEMENT_3D('',#2665,#2177,#2178);
#1734=AXIS2_PLACEMENT_3D('',#2668,#2180,#2181);
#1735=AXIS2_PLACEMENT_3D('',#2669,#2182,#2183);
#1736=AXIS2_PLACEMENT_3D('',#2671,#2184,#2185);
#1737=AXIS2_PLACEMENT_3D('',#2672,#2186,#2187);
#1738=AXIS2_PLACEMENT_3D('',#2674,#2189,#2190);
#1739=AXIS2_PLACEMENT_3D('',#2675,#2191,#2192);
#1740=AXIS2_PLACEMENT_3D('',#2676,#2193,#2194);
#1741=AXIS2_PLACEMENT_3D('',#2677,#2195,#2196);
#1742=AXIS2_PLACEMENT_3D('',#2678,#2197,#2198);
#1743=AXIS2_PLACEMENT_3D('',#2679,#2199,#2200);
#1744=AXIS2_PLACEMENT_3D('',#2680,#2201,#2202);
#1745=AXIS2_PLACEMENT_3D('',#2681,#2203,#2204);
#1746=AXIS2_PLACEMENT_3D('',#2682,#2205,#2206);
#1747=AXIS2_PLACEMENT_3D('',#2683,#2207,#2208);
#1748=AXIS2_PLACEMENT_3D('',#2684,#2209,#2210);
#1749=AXIS2_PLACEMENT_3D('',#2685,#2211,#2212);
#1750=AXIS2_PLACEMENT_3D('',#2687,#2213,#2214);
#1751=AXIS2_PLACEMENT_3D('',#2689,#2215,#2216);
#1752=AXIS2_PLACEMENT_3D('',#2691,#2218,#2219);
#1753=AXIS2_PLACEMENT_3D('',#2692,#2220,#2221);
#1754=AXIS2_PLACEMENT_3D('',#2693,#2222,#2223);
#1755=AXIS2_PLACEMENT_3D('',#2694,#2224,#2225);
#1756=AXIS2_PLACEMENT_3D('',#2695,#2226,#2227);
#1757=AXIS2_PLACEMENT_3D('',#2698,#2230,#2231);
#1758=AXIS2_PLACEMENT_3D('',#2700,#2233,#2234);
#1759=AXIS2_PLACEMENT_3D('',#2702,#2235,#2236);
#1760=AXIS2_PLACEMENT_3D('',#2704,#2238,#2239);
#1761=AXIS2_PLACEMENT_3D('',#2708,#2242,#2243);
#1762=AXIS2_PLACEMENT_3D('',#2709,#2244,#2245);
#1763=AXIS2_PLACEMENT_3D('',#2710,#2246,#2247);
#1764=AXIS2_PLACEMENT_3D('',#2712,#2249,#2250);
#1765=AXIS2_PLACEMENT_3D('',#2714,#2251,#2252);
#1766=AXIS2_PLACEMENT_3D('',#2716,#2254,#2255);
#1767=AXIS2_PLACEMENT_3D('',#2720,#2258,#2259);
#1768=AXIS2_PLACEMENT_3D('',#2722,#2260,#2261);
#1769=AXIS2_PLACEMENT_3D('',#2724,#2263,#2264);
#1770=AXIS2_PLACEMENT_3D('',#2726,#2266,#2267);
#1771=DIRECTION('axis',(0.,0.,1.));
#1772=DIRECTION('refdir',(1.,0.,0.));
#1773=DIRECTION('center_axis',(0.,-1.,0.));
#1774=DIRECTION('ref_axis',(-1.,0.,0.));
#1775=DIRECTION('center_axis',(0.,-1.,0.));
#1776=DIRECTION('ref_axis',(-1.,0.,0.));
#1777=DIRECTION('',(0.,-1.,0.));
#1778=DIRECTION('center_axis',(0.,1.,0.));
#1779=DIRECTION('ref_axis',(-1.,0.,0.));
#1780=DIRECTION('center_axis',(1.,0.,0.));
#1781=DIRECTION('ref_axis',(0.,-1.,0.));
#1782=DIRECTION('',(0.,1.,0.));
#1783=DIRECTION('',(0.,0.,-1.));
#1784=DIRECTION('',(0.,-1.,0.));
#1785=DIRECTION('',(0.,0.,-1.));
#1786=DIRECTION('center_axis',(0.,1.,0.));
#1787=DIRECTION('ref_axis',(1.,0.,0.));
#1788=DIRECTION('',(-1.,0.,-3.86164530304403E-16));
#1789=DIRECTION('',(1.,0.,0.));
#1790=DIRECTION('',(0.,0.,-1.));
#1791=DIRECTION('center_axis',(-1.,0.,0.));
#1792=DIRECTION('ref_axis',(0.,1.,0.));
#1793=DIRECTION('',(0.,-1.,0.));
#1794=DIRECTION('',(0.,1.,0.));
#1795=DIRECTION('',(0.,0.,-1.));
#1796=DIRECTION('center_axis',(0.,-1.,0.));
#1797=DIRECTION('ref_axis',(-1.,0.,0.));
#1798=DIRECTION('',(1.,0.,3.86164530304403E-16));
#1799=DIRECTION('',(-1.,0.,0.));
#1800=DIRECTION('center_axis',(0.,0.,-1.));
#1801=DIRECTION('ref_axis',(-1.,0.,0.));
#1802=DIRECTION('center_axis',(1.,0.,4.67019314134719E-16));
#1803=DIRECTION('ref_axis',(0.,0.707106781186563,0.707106781186532));
#1804=DIRECTION('center_axis',(1.,0.,0.));
#1805=DIRECTION('ref_axis',(0.,0.707106781186563,0.707106781186532));
#1806=DIRECTION('',(1.,0.,4.67019314134719E-16));
#1807=DIRECTION('center_axis',(-1.,0.,0.));
#1808=DIRECTION('ref_axis',(0.,0.,1.));
#1809=DIRECTION('',(-1.,0.,-4.67019314134719E-16));
#1810=DIRECTION('center_axis',(0.,1.,0.));
#1811=DIRECTION('ref_axis',(0.,0.,1.));
#1812=DIRECTION('center_axis',(-2.22044604925031E-14,0.,1.));
#1813=DIRECTION('ref_axis',(1.,0.,2.22044604925031E-14));
#1814=DIRECTION('center_axis',(0.,-1.,0.));
#1815=DIRECTION('ref_axis',(0.707106781186546,0.,0.707106781186549));
#1816=DIRECTION('center_axis',(0.,1.,0.));
#1817=DIRECTION('ref_axis',(0.707106781186546,0.,0.707106781186549));
#1818=DIRECTION('center_axis',(6.53072367426563E-17,0.,-1.));
#1819=DIRECTION('ref_axis',(0.707106781186532,0.707106781186563,0.));
#1820=DIRECTION('center_axis',(-2.22044604925036E-14,0.,1.));
#1821=DIRECTION('ref_axis',(1.,0.,2.22044604925036E-14));
#1822=DIRECTION('',(-6.53072367426563E-17,0.,1.));
#1823=DIRECTION('',(6.53072367426563E-17,0.,-1.));
#1824=DIRECTION('center_axis',(0.,1.,0.));
#1825=DIRECTION('ref_axis',(0.,0.,1.));
#1826=DIRECTION('center_axis',(1.,0.,0.));
#1827=DIRECTION('ref_axis',(0.,0.,-1.));
#1828=DIRECTION('center_axis',(0.,-1.,0.));
#1829=DIRECTION('ref_axis',(0.707106781186551,0.,-0.707106781186545));
#1830=DIRECTION('center_axis',(0.,1.,0.));
#1831=DIRECTION('ref_axis',(0.707106781186551,0.,-0.707106781186545));
#1832=DIRECTION('center_axis',(-1.,0.,-4.22942104619108E-16));
#1833=DIRECTION('ref_axis',(0.,0.707106781186563,-0.707106781186532));
#1834=DIRECTION('center_axis',(1.,0.,0.));
#1835=DIRECTION('ref_axis',(0.,0.,-1.));
#1836=DIRECTION('',(1.,0.,4.22942104619108E-16));
#1837=DIRECTION('',(-1.,0.,-4.22942104619108E-16));
#1838=DIRECTION('center_axis',(0.,1.,0.));
#1839=DIRECTION('ref_axis',(0.,0.,1.));
#1840=DIRECTION('center_axis',(0.,0.,-1.));
#1841=DIRECTION('ref_axis',(-1.,0.,0.));
#1842=DIRECTION('center_axis',(0.,-1.,0.));
#1843=DIRECTION('ref_axis',(-0.707106781186546,0.,-0.707106781186549));
#1844=DIRECTION('center_axis',(0.,1.,0.));
#1845=DIRECTION('ref_axis',(-0.707106781186546,0.,-0.707106781186549));
#1846=DIRECTION('center_axis',(-7.18379604169219E-16,0.,1.));
#1847=DIRECTION('ref_axis',(-0.707106781186532,0.707106781186563,0.));
#1848=DIRECTION('center_axis',(0.,0.,-1.));
#1849=DIRECTION('ref_axis',(-1.,0.,0.));
#1850=DIRECTION('',(7.18379604169219E-16,0.,-1.));
#1851=DIRECTION('',(-7.18379604169219E-16,0.,1.));
#1852=DIRECTION('center_axis',(0.,1.,0.));
#1853=DIRECTION('ref_axis',(0.,0.,1.));
#1854=DIRECTION('center_axis',(-1.,0.,0.));
#1855=DIRECTION('ref_axis',(0.,0.,1.));
#1856=DIRECTION('center_axis',(0.,-1.,0.));
#1857=DIRECTION('ref_axis',(-0.707106781186548,0.,0.707106781186548));
#1858=DIRECTION('center_axis',(0.,1.,0.));
#1859=DIRECTION('ref_axis',(-0.707106781186547,0.,0.707106781186547));
#1860=DIRECTION('center_axis',(1.,0.,0.));
#1861=DIRECTION('ref_axis',(0.,0.707106781186563,0.707106781186532));
#1862=DIRECTION('center_axis',(-1.,0.,0.));
#1863=DIRECTION('ref_axis',(0.,0.707106781186563,0.707106781186532));
#1864=DIRECTION('',(-1.,0.,0.));
#1865=DIRECTION('',(1.,0.,0.));
#1866=DIRECTION('center_axis',(0.,1.,0.));
#1867=DIRECTION('ref_axis',(-1.,0.,0.));
#1868=DIRECTION('',(0.,1.,0.));
#1869=DIRECTION('center_axis',(0.,-1.,0.));
#1870=DIRECTION('ref_axis',(-1.,0.,0.));
#1871=DIRECTION('',(0.,1.,0.));
#1872=DIRECTION('center_axis',(-1.,0.,-7.18379604169219E-16));
#1873=DIRECTION('ref_axis',(-7.18379604169219E-16,0.,1.));
#1874=DIRECTION('',(0.,1.,0.));
#1875=DIRECTION('',(7.18379604169219E-16,0.,-1.));
#1876=DIRECTION('center_axis',(0.,1.,0.));
#1877=DIRECTION('ref_axis',(5.88582878191051E-15,0.,-1.));
#1878=DIRECTION('',(0.,1.,0.));
#1879=DIRECTION('center_axis',(0.,-1.,0.));
#1880=DIRECTION('ref_axis',(5.88582878191051E-15,0.,-1.));
#1881=DIRECTION('center_axis',(4.22942104619108E-16,0.,-1.));
#1882=DIRECTION('ref_axis',(-1.,0.,-4.22942104619108E-16));
#1883=DIRECTION('',(0.,1.,0.));
#1884=DIRECTION('',(1.,0.,4.22942104619108E-16));
#1885=DIRECTION('center_axis',(0.,1.,0.));
#1886=DIRECTION('ref_axis',(1.,0.,2.94291439095526E-15));
#1887=DIRECTION('',(0.,1.,0.));
#1888=DIRECTION('center_axis',(0.,-1.,0.));
#1889=DIRECTION('ref_axis',(1.,0.,2.94291439095526E-15));
#1890=DIRECTION('center_axis',(1.,0.,6.53072367426563E-17));
#1891=DIRECTION('ref_axis',(6.53072367426563E-17,0.,-1.));
#1892=DIRECTION('',(0.,1.,0.));
#1893=DIRECTION('',(-6.53072367426563E-17,0.,1.));
#1894=DIRECTION('center_axis',(0.,1.,0.));
#1895=DIRECTION('ref_axis',(-2.94291439095526E-15,0.,1.));
#1896=DIRECTION('',(0.,1.,0.));
#1897=DIRECTION('center_axis',(0.,-1.,0.));
#1898=DIRECTION('ref_axis',(-2.94291439095526E-15,0.,1.));
#1899=DIRECTION('center_axis',(-4.67019314134719E-16,0.,1.));
#1900=DIRECTION('ref_axis',(1.,0.,4.67019314134719E-16));
#1901=DIRECTION('',(0.,1.,0.));
#1902=DIRECTION('',(-1.,0.,-4.67019314134719E-16));
#1903=DIRECTION('center_axis',(-1.,0.,0.));
#1904=DIRECTION('ref_axis',(0.,0.,1.));
#1905=DIRECTION('',(0.,0.,1.));
#1906=DIRECTION('center_axis',(1.,0.,0.));
#1907=DIRECTION('ref_axis',(0.,0.707106781186548,-0.707106781186548));
#1908=DIRECTION('',(0.,1.,0.));
#1909=DIRECTION('',(0.,0.,-1.));
#1910=DIRECTION('center_axis',(-1.,0.,-4.67019314134718E-16));
#1911=DIRECTION('ref_axis',(0.,0.707106781186563,-0.707106781186532));
#1912=DIRECTION('center_axis',(-1.,0.,0.));
#1913=DIRECTION('ref_axis',(0.,0.707106781186563,-0.707106781186532));
#1914=DIRECTION('',(-1.,0.,-4.67019314134718E-16));
#1915=DIRECTION('center_axis',(1.,0.,0.));
#1916=DIRECTION('ref_axis',(0.,0.,-1.));
#1917=DIRECTION('',(1.,0.,4.67019314134718E-16));
#1918=DIRECTION('center_axis',(0.,-1.,0.));
#1919=DIRECTION('ref_axis',(0.,0.,-1.));
#1920=DIRECTION('center_axis',(0.,0.,1.));
#1921=DIRECTION('ref_axis',(1.,0.,0.));
#1922=DIRECTION('center_axis',(0.,1.,0.));
#1923=DIRECTION('ref_axis',(-0.707106781186548,0.,0.707106781186548));
#1924=DIRECTION('center_axis',(0.,-1.,0.));
#1925=DIRECTION('ref_axis',(-0.707106781186548,0.,0.707106781186548));
#1926=DIRECTION('center_axis',(6.53072367426563E-16,0.,-1.));
#1927=DIRECTION('ref_axis',(0.707106781186532,0.707106781186563,0.));
#1928=DIRECTION('center_axis',(0.,0.,1.));
#1929=DIRECTION('ref_axis',(1.,0.,0.));
#1930=DIRECTION('',(-6.53072367426563E-16,0.,1.));
#1931=DIRECTION('',(6.53072367426563E-16,0.,-1.));
#1932=DIRECTION('center_axis',(0.,-1.,0.));
#1933=DIRECTION('ref_axis',(0.,0.,-1.));
#1934=DIRECTION('center_axis',(-1.,0.,0.));
#1935=DIRECTION('ref_axis',(0.,0.,1.));
#1936=DIRECTION('center_axis',(0.,1.,0.));
#1937=DIRECTION('ref_axis',(-0.707106781186548,0.,-0.707106781186548));
#1938=DIRECTION('center_axis',(0.,-1.,0.));
#1939=DIRECTION('ref_axis',(-0.707106781186548,0.,-0.707106781186548));
#1940=DIRECTION('center_axis',(1.,0.,4.22942104619108E-16));
#1941=DIRECTION('ref_axis',(0.,0.707106781186563,0.707106781186532));
#1942=DIRECTION('center_axis',(-1.,0.,0.));
#1943=DIRECTION('ref_axis',(0.,0.,1.));
#1944=DIRECTION('',(-1.,0.,-4.22942104619108E-16));
#1945=DIRECTION('',(1.,0.,4.22942104619108E-16));
#1946=DIRECTION('center_axis',(0.,-1.,0.));
#1947=DIRECTION('ref_axis',(0.,0.,-1.));
#1948=DIRECTION('center_axis',(0.,0.,-1.));
#1949=DIRECTION('ref_axis',(-1.,0.,0.));
#1950=DIRECTION('center_axis',(0.,1.,0.));
#1951=DIRECTION('ref_axis',(0.707106781186545,0.,-0.70710678118655));
#1952=DIRECTION('center_axis',(0.,-1.,0.));
#1953=DIRECTION('ref_axis',(0.707106781186545,0.,-0.70710678118655));
#1954=DIRECTION('center_axis',(-1.30614473485313E-16,0.,1.));
#1955=DIRECTION('ref_axis',(-0.707106781186548,0.707106781186548,0.));
#1956=DIRECTION('center_axis',(0.,0.,-1.));
#1957=DIRECTION('ref_axis',(-1.,0.,0.));
#1958=DIRECTION('',(1.30614473485313E-16,0.,-1.));
#1959=DIRECTION('',(-1.30614473485313E-16,0.,1.));
#1960=DIRECTION('center_axis',(0.,-1.,0.));
#1961=DIRECTION('ref_axis',(0.,0.,-1.));
#1962=DIRECTION('center_axis',(1.,0.,0.));
#1963=DIRECTION('ref_axis',(0.,0.,-1.));
#1964=DIRECTION('center_axis',(0.,1.,0.));
#1965=DIRECTION('ref_axis',(0.707106781186545,0.,0.70710678118655));
#1966=DIRECTION('center_axis',(0.,-1.,0.));
#1967=DIRECTION('ref_axis',(0.707106781186545,0.,0.70710678118655));
#1968=DIRECTION('center_axis',(-1.,0.,0.));
#1969=DIRECTION('ref_axis',(0.,0.707106781186548,-0.707106781186548));
#1970=DIRECTION('',(1.,0.,0.));
#1971=DIRECTION('',(-1.,0.,0.));
#1972=DIRECTION('center_axis',(0.,1.,0.));
#1973=DIRECTION('ref_axis',(-1.,0.,0.));
#1974=DIRECTION('',(0.,0.,-1.));
#1975=DIRECTION('center_axis',(0.,1.,0.));
#1976=DIRECTION('ref_axis',(-9.96846276257139E-15,0.,1.));
#1977=DIRECTION('',(0.,1.,0.));
#1978=DIRECTION('center_axis',(0.,1.,0.));
#1979=DIRECTION('ref_axis',(-9.96846276257139E-15,0.,1.));
#1980=DIRECTION('',(0.,1.,0.));
#1981=DIRECTION('center_axis',(-1.,0.,-1.30614473485313E-16));
#1982=DIRECTION('ref_axis',(-1.30614473485313E-16,0.,1.));
#1983=DIRECTION('',(0.,1.,0.));
#1984=DIRECTION('',(1.30614473485313E-16,0.,-1.));
#1985=DIRECTION('center_axis',(0.,1.,0.));
#1986=DIRECTION('ref_axis',(1.,0.,9.96846276257139E-15));
#1987=DIRECTION('',(0.,1.,0.));
#1988=DIRECTION('center_axis',(0.,1.,0.));
#1989=DIRECTION('ref_axis',(1.,0.,9.96846276257139E-15));
#1990=DIRECTION('center_axis',(-4.22942104619108E-16,0.,1.));
#1991=DIRECTION('ref_axis',(1.,0.,4.22942104619108E-16));
#1992=DIRECTION('',(0.,1.,0.));
#1993=DIRECTION('',(-1.,0.,-4.22942104619108E-16));
#1994=DIRECTION('center_axis',(0.,1.,0.));
#1995=DIRECTION('ref_axis',(0.,0.,-1.));
#1996=DIRECTION('',(0.,1.,0.));
#1997=DIRECTION('center_axis',(0.,1.,0.));
#1998=DIRECTION('ref_axis',(0.,0.,-1.));
#1999=DIRECTION('center_axis',(1.,0.,6.53072367426563E-16));
#2000=DIRECTION('ref_axis',(6.53072367426563E-16,0.,-1.));
#2001=DIRECTION('',(0.,1.,0.));
#2002=DIRECTION('',(-6.53072367426563E-16,0.,1.));
#2003=DIRECTION('center_axis',(0.,1.,0.));
#2004=DIRECTION('ref_axis',(-1.,0.,0.));
#2005=DIRECTION('',(0.,1.,0.));
#2006=DIRECTION('center_axis',(0.,1.,0.));
#2007=DIRECTION('ref_axis',(-1.,0.,0.));
#2008=DIRECTION('center_axis',(4.67019314134718E-16,0.,-1.));
#2009=DIRECTION('ref_axis',(-1.,0.,-4.67019314134718E-16));
#2010=DIRECTION('',(0.,1.,0.));
#2011=DIRECTION('',(1.,0.,4.67019314134718E-16));
#2012=DIRECTION('center_axis',(1.,0.,0.));
#2013=DIRECTION('ref_axis',(0.,0.,-1.));
#2014=DIRECTION('',(0.,1.,0.));
#2015=DIRECTION('',(0.,0.,1.));
#2016=DIRECTION('center_axis',(0.,0.,1.));
#2017=DIRECTION('ref_axis',(1.,0.,0.));
#2018=DIRECTION('',(-1.,0.,0.));
#2019=DIRECTION('center_axis',(0.,0.,-1.));
#2020=DIRECTION('ref_axis',(-1.,0.,0.));
#2021=DIRECTION('',(1.,0.,0.));
#2022=DIRECTION('center_axis',(-1.2335811384724E-16,0.,1.));
#2023=DIRECTION('ref_axis',(-0.707106781186546,-0.707106781186549,0.));
#2024=DIRECTION('center_axis',(0.,0.,-1.));
#2025=DIRECTION('ref_axis',(-0.707106781186546,-0.707106781186549,0.));
#2026=DIRECTION('',(-1.2335811384724E-16,0.,1.));
#2027=DIRECTION('center_axis',(0.,0.,1.));
#2028=DIRECTION('ref_axis',(-0.707106781186546,-0.707106781186549,0.));
#2029=DIRECTION('',(1.2335811384724E-16,0.,-1.));
#2030=DIRECTION('center_axis',(0.,-1.,0.));
#2031=DIRECTION('ref_axis',(0.,0.,1.));
#2032=DIRECTION('',(-1.,0.,0.));
#2033=DIRECTION('',(1.2335811384724E-16,0.,-1.));
#2034=DIRECTION('',(-1.,0.,0.));
#2035=DIRECTION('center_axis',(6.78469626159818E-16,0.,-1.));
#2036=DIRECTION('ref_axis',(0.707106781186549,-0.707106781186546,0.));
#2037=DIRECTION('center_axis',(0.,0.,1.));
#2038=DIRECTION('ref_axis',(0.707106781186549,-0.707106781186546,0.));
#2039=DIRECTION('',(6.78469626159818E-16,0.,-1.));
#2040=DIRECTION('center_axis',(0.,0.,-1.));
#2041=DIRECTION('ref_axis',(0.707106781186549,-0.707106781186546,0.));
#2042=DIRECTION('',(-6.78469626159818E-16,0.,1.));
#2043=DIRECTION('center_axis',(0.,1.,0.));
#2044=DIRECTION('ref_axis',(0.,0.,1.));
#2045=DIRECTION('',(1.,0.,0.));
#2046=DIRECTION('',(-6.78469626159818E-16,0.,1.));
#2047=DIRECTION('',(1.,0.,0.));
#2048=DIRECTION('center_axis',(0.,1.,0.));
#2049=DIRECTION('ref_axis',(0.,0.,-1.));
#2050=DIRECTION('',(1.2335811384724E-16,0.,-1.));
#2051=DIRECTION('',(-1.,0.,0.));
#2052=DIRECTION('',(-1.2335811384724E-16,0.,1.));
#2053=DIRECTION('',(-1.,0.,0.));
#2054=DIRECTION('center_axis',(0.,0.,-1.));
#2055=DIRECTION('ref_axis',(0.,-1.,0.));
#2056=DIRECTION('',(0.,-1.,0.));
#2057=DIRECTION('',(0.,1.,0.));
#2058=DIRECTION('center_axis',(0.,0.,1.));
#2059=DIRECTION('ref_axis',(0.,1.,0.));
#2060=DIRECTION('',(0.,1.,0.));
#2061=DIRECTION('',(0.,-1.,0.));
#2062=DIRECTION('center_axis',(0.,-1.,0.));
#2063=DIRECTION('ref_axis',(0.,0.,-1.));
#2064=DIRECTION('',(-6.78469626159818E-16,0.,1.));
#2065=DIRECTION('',(1.,0.,0.));
#2066=DIRECTION('',(6.78469626159818E-16,0.,-1.));
#2067=DIRECTION('',(1.,0.,0.));
#2068=DIRECTION('center_axis',(0.,0.,1.));
#2069=DIRECTION('ref_axis',(0.,-1.,0.));
#2070=DIRECTION('',(0.,1.,0.));
#2071=DIRECTION('',(0.,-1.,0.));
#2072=DIRECTION('center_axis',(0.,0.,-1.));
#2073=DIRECTION('ref_axis',(0.,1.,0.));
#2074=DIRECTION('',(0.,-1.,0.));
#2075=DIRECTION('',(0.,1.,0.));
#2076=DIRECTION('center_axis',(3.86164530304403E-16,0.,-1.));
#2077=DIRECTION('ref_axis',(-1.,0.,-3.86164530304403E-16));
#2078=DIRECTION('',(-1.,0.,-3.86164530304403E-16));
#2079=DIRECTION('',(0.,1.,0.));
#2080=DIRECTION('',(1.,0.,3.86164530304403E-16));
#2081=DIRECTION('',(0.,-1.,0.));
#2082=DIRECTION('center_axis',(-2.89623397728302E-16,0.,1.));
#2083=DIRECTION('ref_axis',(1.,0.,2.89623397728302E-16));
#2084=DIRECTION('',(1.,0.,2.89623397728302E-16));
#2085=DIRECTION('',(7.7715611723761E-16,-1.,2.25082595239691E-31));
#2086=DIRECTION('',(-1.,0.,-2.89623397728302E-16));
#2087=DIRECTION('',(4.44089209850063E-16,1.,1.28618625851252E-31));
#2088=DIRECTION('',(1.,0.,2.89623397728302E-16));
#2089=DIRECTION('',(0.,1.,0.));
#2090=DIRECTION('',(-1.,0.,-2.89623397728302E-16));
#2091=DIRECTION('',(0.,-1.,0.));
#2092=DIRECTION('center_axis',(0.,1.,0.));
#2093=DIRECTION('ref_axis',(1.,0.,0.));
#2094=DIRECTION('',(1.2335811384724E-16,0.,-1.));
#2095=DIRECTION('',(1.,0.,2.89623397728302E-16));
#2096=DIRECTION('',(-6.78469626159818E-16,0.,1.));
#2097=DIRECTION('',(-1.,0.,-3.86164530304403E-16));
#2098=DIRECTION('center_axis',(1.,0.,1.2335811384724E-16));
#2099=DIRECTION('ref_axis',(1.2335811384724E-16,0.,-1.));
#2100=DIRECTION('',(1.2335811384724E-16,0.,-1.));
#2101=DIRECTION('',(0.,1.,0.));
#2102=DIRECTION('',(-1.2335811384724E-16,0.,1.));
#2103=DIRECTION('',(0.,-1.,0.));
#2104=DIRECTION('center_axis',(0.,1.,0.));
#2105=DIRECTION('ref_axis',(0.707106781186548,0.,-0.707106781186548));
#2106=DIRECTION('center_axis',(0.,1.,0.));
#2107=DIRECTION('ref_axis',(0.707106781186548,0.,-0.707106781186548));
#2108=DIRECTION('center_axis',(0.,-1.,0.));
#2109=DIRECTION('ref_axis',(1.,0.,0.));
#2110=DIRECTION('center_axis',(-1.,0.,-3.86164530304403E-16));
#2111=DIRECTION('ref_axis',(0.,-0.707106781186547,-0.707106781186548));
#2112=DIRECTION('center_axis',(-1.,0.,-4.44089209850062E-15));
#2113=DIRECTION('ref_axis',(0.,-1.,0.));
#2114=DIRECTION('center_axis',(1.,0.,0.));
#2115=DIRECTION('ref_axis',(0.,0.,-1.));
#2116=DIRECTION('center_axis',(1.,0.,2.89623397728302E-16));
#2117=DIRECTION('ref_axis',(0.,-0.707106781186547,0.707106781186548));
#2118=DIRECTION('center_axis',(1.,0.,2.22044604925031E-15));
#2119=DIRECTION('ref_axis',(0.,-1.,0.));
#2120=DIRECTION('center_axis',(-1.,2.22044604925031E-15,0.));
#2121=DIRECTION('ref_axis',(0.,0.,1.));
#2122=DIRECTION('center_axis',(0.,1.,0.));
#2123=DIRECTION('ref_axis',(0.707106781186546,0.,0.707106781186549));
#2124=DIRECTION('center_axis',(0.,1.,0.));
#2125=DIRECTION('ref_axis',(0.707106781186546,0.,0.707106781186549));
#2126=DIRECTION('center_axis',(0.,-1.,0.));
#2127=DIRECTION('ref_axis',(0.,0.,1.));
#2128=DIRECTION('center_axis',(1.2335811384724E-16,0.,-1.));
#2129=DIRECTION('ref_axis',(0.707106781186548,-0.707106781186547,0.));
#2130=DIRECTION('center_axis',(4.44089209850062E-15,0.,-1.));
#2131=DIRECTION('ref_axis',(0.,-1.,0.));
#2132=DIRECTION('center_axis',(0.,2.22044604925031E-15,1.));
#2133=DIRECTION('ref_axis',(1.,0.,0.));
#2134=DIRECTION('center_axis',(-0.408248290463861,-0.816496580927727,-0.408248290463863));
#2135=DIRECTION('ref_axis',(0.577350269189624,-0.577350269189625,0.577350269189629));
#2136=DIRECTION('center_axis',(-0.40824829046386,0.408248290463859,-0.81649658092773));
#2137=DIRECTION('ref_axis',(0.577350269189629,-0.577350269189629,-0.57735026918962));
#2138=DIRECTION('center_axis',(-6.78469626159818E-16,0.,1.));
#2139=DIRECTION('ref_axis',(-0.707106781186548,-0.707106781186547,0.));
#2140=DIRECTION('center_axis',(-4.44089209850062E-15,0.,1.));
#2141=DIRECTION('ref_axis',(0.,-1.,0.));
#2142=DIRECTION('',(6.78469626159818E-16,0.,-1.));
#2143=DIRECTION('center_axis',(0.,0.,-1.));
#2144=DIRECTION('ref_axis',(-1.,0.,0.));
#2145=DIRECTION('center_axis',(-0.816496580927724,0.408248290463867,-0.408248290463863));
#2146=DIRECTION('ref_axis',(-0.577350269189627,-0.577350269189628,0.577350269189622));
#2147=DIRECTION('center_axis',(0.,-1.,0.));
#2148=DIRECTION('ref_axis',(-1.,0.,0.));
#2149=DIRECTION('center_axis',(0.408248290463861,-0.816496580927725,0.408248290463867));
#2150=DIRECTION('ref_axis',(-0.577350269189622,-0.577350269189627,-0.577350269189629));
#2151=DIRECTION('center_axis',(0.,-1.,0.));
#2152=DIRECTION('ref_axis',(0.,0.,-1.));
#2153=DIRECTION('center_axis',(-2.89623397728302E-16,0.,1.));
#2154=DIRECTION('ref_axis',(1.,0.,2.89623397728302E-16));
#2155=DIRECTION('',(-1.,0.,-2.89623397728302E-16));
#2156=DIRECTION('',(0.,-1.,0.));
#2157=DIRECTION('',(-1.,0.,-2.89623397728302E-16));
#2158=DIRECTION('',(0.,1.,0.));
#2159=DIRECTION('',(-1.,0.,-2.89623397728302E-16));
#2160=DIRECTION('',(-4.44089209850063E-16,-1.,-1.28618625851252E-31));
#2161=DIRECTION('',(1.,0.,2.89623397728302E-16));
#2162=DIRECTION('',(-7.7715611723761E-16,1.,-2.25082595239691E-31));
#2163=DIRECTION('center_axis',(0.,1.,0.));
#2164=DIRECTION('ref_axis',(1.,0.,0.));
#2165=DIRECTION('',(1.2335811384724E-16,0.,-1.));
#2166=DIRECTION('',(-1.,0.,-3.86164530304403E-16));
#2167=DIRECTION('',(-6.78469626159818E-16,0.,1.));
#2168=DIRECTION('',(1.,0.,2.89623397728302E-16));
#2169=DIRECTION('center_axis',(1.,0.,1.2335811384724E-16));
#2170=DIRECTION('ref_axis',(1.2335811384724E-16,0.,-1.));
#2171=DIRECTION('',(-1.2335811384724E-16,0.,1.));
#2172=DIRECTION('',(0.,-1.,0.));
#2173=DIRECTION('',(-1.2335811384724E-16,0.,1.));
#2174=DIRECTION('',(0.,1.,0.));
#2175=DIRECTION('center_axis',(0.,1.,0.));
#2176=DIRECTION('ref_axis',(0.707106781186547,0.,-0.707106781186547));
#2177=DIRECTION('center_axis',(0.,-1.,0.));
#2178=DIRECTION('ref_axis',(0.707106781186547,0.,-0.707106781186547));
#2179=DIRECTION('',(0.,1.,0.));
#2180=DIRECTION('center_axis',(0.,-1.,0.));
#2181=DIRECTION('ref_axis',(1.,0.,0.));
#2182=DIRECTION('center_axis',(-1.,0.,-3.86164530304403E-16));
#2183=DIRECTION('ref_axis',(0.,-0.707106781186547,-0.707106781186548));
#2184=DIRECTION('center_axis',(-1.,0.,-4.44089209850062E-15));
#2185=DIRECTION('ref_axis',(0.,-1.,0.));
#2186=DIRECTION('center_axis',(1.,0.,0.));
#2187=DIRECTION('ref_axis',(0.,0.,-1.));
#2188=DIRECTION('',(1.,0.,3.86164530304403E-16));
#2189=DIRECTION('center_axis',(1.,0.,2.89623397728302E-16));
#2190=DIRECTION('ref_axis',(0.,-0.707106781186547,0.707106781186548));
#2191=DIRECTION('center_axis',(1.,0.,2.22044604925031E-15));
#2192=DIRECTION('ref_axis',(0.,-1.,0.));
#2193=DIRECTION('center_axis',(-1.,2.22044604925031E-15,0.));
#2194=DIRECTION('ref_axis',(0.,0.,1.));
#2195=DIRECTION('center_axis',(0.,1.,0.));
#2196=DIRECTION('ref_axis',(0.707106781186546,0.,0.707106781186549));
#2197=DIRECTION('center_axis',(0.,-1.,0.));
#2198=DIRECTION('ref_axis',(0.707106781186546,0.,0.707106781186549));
#2199=DIRECTION('center_axis',(0.,-1.,0.));
#2200=DIRECTION('ref_axis',(0.,0.,1.));
#2201=DIRECTION('center_axis',(1.2335811384724E-16,0.,-1.));
#2202=DIRECTION('ref_axis',(0.707106781186548,-0.707106781186547,0.));
#2203=DIRECTION('center_axis',(4.44089209850062E-15,0.,-1.));
#2204=DIRECTION('ref_axis',(0.,-1.,0.));
#2205=DIRECTION('center_axis',(0.,2.22044604925031E-15,1.));
#2206=DIRECTION('ref_axis',(1.,0.,0.));
#2207=DIRECTION('center_axis',(-0.40824829046386,-0.816496580927729,-0.40824829046386));
#2208=DIRECTION('ref_axis',(0.577350269189624,-0.577350269189629,0.577350269189624));
#2209=DIRECTION('center_axis',(-0.408248290463857,0.408248290463857,-0.816496580927732));
#2210=DIRECTION('ref_axis',(0.57735026918963,-0.577350269189626,-0.577350269189621));
#2211=DIRECTION('center_axis',(-6.78469626159818E-16,0.,1.));
#2212=DIRECTION('ref_axis',(-0.707106781186548,-0.707106781186547,0.));
#2213=DIRECTION('center_axis',(-4.44089209850062E-15,0.,1.));
#2214=DIRECTION('ref_axis',(0.,-1.,0.));
#2215=DIRECTION('center_axis',(0.,0.,-1.));
#2216=DIRECTION('ref_axis',(-1.,0.,0.));
#2217=DIRECTION('',(6.78469626159818E-16,0.,-1.));
#2218=DIRECTION('center_axis',(-0.816496580927727,0.408248290463866,-0.408248290463859));
#2219=DIRECTION('ref_axis',(-0.57735026918963,-0.577350269189627,0.577350269189621));
#2220=DIRECTION('center_axis',(0.,-1.,0.));
#2221=DIRECTION('ref_axis',(-1.,0.,0.));
#2222=DIRECTION('center_axis',(0.408248290463861,-0.816496580927728,0.408248290463861));
#2223=DIRECTION('ref_axis',(-0.577350269189624,-0.577350269189629,-0.577350269189624));
#2224=DIRECTION('center_axis',(0.,-1.,0.));
#2225=DIRECTION('ref_axis',(0.,0.,-1.));
#2226=DIRECTION('center_axis',(1.,7.7715611723761E-16,0.));
#2227=DIRECTION('ref_axis',(7.7715611723761E-16,-1.,0.));
#2228=DIRECTION('',(0.,0.,1.));
#2229=DIRECTION('',(0.,0.,-1.));
#2230=DIRECTION('center_axis',(0.,-1.,0.));
#2231=DIRECTION('ref_axis',(-1.,0.,0.));
#2232=DIRECTION('',(0.,0.,-1.));
#2233=DIRECTION('center_axis',(0.,1.,0.));
#2234=DIRECTION('ref_axis',(-0.707106781186548,0.,-0.707106781186548));
#2235=DIRECTION('center_axis',(0.,1.,0.));
#2236=DIRECTION('ref_axis',(-0.707106781186548,0.,-0.707106781186548));
#2237=DIRECTION('',(0.,1.,0.));
#2238=DIRECTION('center_axis',(-1.,0.,-6.78469626159818E-16));
#2239=DIRECTION('ref_axis',(-6.78469626159818E-16,0.,1.));
#2240=DIRECTION('',(-6.78469626159818E-16,0.,1.));
#2241=DIRECTION('',(0.,-1.,0.));
#2242=DIRECTION('center_axis',(0.,1.,0.));
#2243=DIRECTION('ref_axis',(-0.707106781186549,0.,0.707106781186546));
#2244=DIRECTION('center_axis',(0.,1.,0.));
#2245=DIRECTION('ref_axis',(-0.707106781186549,0.,0.707106781186546));
#2246=DIRECTION('center_axis',(-1.,4.44089209850063E-16,0.));
#2247=DIRECTION('ref_axis',(4.44089209850063E-16,1.,0.));
#2248=DIRECTION('',(0.,0.,-1.));
#2249=DIRECTION('center_axis',(0.,1.,0.));
#2250=DIRECTION('ref_axis',(-0.707106781186549,0.,0.707106781186546));
#2251=DIRECTION('center_axis',(0.,-1.,0.));
#2252=DIRECTION('ref_axis',(-0.707106781186549,0.,0.707106781186546));
#2253=DIRECTION('',(0.,-1.,0.));
#2254=DIRECTION('center_axis',(-1.,0.,-6.78469626159818E-16));
#2255=DIRECTION('ref_axis',(-6.78469626159818E-16,0.,1.));
#2256=DIRECTION('',(6.78469626159818E-16,0.,-1.));
#2257=DIRECTION('',(0.,1.,0.));
#2258=DIRECTION('center_axis',(0.,1.,0.));
#2259=DIRECTION('ref_axis',(-0.707106781186547,0.,-0.707106781186547));
#2260=DIRECTION('center_axis',(0.,-1.,0.));
#2261=DIRECTION('ref_axis',(-0.707106781186547,0.,-0.707106781186547));
#2262=DIRECTION('',(0.,-1.,0.));
#2263=DIRECTION('center_axis',(3.86164530304403E-16,0.,-1.));
#2264=DIRECTION('ref_axis',(-1.,0.,-3.86164530304403E-16));
#2265=DIRECTION('',(1.,0.,3.86164530304403E-16));
#2266=DIRECTION('center_axis',(0.,1.,0.));
#2267=DIRECTION('ref_axis',(0.,0.,1.));
#2268=CARTESIAN_POINT('',(0.,0.,0.));
#2269=CARTESIAN_POINT('Origin',(-0.097294303623312,8.04762404100708,-20.0956165247051));
#2270=CARTESIAN_POINT('',(1.90270569637669,8.04762404100708,-20.0956165247051));
#2271=CARTESIAN_POINT('Origin',(-0.097294303623312,8.04762404100708,-20.0956165247051));
#2272=CARTESIAN_POINT('',(1.90270569637669,4.04762404100708,-20.0956165247051));
#2273=CARTESIAN_POINT('',(1.90270569637669,8.04762404100708,-20.0956165247051));
#2274=CARTESIAN_POINT('Origin',(-0.097294303623312,4.04762404100708,-20.0956165247051));
#2275=CARTESIAN_POINT('Origin',(4.90270569637669,8.04762404100708,-17.9999999999996));
#2276=CARTESIAN_POINT('',(4.90270569637669,4.04762404100708,-17.9999999999996));
#2277=CARTESIAN_POINT('',(4.90270569637669,8.04762404100708,-17.9999999999996));
#2278=CARTESIAN_POINT('',(4.90270569637669,4.02381202050354,-17.9999999999996));
#2279=CARTESIAN_POINT('',(4.90270569637669,4.04762404100708,-22.9999999999996));
#2280=CARTESIAN_POINT('',(4.90270569637669,4.04762404100708,-17.9999999999996));
#2281=CARTESIAN_POINT('',(4.90270569637669,8.04762404100708,-22.9999999999996));
#2282=CARTESIAN_POINT('',(4.90270569637669,4.04762404100708,-22.9999999999996));
#2283=CARTESIAN_POINT('',(4.90270569637669,8.04762404100708,-17.9999999999996));
#2284=CARTESIAN_POINT('Origin',(-5.09729430362331,8.04762404100708,-17.9999999999996));
#2285=CARTESIAN_POINT('',(-5.09729430362331,8.04762404100708,-17.9999999999996));
#2286=CARTESIAN_POINT('',(3.20135284818844,8.04762404100708,-17.9999999999996));
#2287=CARTESIAN_POINT('',(-5.09729430362331,8.04762404100708,-22.9999999999996));
#2288=CARTESIAN_POINT('',(4.90270569637669,8.04762404100708,-22.9999999999996));
#2289=CARTESIAN_POINT('',(-5.09729430362331,8.04762404100708,-17.9999999999996));
#2290=CARTESIAN_POINT('Origin',(-5.09729430362331,4.04762404100708,-17.9999999999996));
#2291=CARTESIAN_POINT('',(-5.09729430362331,4.04762404100708,-17.9999999999996));
#2292=CARTESIAN_POINT('',(-5.09729430362331,2.02381202050354,-17.9999999999996));
#2293=CARTESIAN_POINT('',(-5.09729430362331,4.04762404100708,-22.9999999999996));
#2294=CARTESIAN_POINT('',(-5.09729430362331,8.04762404100708,-22.9999999999996));
#2295=CARTESIAN_POINT('',(-5.09729430362331,4.04762404100708,-17.9999999999996));
#2296=CARTESIAN_POINT('Origin',(4.90270569637669,4.04762404100708,-17.9999999999996));
#2297=CARTESIAN_POINT('',(8.20135284818844,4.04762404100708,-17.9999999999996));
#2298=CARTESIAN_POINT('',(-5.09729430362331,4.04762404100708,-22.9999999999996));
#2299=CARTESIAN_POINT('Origin',(-0.097294303623312,6.04762404100708,-22.9999999999996));
#2300=CARTESIAN_POINT('Origin',(2.87274708770437,12.4,17.6545058245921));
#2301=CARTESIAN_POINT('',(5.74549417540855,12.5,17.6545058245921));
#2302=CARTESIAN_POINT('',(5.74549417540855,12.4,17.7545058245921));
#2303=CARTESIAN_POINT('Origin',(5.74549417540855,12.4,17.6545058245921));
#2304=CARTESIAN_POINT('',(10.5000000000002,12.4,17.7545058245921));
#2305=CARTESIAN_POINT('',(2.87274708770437,12.4,17.7545058245921));
#2306=CARTESIAN_POINT('',(10.5000000000002,12.5,17.6545058245921));
#2307=CARTESIAN_POINT('Origin',(10.5000000000002,12.4,17.6545058245921));
#2308=CARTESIAN_POINT('',(2.87274708770437,12.5,17.6545058245921));
#2309=CARTESIAN_POINT('Origin',(10.5000000000002,12.4,17.0000000000004));
#2310=CARTESIAN_POINT('',(11.2545058245918,12.4,17.0000000000004));
#2311=CARTESIAN_POINT('',(11.1545058245918,12.5,17.0000000000004));
#2312=CARTESIAN_POINT('Origin',(11.1545058245918,12.4,17.0000000000004));
#2313=CARTESIAN_POINT('Origin',(10.5000000000002,12.5,17.0000000000004));
#2314=CARTESIAN_POINT('Origin',(10.5000000000002,12.4,17.0000000000004));
#2315=CARTESIAN_POINT('Origin',(11.1545058245918,12.4,8.50000000000042));
#2316=CARTESIAN_POINT('',(11.2545058245918,12.4,-16.9999999999996));
#2317=CARTESIAN_POINT('',(11.1545058245918,12.5,-16.9999999999996));
#2318=CARTESIAN_POINT('Origin',(11.1545058245918,12.4,-16.9999999999996));
#2319=CARTESIAN_POINT('',(11.1545058245918,12.5,8.50000000000042));
#2320=CARTESIAN_POINT('',(11.2545058245918,12.4,8.50000000000042));
#2321=CARTESIAN_POINT('Origin',(10.5000000000002,12.4,-16.9999999999996));
#2322=CARTESIAN_POINT('',(10.5000000000002,12.4,-17.7545058245912));
#2323=CARTESIAN_POINT('',(10.5000000000002,12.5,-17.6545058245912));
#2324=CARTESIAN_POINT('Origin',(10.5000000000002,12.4,-17.6545058245912));
#2325=CARTESIAN_POINT('Origin',(10.5000000000002,12.5,-16.9999999999996));
#2326=CARTESIAN_POINT('Origin',(10.5000000000002,12.4,-16.9999999999996));
#2327=CARTESIAN_POINT('Origin',(5.2500000000002,12.4,-17.6545058245912));
#2328=CARTESIAN_POINT('',(-10.4999999999998,12.4,-17.7545058245912));
#2329=CARTESIAN_POINT('',(-10.4999999999998,12.5,-17.6545058245912));
#2330=CARTESIAN_POINT('Origin',(-10.4999999999998,12.4,-17.6545058245912));
#2331=CARTESIAN_POINT('',(5.2500000000002,12.5,-17.6545058245912));
#2332=CARTESIAN_POINT('',(5.2500000000002,12.4,-17.7545058245912));
#2333=CARTESIAN_POINT('Origin',(-10.4999999999998,12.4,-16.9999999999996));
#2334=CARTESIAN_POINT('',(-11.2545058245914,12.4,-16.9999999999996));
#2335=CARTESIAN_POINT('',(-11.1545058245914,12.5,-16.9999999999996));
#2336=CARTESIAN_POINT('Origin',(-11.1545058245914,12.4,-16.9999999999996));
#2337=CARTESIAN_POINT('Origin',(-10.4999999999998,12.5,-16.9999999999996));
#2338=CARTESIAN_POINT('Origin',(-10.4999999999998,12.4,-16.9999999999996));
#2339=CARTESIAN_POINT('Origin',(-11.1545058245914,12.4,-8.49999999999959));
#2340=CARTESIAN_POINT('',(-11.2545058245915,12.4,17.0000000000004));
#2341=CARTESIAN_POINT('',(-11.1545058245915,12.5,17.0000000000004));
#2342=CARTESIAN_POINT('Origin',(-11.1545058245915,12.4,17.0000000000004));
#2343=CARTESIAN_POINT('',(-11.1545058245914,12.5,-8.49999999999959));
#2344=CARTESIAN_POINT('',(-11.2545058245914,12.4,-8.49999999999959));
#2345=CARTESIAN_POINT('Origin',(-10.4999999999998,12.4,17.0000000000004));
#2346=CARTESIAN_POINT('',(-10.4999999999998,12.4,17.7545058245921));
#2347=CARTESIAN_POINT('',(-10.4999999999998,12.5,17.6545058245921));
#2348=CARTESIAN_POINT('Origin',(-10.4999999999998,12.4,17.6545058245921));
#2349=CARTESIAN_POINT('Origin',(-10.4999999999998,12.5,17.0000000000004));
#2350=CARTESIAN_POINT('Origin',(-10.4999999999998,12.4,17.0000000000004));
#2351=CARTESIAN_POINT('Origin',(-5.24999999999981,12.4,17.6545058245921));
#2352=CARTESIAN_POINT('',(-5.74549417540816,12.4,17.7545058245921));
#2353=CARTESIAN_POINT('',(-5.74549417540816,12.5,17.6545058245921));
#2354=CARTESIAN_POINT('Origin',(-5.74549417540816,12.4,17.6545058245921));
#2355=CARTESIAN_POINT('',(-5.24999999999981,12.5,17.6545058245921));
#2356=CARTESIAN_POINT('',(-5.24999999999981,12.4,17.7545058245921));
#2357=CARTESIAN_POINT('Origin',(-10.4999999999998,10.5,17.0000000000004));
#2358=CARTESIAN_POINT('',(-11.2545058245915,10.5,17.0000000000004));
#2359=CARTESIAN_POINT('',(-11.2545058245915,10.5,17.0000000000004));
#2360=CARTESIAN_POINT('',(-10.4999999999998,10.5,17.7545058245921));
#2361=CARTESIAN_POINT('Origin',(-10.4999999999998,10.5,17.0000000000004));
#2362=CARTESIAN_POINT('',(-10.4999999999998,10.5,17.7545058245921));
#2363=CARTESIAN_POINT('Origin',(-11.2545058245914,10.5,-16.9999999999996));
#2364=CARTESIAN_POINT('',(-11.2545058245914,10.5,-16.9999999999996));
#2365=CARTESIAN_POINT('',(-11.2545058245914,10.5,-16.9999999999996));
#2366=CARTESIAN_POINT('',(-11.2545058245914,10.5,-8.49999999999959));
#2367=CARTESIAN_POINT('Origin',(-10.4999999999998,10.5,-16.9999999999996));
#2368=CARTESIAN_POINT('',(-10.4999999999998,10.5,-17.7545058245912));
#2369=CARTESIAN_POINT('',(-10.4999999999998,10.5,-17.7545058245912));
#2370=CARTESIAN_POINT('Origin',(-10.4999999999998,10.5,-16.9999999999996));
#2371=CARTESIAN_POINT('Origin',(10.5000000000002,10.5,-17.7545058245912));
#2372=CARTESIAN_POINT('',(10.5000000000002,10.5,-17.7545058245912));
#2373=CARTESIAN_POINT('',(10.5000000000002,10.5,-17.7545058245912));
#2374=CARTESIAN_POINT('',(5.2500000000002,10.5,-17.7545058245912));
#2375=CARTESIAN_POINT('Origin',(10.5000000000002,10.5,-16.9999999999996));
#2376=CARTESIAN_POINT('',(11.2545058245918,10.5,-16.9999999999996));
#2377=CARTESIAN_POINT('',(11.2545058245918,10.5,-16.9999999999996));
#2378=CARTESIAN_POINT('Origin',(10.5000000000002,10.5,-16.9999999999996));
#2379=CARTESIAN_POINT('Origin',(11.2545058245918,10.5,17.0000000000004));
#2380=CARTESIAN_POINT('',(11.2545058245918,10.5,17.0000000000004));
#2381=CARTESIAN_POINT('',(11.2545058245918,10.5,17.0000000000004));
#2382=CARTESIAN_POINT('',(11.2545058245918,10.5,8.50000000000042));
#2383=CARTESIAN_POINT('Origin',(10.5000000000002,10.5,17.0000000000004));
#2384=CARTESIAN_POINT('',(10.5000000000002,10.5,17.7545058245921));
#2385=CARTESIAN_POINT('',(10.5000000000002,10.5,17.7545058245921));
#2386=CARTESIAN_POINT('Origin',(10.5000000000002,10.5,17.0000000000004));
#2387=CARTESIAN_POINT('Origin',(5.74549417540855,10.5,17.7545058245921));
#2388=CARTESIAN_POINT('',(5.74549417540855,10.5,17.7545058245921));
#2389=CARTESIAN_POINT('',(5.74549417540855,10.5,17.7545058245921));
#2390=CARTESIAN_POINT('',(2.87274708770437,10.5,17.7545058245921));
#2391=CARTESIAN_POINT('Origin',(5.74549417540855,10.5,17.4454941754088));
#2392=CARTESIAN_POINT('',(5.74549417540855,12.5,17.5454941754088));
#2393=CARTESIAN_POINT('',(5.74549417540855,12.5,17.4454941754088));
#2394=CARTESIAN_POINT('',(5.74549417540855,12.4,17.4454941754088));
#2395=CARTESIAN_POINT('Origin',(5.74549417540855,12.4,17.5454941754088));
#2396=CARTESIAN_POINT('',(5.74549417540855,10.5,17.4454941754088));
#2397=CARTESIAN_POINT('',(5.74549417540855,10.5,17.4454941754088));
#2398=CARTESIAN_POINT('',(5.74549417540855,10.5,8.72274708770459));
#2399=CARTESIAN_POINT('Origin',(-2.87274708770399,12.4,17.5454941754088));
#2400=CARTESIAN_POINT('',(-5.74549417540816,12.5,17.5454941754088));
#2401=CARTESIAN_POINT('',(-5.74549417540816,12.4,17.4454941754088));
#2402=CARTESIAN_POINT('Origin',(-5.74549417540816,12.4,17.5454941754088));
#2403=CARTESIAN_POINT('',(-10.4999999999998,12.4,17.4454941754088));
#2404=CARTESIAN_POINT('',(-2.87274708770399,12.4,17.4454941754088));
#2405=CARTESIAN_POINT('',(-10.4999999999998,12.5,17.5454941754088));
#2406=CARTESIAN_POINT('Origin',(-10.4999999999998,12.4,17.5454941754088));
#2407=CARTESIAN_POINT('',(-2.87274708770399,12.5,17.5454941754088));
#2408=CARTESIAN_POINT('Origin',(-10.4999999999998,12.4,17.0000000000004));
#2409=CARTESIAN_POINT('',(-10.9454941754082,12.4,17.0000000000004));
#2410=CARTESIAN_POINT('',(-11.0454941754082,12.5,17.0000000000004));
#2411=CARTESIAN_POINT('Origin',(-11.0454941754082,12.4,17.0000000000004));
#2412=CARTESIAN_POINT('Origin',(-10.4999999999998,12.5,17.0000000000004));
#2413=CARTESIAN_POINT('Origin',(-10.4999999999998,12.4,17.0000000000004));
#2414=CARTESIAN_POINT('Origin',(-11.0454941754082,12.4,8.50000000000041));
#2415=CARTESIAN_POINT('',(-10.9454941754081,12.4,-16.9999999999996));
#2416=CARTESIAN_POINT('',(-11.0454941754081,12.5,-16.9999999999996));
#2417=CARTESIAN_POINT('Origin',(-11.0454941754081,12.4,-16.9999999999996));
#2418=CARTESIAN_POINT('',(-11.0454941754082,12.5,8.50000000000041));
#2419=CARTESIAN_POINT('',(-10.9454941754082,12.4,8.50000000000041));
#2420=CARTESIAN_POINT('Origin',(-10.4999999999998,12.4,-16.9999999999996));
#2421=CARTESIAN_POINT('',(-10.4999999999998,12.4,-17.4454941754079));
#2422=CARTESIAN_POINT('',(-10.4999999999998,12.5,-17.5454941754079));
#2423=CARTESIAN_POINT('Origin',(-10.4999999999998,12.4,-17.5454941754079));
#2424=CARTESIAN_POINT('Origin',(-10.4999999999998,12.5,-16.9999999999996));
#2425=CARTESIAN_POINT('Origin',(-10.4999999999998,12.4,-16.9999999999996));
#2426=CARTESIAN_POINT('Origin',(-5.24999999999979,12.4,-17.5454941754079));
#2427=CARTESIAN_POINT('',(10.5000000000002,12.4,-17.4454941754079));
#2428=CARTESIAN_POINT('',(10.5000000000002,12.5,-17.5454941754079));
#2429=CARTESIAN_POINT('Origin',(10.5000000000002,12.4,-17.5454941754079));
#2430=CARTESIAN_POINT('',(-5.24999999999979,12.5,-17.5454941754079));
#2431=CARTESIAN_POINT('',(-5.24999999999979,12.4,-17.4454941754079));
#2432=CARTESIAN_POINT('Origin',(10.5000000000002,12.4,-16.9999999999996));
#2433=CARTESIAN_POINT('',(10.9454941754086,12.4,-16.9999999999996));
#2434=CARTESIAN_POINT('',(11.0454941754086,12.5,-16.9999999999996));
#2435=CARTESIAN_POINT('Origin',(11.0454941754086,12.4,-16.9999999999996));
#2436=CARTESIAN_POINT('Origin',(10.5000000000002,12.5,-16.9999999999996));
#2437=CARTESIAN_POINT('Origin',(10.5000000000002,12.4,-16.9999999999996));
#2438=CARTESIAN_POINT('Origin',(11.0454941754086,12.4,-8.49999999999958));
#2439=CARTESIAN_POINT('',(10.9454941754085,12.4,17.0000000000004));
#2440=CARTESIAN_POINT('',(11.0454941754085,12.5,17.0000000000004));
#2441=CARTESIAN_POINT('Origin',(11.0454941754085,12.4,17.0000000000004));
#2442=CARTESIAN_POINT('',(11.0454941754086,12.5,-8.49999999999958));
#2443=CARTESIAN_POINT('',(10.9454941754085,12.4,-8.49999999999958));
#2444=CARTESIAN_POINT('Origin',(10.5000000000002,12.4,17.0000000000004));
#2445=CARTESIAN_POINT('',(10.5000000000002,12.4,17.4454941754088));
#2446=CARTESIAN_POINT('',(10.5000000000002,12.5,17.5454941754088));
#2447=CARTESIAN_POINT('Origin',(10.5000000000002,12.4,17.5454941754088));
#2448=CARTESIAN_POINT('Origin',(10.5000000000002,12.5,17.0000000000004));
#2449=CARTESIAN_POINT('Origin',(10.5000000000002,12.4,17.0000000000004));
#2450=CARTESIAN_POINT('Origin',(5.25000000000019,12.4,17.5454941754088));
#2451=CARTESIAN_POINT('',(5.25000000000019,12.5,17.5454941754088));
#2452=CARTESIAN_POINT('',(5.25000000000019,12.4,17.4454941754088));
#2453=CARTESIAN_POINT('Origin',(1.93178806284777E-13,12.5,4.13002965160558E-13));
#2454=CARTESIAN_POINT('',(-5.74549417540816,12.5,17.7545058245921));
#2455=CARTESIAN_POINT('Origin',(10.5000000000002,10.5,17.0000000000004));
#2456=CARTESIAN_POINT('',(10.9454941754085,10.5,17.0000000000004));
#2457=CARTESIAN_POINT('',(10.9454941754085,10.5,17.0000000000004));
#2458=CARTESIAN_POINT('',(10.5000000000002,10.5,17.4454941754088));
#2459=CARTESIAN_POINT('Origin',(10.5000000000002,10.5,17.0000000000004));
#2460=CARTESIAN_POINT('',(10.5000000000002,10.5,17.4454941754088));
#2461=CARTESIAN_POINT('Origin',(10.9454941754086,10.5,-16.9999999999996));
#2462=CARTESIAN_POINT('',(10.9454941754086,10.5,-16.9999999999996));
#2463=CARTESIAN_POINT('',(10.9454941754086,10.5,-16.9999999999996));
#2464=CARTESIAN_POINT('',(10.9454941754085,10.5,-8.49999999999958));
#2465=CARTESIAN_POINT('Origin',(10.5000000000002,10.5,-16.9999999999996));
#2466=CARTESIAN_POINT('',(10.5000000000002,10.5,-17.4454941754079));
#2467=CARTESIAN_POINT('',(10.5000000000002,10.5,-17.4454941754079));
#2468=CARTESIAN_POINT('Origin',(10.5000000000002,10.5,-16.9999999999996));
#2469=CARTESIAN_POINT('Origin',(-10.4999999999998,10.5,-17.4454941754079));
#2470=CARTESIAN_POINT('',(-10.4999999999998,10.5,-17.4454941754079));
#2471=CARTESIAN_POINT('',(-10.4999999999998,10.5,-17.4454941754079));
#2472=CARTESIAN_POINT('',(-5.24999999999979,10.5,-17.4454941754079));
#2473=CARTESIAN_POINT('Origin',(-10.4999999999998,10.5,-16.9999999999996));
#2474=CARTESIAN_POINT('',(-10.9454941754081,10.5,-16.9999999999996));
#2475=CARTESIAN_POINT('',(-10.9454941754081,10.5,-16.9999999999996));
#2476=CARTESIAN_POINT('Origin',(-10.4999999999998,10.5,-16.9999999999996));
#2477=CARTESIAN_POINT('Origin',(-10.9454941754082,10.5,17.0000000000004));
#2478=CARTESIAN_POINT('',(-10.9454941754082,10.5,17.0000000000004));
#2479=CARTESIAN_POINT('',(-10.9454941754082,10.5,17.0000000000004));
#2480=CARTESIAN_POINT('',(-10.9454941754082,10.5,8.50000000000041));
#2481=CARTESIAN_POINT('Origin',(-10.4999999999998,10.5,17.0000000000004));
#2482=CARTESIAN_POINT('',(-10.4999999999998,10.5,17.4454941754088));
#2483=CARTESIAN_POINT('',(-10.4999999999998,10.5,17.4454941754088));
#2484=CARTESIAN_POINT('Origin',(-10.4999999999998,10.5,17.0000000000004));
#2485=CARTESIAN_POINT('Origin',(-5.74549417540816,10.5,17.4454941754088));
#2486=CARTESIAN_POINT('',(-5.74549417540816,10.5,17.4454941754088));
#2487=CARTESIAN_POINT('',(-5.74549417540816,10.5,17.4454941754088));
#2488=CARTESIAN_POINT('',(-2.87274708770399,10.5,17.4454941754088));
#2489=CARTESIAN_POINT('Origin',(-5.74549417540816,10.5,17.7545058245921));
#2490=CARTESIAN_POINT('',(-5.74549417540816,10.5,17.7545058245921));
#2491=CARTESIAN_POINT('',(-5.74549417540816,10.5,17.7545058245921));
#2492=CARTESIAN_POINT('',(-5.74549417540816,10.5,8.87725291229624));
#2493=CARTESIAN_POINT('Origin',(-10.4999999999998,10.5,17.7545058245921));
#2494=CARTESIAN_POINT('',(-5.24999999999981,10.5,17.7545058245921));
#2495=CARTESIAN_POINT('Origin',(10.5000000000002,10.5,17.4454941754088));
#2496=CARTESIAN_POINT('',(5.25000000000019,10.5,17.4454941754088));
#2497=CARTESIAN_POINT('Origin',(11.2000000000002,8.5,12.0071864935001));
#2498=CARTESIAN_POINT('',(10.7000000000002,8.5,6.01437298699968));
#2499=CARTESIAN_POINT('',(11.2000000000002,8.,6.01437298699968));
#2500=CARTESIAN_POINT('Origin',(11.2000000000002,8.5,6.01437298699968));
#2501=CARTESIAN_POINT('',(11.2000000000002,8.,12.0143729869997));
#2502=CARTESIAN_POINT('',(11.2000000000002,8.,12.0071864935001));
#2503=CARTESIAN_POINT('',(10.7000000000002,8.5,12.0143729869997));
#2504=CARTESIAN_POINT('Origin',(11.2000000000002,8.5,12.0143729869997));
#2505=CARTESIAN_POINT('',(10.7000000000002,8.5,12.0071864935001));
#2506=CARTESIAN_POINT('Origin',(11.4999999999998,8.,6.01437298699968));
#2507=CARTESIAN_POINT('',(11.4999999999998,8.,6.01437298699968));
#2508=CARTESIAN_POINT('',(11.4999999999998,8.,6.01437298699968));
#2509=CARTESIAN_POINT('',(11.4999999999998,8.,12.0143729869997));
#2510=CARTESIAN_POINT('',(11.5000000000002,8.,12.0071864935001));
#2511=CARTESIAN_POINT('',(11.4999999999998,8.,12.0143729869997));
#2512=CARTESIAN_POINT('Origin',(-11.1999999999998,8.5,-5.99281350649995));
#2513=CARTESIAN_POINT('',(-10.6999999999998,8.5,12.0143729869997));
#2514=CARTESIAN_POINT('',(-11.1999999999998,8.,12.0143729869997));
#2515=CARTESIAN_POINT('Origin',(-11.1999999999998,8.5,12.0143729869997));
#2516=CARTESIAN_POINT('',(-11.1999999999998,8.,6.01437298699968));
#2517=CARTESIAN_POINT('',(-11.1999999999998,8.,-5.99281350649995));
#2518=CARTESIAN_POINT('',(-10.6999999999998,8.5,6.01437298699968));
#2519=CARTESIAN_POINT('Origin',(-11.1999999999998,8.5,6.01437298699968));
#2520=CARTESIAN_POINT('',(-10.6999999999998,8.5,-5.99281350649995));
#2521=CARTESIAN_POINT('Origin',(-11.4999999999998,8.,6.01437298699968));
#2522=CARTESIAN_POINT('',(-11.4999999999998,8.,12.0143729869997));
#2523=CARTESIAN_POINT('',(-11.4999999999998,8.,12.0143729869997));
#2524=CARTESIAN_POINT('',(-11.4999999999998,8.,6.01437298699968));
#2525=CARTESIAN_POINT('',(-11.4999999999998,8.,-5.99281350649995));
#2526=CARTESIAN_POINT('',(-11.4999999999998,8.,6.01437298699968));
#2527=CARTESIAN_POINT('Origin',(11.4999999999998,5.,12.0143729869997));
#2528=CARTESIAN_POINT('',(10.6999999999998,5.,12.0143729869997));
#2529=CARTESIAN_POINT('',(10.6999999999998,5.,6.01437298699968));
#2530=CARTESIAN_POINT('',(10.7000000000002,5.,15.0071864935001));
#2531=CARTESIAN_POINT('',(11.4999999999998,5.,12.0143729869997));
#2532=CARTESIAN_POINT('',(11.4999999999998,5.,12.0143729869997));
#2533=CARTESIAN_POINT('',(11.4999999999998,5.,6.01437298699968));
#2534=CARTESIAN_POINT('',(11.5000000000002,5.,15.0071864935001));
#2535=CARTESIAN_POINT('',(11.4999999999998,5.,6.01437298699968));
#2536=CARTESIAN_POINT('Origin',(11.4999999999998,8.,12.0143729869997));
#2537=CARTESIAN_POINT('',(10.7000000000002,4.,12.0143729869997));
#2538=CARTESIAN_POINT('',(11.5000000000002,4.,12.0143729869997));
#2539=CARTESIAN_POINT('Origin',(11.4999999999998,5.,6.01437298699968));
#2540=CARTESIAN_POINT('',(10.7000000000002,2.5,6.01437298699968));
#2541=CARTESIAN_POINT('',(11.5000000000002,2.5,6.01437298699968));
#2542=CARTESIAN_POINT('Origin',(-11.4999999999998,5.,12.0143729869997));
#2543=CARTESIAN_POINT('',(-10.6999999999998,5.,6.01437298699968));
#2544=CARTESIAN_POINT('',(-10.6999999999998,5.,12.0143729869997));
#2545=CARTESIAN_POINT('',(-10.6999999999998,5.,-2.99281350649995));
#2546=CARTESIAN_POINT('',(-11.4999999999998,5.,6.01437298699968));
#2547=CARTESIAN_POINT('',(-11.4999999999998,5.,6.01437298699968));
#2548=CARTESIAN_POINT('',(-11.4999999999998,5.,12.0143729869997));
#2549=CARTESIAN_POINT('',(-11.4999999999998,5.,-2.99281350649995));
#2550=CARTESIAN_POINT('',(-11.4999999999998,5.,12.0143729869997));
#2551=CARTESIAN_POINT('Origin',(-11.4999999999998,8.,12.0143729869997));
#2552=CARTESIAN_POINT('',(-10.6999999999998,4.,12.0143729869997));
#2553=CARTESIAN_POINT('',(-11.4999999999998,4.,12.0143729869997));
#2554=CARTESIAN_POINT('Origin',(-11.4999999999998,5.,6.01437298699968));
#2555=CARTESIAN_POINT('',(-10.6999999999998,2.5,6.01437298699968));
#2556=CARTESIAN_POINT('',(-11.4999999999998,2.5,6.01437298699968));
#2557=CARTESIAN_POINT('Origin',(11.5000000000002,0.,-17.9999999999996));
#2558=CARTESIAN_POINT('',(10.5000000000002,10.5,-17.9999999999996));
#2559=CARTESIAN_POINT('',(-10.4999999999998,10.5,-17.9999999999996));
#2560=CARTESIAN_POINT('',(5.7500000000002,10.5,-17.9999999999996));
#2561=CARTESIAN_POINT('',(10.5000000000002,1.,-17.9999999999996));
#2562=CARTESIAN_POINT('',(10.5000000000002,0.,-17.9999999999996));
#2563=CARTESIAN_POINT('',(-10.4999999999998,1.,-17.9999999999996));
#2564=CARTESIAN_POINT('',(5.7500000000002,1.,-17.9999999999996));
#2565=CARTESIAN_POINT('',(-10.4999999999998,0.,-17.9999999999996));
#2566=CARTESIAN_POINT('Origin',(-11.4999999999998,0.,18.0000000000004));
#2567=CARTESIAN_POINT('',(5.5000000000002,10.5,18.0000000000004));
#2568=CARTESIAN_POINT('',(10.5000000000002,10.5,18.0000000000004));
#2569=CARTESIAN_POINT('',(-5.74999999999981,10.5,18.0000000000004));
#2570=CARTESIAN_POINT('',(5.5000000000002,9.54401066150293,18.0000000000004));
#2571=CARTESIAN_POINT('',(5.5000000000002,9.77200533075147,18.0000000000004));
#2572=CARTESIAN_POINT('',(-5.4999999999998,9.54401066150293,18.0000000000004));
#2573=CARTESIAN_POINT('',(-2.99999999999981,9.54401066150293,18.0000000000004));
#2574=CARTESIAN_POINT('',(-5.4999999999998,10.5,18.0000000000004));
#2575=CARTESIAN_POINT('',(-5.49999999999981,4.77200533075147,18.0000000000004));
#2576=CARTESIAN_POINT('',(-10.4999999999998,10.5,18.0000000000004));
#2577=CARTESIAN_POINT('',(-5.74999999999981,10.5,18.0000000000004));
#2578=CARTESIAN_POINT('',(-10.4999999999998,1.,18.0000000000004));
#2579=CARTESIAN_POINT('',(-10.4999999999998,0.,18.0000000000004));
#2580=CARTESIAN_POINT('',(10.5000000000002,1.,18.0000000000004));
#2581=CARTESIAN_POINT('',(-5.74999999999981,1.,18.0000000000004));
#2582=CARTESIAN_POINT('',(10.5000000000002,0.,18.0000000000004));
#2583=CARTESIAN_POINT('Origin',(1.93178806284777E-13,0.,4.15223411209809E-13));
#2584=CARTESIAN_POINT('',(10.5000000000002,0.,17.0000000000004));
#2585=CARTESIAN_POINT('',(10.5000000000002,0.,-16.9999999999996));
#2586=CARTESIAN_POINT('',(10.5000000000002,0.,9.00000000000042));
#2587=CARTESIAN_POINT('',(-10.4999999999998,0.,17.0000000000004));
#2588=CARTESIAN_POINT('',(-5.74999999999981,0.,17.0000000000004));
#2589=CARTESIAN_POINT('',(-10.4999999999998,0.,-16.9999999999996));
#2590=CARTESIAN_POINT('',(-10.4999999999998,0.,-8.99999999999959));
#2591=CARTESIAN_POINT('',(5.7500000000002,0.,-16.9999999999996));
#2592=CARTESIAN_POINT('Origin',(11.5000000000002,0.,18.0000000000004));
#2593=CARTESIAN_POINT('',(11.5000000000002,10.5,17.0000000000004));
#2594=CARTESIAN_POINT('',(11.5000000000002,10.5,-16.9999999999996));
#2595=CARTESIAN_POINT('',(11.5000000000002,10.5,9.00000000000042));
#2596=CARTESIAN_POINT('',(11.5000000000002,1.,17.0000000000004));
#2597=CARTESIAN_POINT('',(11.5000000000002,0.,17.0000000000004));
#2598=CARTESIAN_POINT('',(11.5000000000002,1.,-16.9999999999996));
#2599=CARTESIAN_POINT('',(11.5000000000002,1.,9.00000000000042));
#2600=CARTESIAN_POINT('',(11.5000000000002,0.,-16.9999999999996));
#2601=CARTESIAN_POINT('Origin',(10.5000000000002,0.,-16.9999999999996));
#2602=CARTESIAN_POINT('Origin',(10.5000000000002,10.5,-16.9999999999996));
#2603=CARTESIAN_POINT('Origin',(10.5000000000002,1.,-16.9999999999996));
#2604=CARTESIAN_POINT('Origin',(5.7500000000002,1.,-16.9999999999996));
#2605=CARTESIAN_POINT('Origin',(-10.4999999999998,1.,-16.9999999999996));
#2606=CARTESIAN_POINT('Origin',(10.5000000000002,1.,-16.9999999999996));
#2607=CARTESIAN_POINT('Origin',(-5.74999999999981,1.,17.0000000000004));
#2608=CARTESIAN_POINT('Origin',(10.5000000000002,1.,17.0000000000004));
#2609=CARTESIAN_POINT('Origin',(-10.4999999999998,1.,17.0000000000004));
#2610=CARTESIAN_POINT('Origin',(10.5000000000002,0.,17.0000000000004));
#2611=CARTESIAN_POINT('Origin',(10.5000000000002,10.5,17.0000000000004));
#2612=CARTESIAN_POINT('Origin',(10.5000000000002,1.,17.0000000000004));
#2613=CARTESIAN_POINT('Origin',(10.5000000000002,1.,9.00000000000042));
#2614=CARTESIAN_POINT('Origin',(10.5000000000002,1.,-16.9999999999996));
#2615=CARTESIAN_POINT('Origin',(10.5000000000002,1.,17.0000000000004));
#2616=CARTESIAN_POINT('Origin',(10.5000000000002,1.,17.0000000000004));
#2617=CARTESIAN_POINT('Origin',(10.5000000000002,1.,-16.9999999999996));
#2618=CARTESIAN_POINT('Origin',(-10.4999999999998,1.,-8.99999999999959));
#2619=CARTESIAN_POINT('',(-11.4999999999998,1.,17.0000000000004));
#2620=CARTESIAN_POINT('Origin',(-10.4999999999998,1.,17.0000000000004));
#2621=CARTESIAN_POINT('',(-11.4999999999998,1.,-16.9999999999996));
#2622=CARTESIAN_POINT('',(-11.4999999999998,1.,-8.99999999999959));
#2623=CARTESIAN_POINT('Origin',(-10.4999999999998,1.,-16.9999999999996));
#2624=CARTESIAN_POINT('Origin',(-10.4999999999998,1.,17.0000000000004));
#2625=CARTESIAN_POINT('Origin',(-10.4999999999998,1.,17.0000000000004));
#2626=CARTESIAN_POINT('Origin',(-10.4999999999998,1.,-16.9999999999996));
#2627=CARTESIAN_POINT('Origin',(-10.4999999999998,1.,-16.9999999999996));
#2628=CARTESIAN_POINT('Origin',(-11.4999999999998,0.,17.2000000000004));
#2629=CARTESIAN_POINT('',(10.5000000000002,10.5,17.2000000000004));
#2630=CARTESIAN_POINT('',(5.5000000000002,10.5,17.2000000000004));
#2631=CARTESIAN_POINT('',(-5.74999999999981,10.5,17.2000000000004));
#2632=CARTESIAN_POINT('',(10.5000000000002,1.,17.2000000000004));
#2633=CARTESIAN_POINT('',(10.5000000000002,0.,17.2000000000004));
#2634=CARTESIAN_POINT('',(-10.4999999999998,1.,17.2000000000004));
#2635=CARTESIAN_POINT('',(-5.74999999999981,1.,17.2000000000004));
#2636=CARTESIAN_POINT('',(-10.4999999999998,10.5,17.2000000000004));
#2637=CARTESIAN_POINT('',(-10.4999999999998,0.,17.2000000000004));
#2638=CARTESIAN_POINT('',(-5.4999999999998,10.5,17.2000000000004));
#2639=CARTESIAN_POINT('',(-5.74999999999981,10.5,17.2000000000004));
#2640=CARTESIAN_POINT('',(-5.4999999999998,9.54401066150293,17.2000000000004));
#2641=CARTESIAN_POINT('',(-5.49999999999981,4.77200533075147,17.2000000000004));
#2642=CARTESIAN_POINT('',(5.5000000000002,9.54401066150293,17.2000000000004));
#2643=CARTESIAN_POINT('',(-2.99999999999981,9.54401066150293,17.2000000000004));
#2644=CARTESIAN_POINT('',(5.5000000000002,9.77200533075147,17.2000000000004));
#2645=CARTESIAN_POINT('Origin',(1.93178806284777E-13,0.8,4.15223411209809E-13));
#2646=CARTESIAN_POINT('',(10.5000000000002,0.8,17.0000000000004));
#2647=CARTESIAN_POINT('',(10.5000000000002,0.8,-16.9999999999996));
#2648=CARTESIAN_POINT('',(10.5000000000002,0.8,9.00000000000042));
#2649=CARTESIAN_POINT('',(-10.4999999999998,0.8,-16.9999999999996));
#2650=CARTESIAN_POINT('',(5.7500000000002,0.8,-16.9999999999996));
#2651=CARTESIAN_POINT('',(-10.4999999999998,0.8,17.0000000000004));
#2652=CARTESIAN_POINT('',(-10.4999999999998,0.8,-8.99999999999959));
#2653=CARTESIAN_POINT('',(-5.74999999999981,0.8,17.0000000000004));
#2654=CARTESIAN_POINT('Origin',(10.7000000000002,0.,18.0000000000004));
#2655=CARTESIAN_POINT('',(10.7000000000002,10.5,-16.9999999999996));
#2656=CARTESIAN_POINT('',(10.7000000000002,10.5,17.0000000000004));
#2657=CARTESIAN_POINT('',(10.7000000000002,10.5,9.00000000000042));
#2658=CARTESIAN_POINT('',(10.7000000000002,1.,-16.9999999999996));
#2659=CARTESIAN_POINT('',(10.7000000000002,0.,-16.9999999999996));
#2660=CARTESIAN_POINT('',(10.7000000000002,1.,17.0000000000004));
#2661=CARTESIAN_POINT('',(10.7000000000002,1.,9.00000000000042));
#2662=CARTESIAN_POINT('',(10.7000000000002,0.,17.0000000000004));
#2663=CARTESIAN_POINT('Origin',(10.5000000000002,0.,-16.9999999999996));
#2664=CARTESIAN_POINT('',(10.5000000000002,10.5,-17.1999999999996));
#2665=CARTESIAN_POINT('Origin',(10.5000000000002,10.5,-16.9999999999996));
#2666=CARTESIAN_POINT('',(10.5000000000002,1.,-17.1999999999996));
#2667=CARTESIAN_POINT('',(10.5000000000002,0.,-17.1999999999996));
#2668=CARTESIAN_POINT('Origin',(10.5000000000002,1.,-16.9999999999996));
#2669=CARTESIAN_POINT('Origin',(5.7500000000002,1.,-16.9999999999996));
#2670=CARTESIAN_POINT('',(-10.4999999999998,1.,-17.1999999999996));
#2671=CARTESIAN_POINT('Origin',(-10.4999999999998,1.,-16.9999999999996));
#2672=CARTESIAN_POINT('Origin',(10.5000000000002,1.,-16.9999999999996));
#2673=CARTESIAN_POINT('',(5.7500000000002,1.,-17.1999999999996));
#2674=CARTESIAN_POINT('Origin',(-5.74999999999981,1.,17.0000000000004));
#2675=CARTESIAN_POINT('Origin',(10.5000000000002,1.,17.0000000000004));
#2676=CARTESIAN_POINT('Origin',(-10.4999999999998,1.,17.0000000000004));
#2677=CARTESIAN_POINT('Origin',(10.5000000000002,0.,17.0000000000004));
#2678=CARTESIAN_POINT('Origin',(10.5000000000002,10.5,17.0000000000004));
#2679=CARTESIAN_POINT('Origin',(10.5000000000002,1.,17.0000000000004));
#2680=CARTESIAN_POINT('Origin',(10.5000000000002,1.,9.00000000000042));
#2681=CARTESIAN_POINT('Origin',(10.5000000000002,1.,-16.9999999999996));
#2682=CARTESIAN_POINT('Origin',(10.5000000000002,1.,17.0000000000004));
#2683=CARTESIAN_POINT('Origin',(10.5000000000002,1.,17.0000000000004));
#2684=CARTESIAN_POINT('Origin',(10.5000000000002,1.,-16.9999999999996));
#2685=CARTESIAN_POINT('Origin',(-10.4999999999998,1.,-8.99999999999959));
#2686=CARTESIAN_POINT('',(-10.6999999999998,1.,17.0000000000004));
#2687=CARTESIAN_POINT('Origin',(-10.4999999999998,1.,17.0000000000004));
#2688=CARTESIAN_POINT('',(-10.6999999999998,1.,-16.9999999999996));
#2689=CARTESIAN_POINT('Origin',(-10.4999999999998,1.,-16.9999999999996));
#2690=CARTESIAN_POINT('',(-10.6999999999998,1.,-8.99999999999959));
#2691=CARTESIAN_POINT('Origin',(-10.4999999999998,1.,17.0000000000004));
#2692=CARTESIAN_POINT('Origin',(-10.4999999999998,1.,17.0000000000004));
#2693=CARTESIAN_POINT('Origin',(-10.4999999999998,1.,-16.9999999999996));
#2694=CARTESIAN_POINT('Origin',(-10.4999999999998,1.,-16.9999999999996));
#2695=CARTESIAN_POINT('Origin',(5.50000000000019,19.5440106615029,18.0000000000004));
#2696=CARTESIAN_POINT('',(5.5000000000002,10.5,9.00000000000041));
#2697=CARTESIAN_POINT('',(5.5000000000002,9.54401066150293,18.0000000000004));
#2698=CARTESIAN_POINT('Origin',(5.5000000000002,9.54401066150293,18.0000000000004));
#2699=CARTESIAN_POINT('',(-5.4999999999998,9.54401066150293,18.0000000000004));
#2700=CARTESIAN_POINT('Origin',(-10.4999999999998,0.,-16.9999999999996));
#2701=CARTESIAN_POINT('',(-11.4999999999998,10.5,-16.9999999999996));
#2702=CARTESIAN_POINT('Origin',(-10.4999999999998,10.5,-16.9999999999996));
#2703=CARTESIAN_POINT('',(-11.4999999999998,0.,-16.9999999999996));
#2704=CARTESIAN_POINT('Origin',(-11.4999999999998,0.,-17.9999999999996));
#2705=CARTESIAN_POINT('',(-11.4999999999998,10.5,17.0000000000004));
#2706=CARTESIAN_POINT('',(-11.4999999999998,10.5,-8.99999999999959));
#2707=CARTESIAN_POINT('',(-11.4999999999998,0.,17.0000000000004));
#2708=CARTESIAN_POINT('Origin',(-10.4999999999998,0.,17.0000000000004));
#2709=CARTESIAN_POINT('Origin',(-10.4999999999998,10.5,17.0000000000004));
#2710=CARTESIAN_POINT('Origin',(-5.4999999999998,9.54401066150293,18.0000000000004));
#2711=CARTESIAN_POINT('',(-5.4999999999998,10.5,9.00000000000041));
#2712=CARTESIAN_POINT('Origin',(-10.4999999999998,0.,17.0000000000004));
#2713=CARTESIAN_POINT('',(-10.6999999999998,10.5,17.0000000000004));
#2714=CARTESIAN_POINT('Origin',(-10.4999999999998,10.5,17.0000000000004));
#2715=CARTESIAN_POINT('',(-10.6999999999998,0.,17.0000000000004));
#2716=CARTESIAN_POINT('Origin',(-10.6999999999998,0.,-17.9999999999996));
#2717=CARTESIAN_POINT('',(-10.6999999999998,10.5,-16.9999999999996));
#2718=CARTESIAN_POINT('',(-10.6999999999998,10.5,-8.99999999999959));
#2719=CARTESIAN_POINT('',(-10.6999999999998,0.,-16.9999999999996));
#2720=CARTESIAN_POINT('Origin',(-10.4999999999998,0.,-16.9999999999996));
#2721=CARTESIAN_POINT('',(-10.4999999999998,10.5,-17.1999999999996));
#2722=CARTESIAN_POINT('Origin',(-10.4999999999998,10.5,-16.9999999999996));
#2723=CARTESIAN_POINT('',(-10.4999999999998,0.,-17.1999999999996));
#2724=CARTESIAN_POINT('Origin',(11.5000000000002,0.,-17.1999999999996));
#2725=CARTESIAN_POINT('',(5.7500000000002,10.5,-17.1999999999996));
#2726=CARTESIAN_POINT('Origin',(1.93178806284777E-13,10.5,4.14113188185183E-13));
#2727=UNCERTAINTY_MEASURE_WITH_UNIT(LENGTH_MEASURE(0.01),#2731,
'DISTANCE_ACCURACY_VALUE',
'Maximum model space distance between geometric entities at asserted c
onnectivities');
#2728=UNCERTAINTY_MEASURE_WITH_UNIT(LENGTH_MEASURE(0.01),#2731,
'DISTANCE_ACCURACY_VALUE',
'Maximum model space distance between geometric entities at asserted c
onnectivities');
#2729=(
GEOMETRIC_REPRESENTATION_CONTEXT(3)
GLOBAL_UNCERTAINTY_ASSIGNED_CONTEXT((#2727))
GLOBAL_UNIT_ASSIGNED_CONTEXT((#2731,#2732,#2733))
REPRESENTATION_CONTEXT('','3D')
);
#2730=(
GEOMETRIC_REPRESENTATION_CONTEXT(3)
GLOBAL_UNCERTAINTY_ASSIGNED_CONTEXT((#2728))
GLOBAL_UNIT_ASSIGNED_CONTEXT((#2731,#2732,#2733))
REPRESENTATION_CONTEXT('','3D')
);
#2731=(
LENGTH_UNIT()
NAMED_UNIT(*)
SI_UNIT(.MILLI.,.METRE.)
);
#2732=(
NAMED_UNIT(*)
PLANE_ANGLE_UNIT()
SI_UNIT($,.RADIAN.)
);
#2733=(
NAMED_UNIT(*)
SI_UNIT($,.STERADIAN.)
SOLID_ANGLE_UNIT()
);
#2734=SHAPE_DEFINITION_REPRESENTATION(#2735,#2736);
#2735=PRODUCT_DEFINITION_SHAPE('',$,#2738);
#2736=SHAPE_REPRESENTATION('',(#1595),#2729);
#2737=PRODUCT_DEFINITION_CONTEXT('part definition',#2742,'design');
#2738=PRODUCT_DEFINITION('Case','Case v3',#2739,#2737);
#2739=PRODUCT_DEFINITION_FORMATION('',$,#2744);
#2740=PRODUCT_RELATED_PRODUCT_CATEGORY('Case v3','Case v3',(#2744));
#2741=APPLICATION_PROTOCOL_DEFINITION('international standard',
'automotive_design',2009,#2742);
#2742=APPLICATION_CONTEXT(
'Core Data for Automotive Mechanical Design Process');
#2743=PRODUCT_CONTEXT('part definition',#2742,'mechanical');
#2744=PRODUCT('Case','Case v3',$,(#2743));
#2745=PRESENTATION_STYLE_ASSIGNMENT((#2748));
#2746=PRESENTATION_STYLE_ASSIGNMENT((#2749));
#2747=PRESENTATION_STYLE_ASSIGNMENT((#2750));
#2748=SURFACE_STYLE_USAGE(.BOTH.,#2751);
#2749=SURFACE_STYLE_USAGE(.BOTH.,#2752);
#2750=SURFACE_STYLE_USAGE(.BOTH.,#2753);
#2751=SURFACE_SIDE_STYLE('',(#2754));
#2752=SURFACE_SIDE_STYLE('',(#2755));
#2753=SURFACE_SIDE_STYLE('',(#2756));
#2754=SURFACE_STYLE_FILL_AREA(#2757);
#2755=SURFACE_STYLE_FILL_AREA(#2758);
#2756=SURFACE_STYLE_FILL_AREA(#2759);
#2757=FILL_AREA_STYLE('Steel - Satin',(#2760));
#2758=FILL_AREA_STYLE('Plastic - Matte (Yellow)',(#2761));
#2759=FILL_AREA_STYLE('Plastic - Matte (Black)',(#2762));
#2760=FILL_AREA_STYLE_COLOUR('Steel - Satin',#2763);
#2761=FILL_AREA_STYLE_COLOUR('Plastic - Matte (Yellow)',#2764);
#2762=FILL_AREA_STYLE_COLOUR('Plastic - Matte (Black)',#2765);
#2763=COLOUR_RGB('Steel - Satin',0.627450980392157,0.627450980392157,0.627450980392157);
#2764=COLOUR_RGB('Plastic - Matte (Yellow)',0.909803921568627,0.67843137254902,
0.137254901960784);
#2765=COLOUR_RGB('Plastic - Matte (Black)',0.0980392156862745,0.0980392156862745,
0.0980392156862745);
ENDSEC;
END-ISO-10303-21;
