ISO-10303-21;
HEADER;
/* Generated by software containing ST-Developer
 * from STEP Tools, Inc. (www.steptools.com) 
 */

FILE_DESCRIPTION(
/* description */ (''),
/* implementation_level */ '2;1');

FILE_NAME(
/* name */ 'Tamagotchi Case 2.step',
/* time_stamp */ '2026-06-08T02:48:31+08:00',
/* author */ (''),
/* organization */ (''),
/* preprocessor_version */ 'ST-DEVELOPER v20.1',
/* originating_system */ 'Autodesk Translation Framework v15.8.0.0',
/* authorisation */ '');

FILE_SCHEMA (('AUTOMOTIVE_DESIGN { 1 0 10303 214 3 1 1 }'));
ENDSEC;

DATA;
#10=MECHANICAL_DESIGN_GEOMETRIC_PRESENTATION_REPRESENTATION('',(#13),#3793);
#11=SHAPE_REPRESENTATION_RELATIONSHIP('SRR','None',#3799,#12);
#12=ADVANCED_BREP_SHAPE_REPRESENTATION('',(#14),#3792);
#13=STYLED_ITEM('',(#3809),#14);
#14=MANIFOLD_SOLID_BREP('Cover',#2269);
#15=SPHERICAL_SURFACE('',#2435,0.200000000000001);
#16=SPHERICAL_SURFACE('',#2439,0.200000000000001);
#17=SPHERICAL_SURFACE('',#2443,0.200000000000001);
#18=SPHERICAL_SURFACE('',#2446,0.200000000000001);
#19=SPHERICAL_SURFACE('',#2458,1.);
#20=SPHERICAL_SURFACE('',#2462,1.);
#21=SPHERICAL_SURFACE('',#2466,1.);
#22=SPHERICAL_SURFACE('',#2469,1.);
#23=FACE_BOUND('',#361,.T.);
#24=FACE_BOUND('',#399,.T.);
#25=FACE_BOUND('',#402,.T.);
#26=FACE_BOUND('',#403,.T.);
#27=FACE_BOUND('',#404,.T.);
#28=FACE_BOUND('',#416,.T.);
#29=FACE_BOUND('',#418,.T.);
#30=FACE_BOUND('',#419,.T.);
#31=FACE_BOUND('',#420,.T.);
#32=TOROIDAL_SURFACE('',#2288,0.654505824591645,0.1);
#33=TOROIDAL_SURFACE('',#2293,0.654505824591643,0.1);
#34=TOROIDAL_SURFACE('',#2298,0.654505824591645,0.1);
#35=TOROIDAL_SURFACE('',#2303,0.654505824591647,0.1);
#36=TOROIDAL_SURFACE('',#2325,0.545494175408356,0.1);
#37=TOROIDAL_SURFACE('',#2331,0.545494175408356,0.1);
#38=TOROIDAL_SURFACE('',#2336,0.545494175408354,0.1);
#39=TOROIDAL_SURFACE('',#2341,0.545494175408354,0.1);
#40=CIRCLE('',#2273,0.1);
#41=CIRCLE('',#2274,0.1);
#42=CIRCLE('',#2276,0.654505824591645);
#43=CIRCLE('',#2277,0.654505824591642);
#44=CIRCLE('',#2278,0.654505824591645);
#45=CIRCLE('',#2279,0.545494175408354);
#46=CIRCLE('',#2280,0.545494175408354);
#47=CIRCLE('',#2281,0.545494175408356);
#48=CIRCLE('',#2283,0.1);
#49=CIRCLE('',#2284,0.0999999999999979);
#50=CIRCLE('',#2286,0.1);
#51=CIRCLE('',#2287,0.1);
#52=CIRCLE('',#2289,0.1);
#53=CIRCLE('',#2290,0.754505824591645);
#54=CIRCLE('',#2292,0.0999999999999979);
#55=CIRCLE('',#2294,0.1);
#56=CIRCLE('',#2295,0.754505824591642);
#57=CIRCLE('',#2297,0.1);
#58=CIRCLE('',#2299,0.754505824591645);
#59=CIRCLE('',#2301,0.1);
#60=CIRCLE('',#2302,0.1);
#61=CIRCLE('',#2304,0.1);
#62=CIRCLE('',#2305,0.754505824591647);
#63=CIRCLE('',#2306,0.654505824591647);
#64=CIRCLE('',#2308,0.1);
#65=CIRCLE('',#2310,0.754505824591647);
#66=CIRCLE('',#2312,0.754505824591645);
#67=CIRCLE('',#2315,0.754505824591643);
#68=CIRCLE('',#2318,0.754505824591645);
#69=CIRCLE('',#2321,0.1);
#70=CIRCLE('',#2323,0.1);
#71=CIRCLE('',#2324,0.0999999999999979);
#72=CIRCLE('',#2326,0.0999999999999979);
#73=CIRCLE('',#2327,0.445494175408356);
#74=CIRCLE('',#2328,0.545494175408356);
#75=CIRCLE('',#2330,0.1);
#76=CIRCLE('',#2332,0.0999999999999979);
#77=CIRCLE('',#2333,0.445494175408356);
#78=CIRCLE('',#2335,0.1);
#79=CIRCLE('',#2337,0.1);
#80=CIRCLE('',#2338,0.445494175408354);
#81=CIRCLE('',#2340,0.1);
#82=CIRCLE('',#2342,0.1);
#83=CIRCLE('',#2343,0.445494175408354);
#84=CIRCLE('',#2347,0.445494175408354);
#85=CIRCLE('',#2350,0.445494175408354);
#86=CIRCLE('',#2353,0.445494175408356);
#87=CIRCLE('',#2356,0.445494175408356);
#88=CIRCLE('',#2365,0.5);
#89=CIRCLE('',#2367,0.5);
#90=CIRCLE('',#2368,0.5);
#91=CIRCLE('',#2383,0.5);
#92=CIRCLE('',#2397,1.);
#93=CIRCLE('',#2398,1.);
#94=CIRCLE('',#2399,1.);
#95=CIRCLE('',#2400,0.2);
#96=CIRCLE('',#2401,0.2);
#97=CIRCLE('',#2402,0.2);
#98=CIRCLE('',#2403,0.2);
#99=CIRCLE('',#2404,1.);
#100=CIRCLE('',#2406,0.200000000000001);
#101=CIRCLE('',#2409,0.200000000000001);
#102=CIRCLE('',#2413,1.);
#103=CIRCLE('',#2417,1.);
#104=CIRCLE('',#2436,0.200000000000001);
#105=CIRCLE('',#2437,0.200000000000001);
#106=CIRCLE('',#2438,0.200000000000001);
#107=CIRCLE('',#2440,0.200000000000001);
#108=CIRCLE('',#2441,0.200000000000001);
#109=CIRCLE('',#2442,0.200000000000001);
#110=CIRCLE('',#2444,0.200000000000001);
#111=CIRCLE('',#2445,0.200000000000001);
#112=CIRCLE('',#2447,0.200000000000001);
#113=CIRCLE('',#2448,0.200000000000001);
#114=CIRCLE('',#2459,1.);
#115=CIRCLE('',#2460,1.);
#116=CIRCLE('',#2461,1.);
#117=CIRCLE('',#2463,1.);
#118=CIRCLE('',#2464,1.);
#119=CIRCLE('',#2465,1.);
#120=CIRCLE('',#2467,1.);
#121=CIRCLE('',#2468,1.);
#122=CIRCLE('',#2470,1.);
#123=CIRCLE('',#2471,1.);
#124=CYLINDRICAL_SURFACE('',#2272,0.1);
#125=CYLINDRICAL_SURFACE('',#2282,0.1);
#126=CYLINDRICAL_SURFACE('',#2285,0.1);
#127=CYLINDRICAL_SURFACE('',#2291,0.1);
#128=CYLINDRICAL_SURFACE('',#2296,0.1);
#129=CYLINDRICAL_SURFACE('',#2300,0.1);
#130=CYLINDRICAL_SURFACE('',#2307,0.1);
#131=CYLINDRICAL_SURFACE('',#2309,0.754505824591647);
#132=CYLINDRICAL_SURFACE('',#2311,0.754505824591645);
#133=CYLINDRICAL_SURFACE('',#2314,0.754505824591643);
#134=CYLINDRICAL_SURFACE('',#2317,0.754505824591645);
#135=CYLINDRICAL_SURFACE('',#2322,0.1);
#136=CYLINDRICAL_SURFACE('',#2329,0.1);
#137=CYLINDRICAL_SURFACE('',#2334,0.1);
#138=CYLINDRICAL_SURFACE('',#2339,0.1);
#139=CYLINDRICAL_SURFACE('',#2344,0.1);
#140=CYLINDRICAL_SURFACE('',#2346,0.445494175408354);
#141=CYLINDRICAL_SURFACE('',#2349,0.445494175408354);
#142=CYLINDRICAL_SURFACE('',#2352,0.445494175408356);
#143=CYLINDRICAL_SURFACE('',#2355,0.445494175408356);
#144=CYLINDRICAL_SURFACE('',#2366,0.5);
#145=CYLINDRICAL_SURFACE('',#2382,0.5);
#146=CYLINDRICAL_SURFACE('',#2405,0.2);
#147=CYLINDRICAL_SURFACE('',#2408,0.2);
#148=CYLINDRICAL_SURFACE('',#2412,1.);
#149=CYLINDRICAL_SURFACE('',#2416,1.);
#150=CYLINDRICAL_SURFACE('',#2449,0.2);
#151=CYLINDRICAL_SURFACE('',#2450,0.2);
#152=CYLINDRICAL_SURFACE('',#2451,0.2);
#153=CYLINDRICAL_SURFACE('',#2452,0.2);
#154=CYLINDRICAL_SURFACE('',#2453,0.2);
#155=CYLINDRICAL_SURFACE('',#2454,0.2);
#156=CYLINDRICAL_SURFACE('',#2472,1.);
#157=CYLINDRICAL_SURFACE('',#2473,1.);
#158=CYLINDRICAL_SURFACE('',#2474,1.);
#159=CYLINDRICAL_SURFACE('',#2475,1.);
#160=CYLINDRICAL_SURFACE('',#2476,1.);
#161=CYLINDRICAL_SURFACE('',#2477,1.);
#162=FACE_OUTER_BOUND('',#287,.T.);
#163=FACE_OUTER_BOUND('',#288,.T.);
#164=FACE_OUTER_BOUND('',#289,.T.);
#165=FACE_OUTER_BOUND('',#290,.T.);
#166=FACE_OUTER_BOUND('',#291,.T.);
#167=FACE_OUTER_BOUND('',#292,.T.);
#168=FACE_OUTER_BOUND('',#293,.T.);
#169=FACE_OUTER_BOUND('',#294,.T.);
#170=FACE_OUTER_BOUND('',#295,.T.);
#171=FACE_OUTER_BOUND('',#296,.T.);
#172=FACE_OUTER_BOUND('',#297,.T.);
#173=FACE_OUTER_BOUND('',#298,.T.);
#174=FACE_OUTER_BOUND('',#299,.T.);
#175=FACE_OUTER_BOUND('',#300,.T.);
#176=FACE_OUTER_BOUND('',#301,.T.);
#177=FACE_OUTER_BOUND('',#302,.T.);
#178=FACE_OUTER_BOUND('',#303,.T.);
#179=FACE_OUTER_BOUND('',#304,.T.);
#180=FACE_OUTER_BOUND('',#305,.T.);
#181=FACE_OUTER_BOUND('',#306,.T.);
#182=FACE_OUTER_BOUND('',#307,.T.);
#183=FACE_OUTER_BOUND('',#308,.T.);
#184=FACE_OUTER_BOUND('',#309,.T.);
#185=FACE_OUTER_BOUND('',#310,.T.);
#186=FACE_OUTER_BOUND('',#311,.T.);
#187=FACE_OUTER_BOUND('',#312,.T.);
#188=FACE_OUTER_BOUND('',#313,.T.);
#189=FACE_OUTER_BOUND('',#314,.T.);
#190=FACE_OUTER_BOUND('',#315,.T.);
#191=FACE_OUTER_BOUND('',#316,.T.);
#192=FACE_OUTER_BOUND('',#317,.T.);
#193=FACE_OUTER_BOUND('',#318,.T.);
#194=FACE_OUTER_BOUND('',#319,.T.);
#195=FACE_OUTER_BOUND('',#320,.T.);
#196=FACE_OUTER_BOUND('',#321,.T.);
#197=FACE_OUTER_BOUND('',#322,.T.);
#198=FACE_OUTER_BOUND('',#323,.T.);
#199=FACE_OUTER_BOUND('',#324,.T.);
#200=FACE_OUTER_BOUND('',#325,.T.);
#201=FACE_OUTER_BOUND('',#326,.T.);
#202=FACE_OUTER_BOUND('',#327,.T.);
#203=FACE_OUTER_BOUND('',#328,.T.);
#204=FACE_OUTER_BOUND('',#329,.T.);
#205=FACE_OUTER_BOUND('',#330,.T.);
#206=FACE_OUTER_BOUND('',#331,.T.);
#207=FACE_OUTER_BOUND('',#332,.T.);
#208=FACE_OUTER_BOUND('',#333,.T.);
#209=FACE_OUTER_BOUND('',#334,.T.);
#210=FACE_OUTER_BOUND('',#335,.T.);
#211=FACE_OUTER_BOUND('',#336,.T.);
#212=FACE_OUTER_BOUND('',#337,.T.);
#213=FACE_OUTER_BOUND('',#338,.T.);
#214=FACE_OUTER_BOUND('',#339,.T.);
#215=FACE_OUTER_BOUND('',#340,.T.);
#216=FACE_OUTER_BOUND('',#341,.T.);
#217=FACE_OUTER_BOUND('',#342,.T.);
#218=FACE_OUTER_BOUND('',#343,.T.);
#219=FACE_OUTER_BOUND('',#344,.T.);
#220=FACE_OUTER_BOUND('',#345,.T.);
#221=FACE_OUTER_BOUND('',#346,.T.);
#222=FACE_OUTER_BOUND('',#347,.T.);
#223=FACE_OUTER_BOUND('',#348,.T.);
#224=FACE_OUTER_BOUND('',#349,.T.);
#225=FACE_OUTER_BOUND('',#350,.T.);
#226=FACE_OUTER_BOUND('',#351,.T.);
#227=FACE_OUTER_BOUND('',#352,.T.);
#228=FACE_OUTER_BOUND('',#353,.T.);
#229=FACE_OUTER_BOUND('',#354,.T.);
#230=FACE_OUTER_BOUND('',#355,.T.);
#231=FACE_OUTER_BOUND('',#356,.T.);
#232=FACE_OUTER_BOUND('',#357,.T.);
#233=FACE_OUTER_BOUND('',#358,.T.);
#234=FACE_OUTER_BOUND('',#359,.T.);
#235=FACE_OUTER_BOUND('',#360,.T.);
#236=FACE_OUTER_BOUND('',#362,.T.);
#237=FACE_OUTER_BOUND('',#363,.T.);
#238=FACE_OUTER_BOUND('',#364,.T.);
#239=FACE_OUTER_BOUND('',#365,.T.);
#240=FACE_OUTER_BOUND('',#366,.T.);
#241=FACE_OUTER_BOUND('',#367,.T.);
#242=FACE_OUTER_BOUND('',#368,.T.);
#243=FACE_OUTER_BOUND('',#369,.T.);
#244=FACE_OUTER_BOUND('',#370,.T.);
#245=FACE_OUTER_BOUND('',#371,.T.);
#246=FACE_OUTER_BOUND('',#372,.T.);
#247=FACE_OUTER_BOUND('',#373,.T.);
#248=FACE_OUTER_BOUND('',#374,.T.);
#249=FACE_OUTER_BOUND('',#375,.T.);
#250=FACE_OUTER_BOUND('',#376,.T.);
#251=FACE_OUTER_BOUND('',#377,.T.);
#252=FACE_OUTER_BOUND('',#378,.T.);
#253=FACE_OUTER_BOUND('',#379,.T.);
#254=FACE_OUTER_BOUND('',#380,.T.);
#255=FACE_OUTER_BOUND('',#381,.T.);
#256=FACE_OUTER_BOUND('',#382,.T.);
#257=FACE_OUTER_BOUND('',#383,.T.);
#258=FACE_OUTER_BOUND('',#384,.T.);
#259=FACE_OUTER_BOUND('',#385,.T.);
#260=FACE_OUTER_BOUND('',#386,.T.);
#261=FACE_OUTER_BOUND('',#387,.T.);
#262=FACE_OUTER_BOUND('',#388,.T.);
#263=FACE_OUTER_BOUND('',#389,.T.);
#264=FACE_OUTER_BOUND('',#390,.T.);
#265=FACE_OUTER_BOUND('',#391,.T.);
#266=FACE_OUTER_BOUND('',#392,.T.);
#267=FACE_OUTER_BOUND('',#393,.T.);
#268=FACE_OUTER_BOUND('',#394,.T.);
#269=FACE_OUTER_BOUND('',#395,.T.);
#270=FACE_OUTER_BOUND('',#396,.T.);
#271=FACE_OUTER_BOUND('',#397,.T.);
#272=FACE_OUTER_BOUND('',#398,.T.);
#273=FACE_OUTER_BOUND('',#400,.T.);
#274=FACE_OUTER_BOUND('',#401,.T.);
#275=FACE_OUTER_BOUND('',#405,.T.);
#276=FACE_OUTER_BOUND('',#406,.T.);
#277=FACE_OUTER_BOUND('',#407,.T.);
#278=FACE_OUTER_BOUND('',#408,.T.);
#279=FACE_OUTER_BOUND('',#409,.T.);
#280=FACE_OUTER_BOUND('',#410,.T.);
#281=FACE_OUTER_BOUND('',#411,.T.);
#282=FACE_OUTER_BOUND('',#412,.T.);
#283=FACE_OUTER_BOUND('',#413,.T.);
#284=FACE_OUTER_BOUND('',#414,.T.);
#285=FACE_OUTER_BOUND('',#415,.T.);
#286=FACE_OUTER_BOUND('',#417,.T.);
#287=EDGE_LOOP('',(#1425,#1426,#1427,#1428,#1429,#1430,#1431,#1432));
#288=EDGE_LOOP('',(#1433,#1434,#1435,#1436));
#289=EDGE_LOOP('',(#1437,#1438,#1439,#1440,#1441,#1442,#1443,#1444,#1445,
#1446,#1447,#1448,#1449,#1450,#1451,#1452));
#290=EDGE_LOOP('',(#1453,#1454,#1455,#1456));
#291=EDGE_LOOP('',(#1457,#1458,#1459,#1460));
#292=EDGE_LOOP('',(#1461,#1462,#1463,#1464));
#293=EDGE_LOOP('',(#1465,#1466,#1467,#1468));
#294=EDGE_LOOP('',(#1469,#1470,#1471,#1472));
#295=EDGE_LOOP('',(#1473,#1474,#1475,#1476));
#296=EDGE_LOOP('',(#1477,#1478,#1479,#1480));
#297=EDGE_LOOP('',(#1481,#1482,#1483,#1484));
#298=EDGE_LOOP('',(#1485,#1486,#1487,#1488));
#299=EDGE_LOOP('',(#1489,#1490,#1491,#1492));
#300=EDGE_LOOP('',(#1493,#1494,#1495,#1496));
#301=EDGE_LOOP('',(#1497,#1498,#1499,#1500));
#302=EDGE_LOOP('',(#1501,#1502,#1503,#1504));
#303=EDGE_LOOP('',(#1505,#1506,#1507,#1508));
#304=EDGE_LOOP('',(#1509,#1510,#1511,#1512));
#305=EDGE_LOOP('',(#1513,#1514,#1515,#1516));
#306=EDGE_LOOP('',(#1517,#1518,#1519,#1520));
#307=EDGE_LOOP('',(#1521,#1522,#1523,#1524,#1525,#1526));
#308=EDGE_LOOP('',(#1527,#1528,#1529,#1530));
#309=EDGE_LOOP('',(#1531,#1532,#1533,#1534));
#310=EDGE_LOOP('',(#1535,#1536,#1537,#1538));
#311=EDGE_LOOP('',(#1539,#1540,#1541,#1542));
#312=EDGE_LOOP('',(#1543,#1544,#1545,#1546));
#313=EDGE_LOOP('',(#1547,#1548,#1549,#1550));
#314=EDGE_LOOP('',(#1551,#1552,#1553,#1554));
#315=EDGE_LOOP('',(#1555,#1556,#1557,#1558));
#316=EDGE_LOOP('',(#1559,#1560,#1561,#1562));
#317=EDGE_LOOP('',(#1563,#1564,#1565,#1566,#1567,#1568,#1569,#1570));
#318=EDGE_LOOP('',(#1571,#1572,#1573,#1574));
#319=EDGE_LOOP('',(#1575,#1576,#1577,#1578));
#320=EDGE_LOOP('',(#1579,#1580,#1581,#1582));
#321=EDGE_LOOP('',(#1583,#1584,#1585,#1586));
#322=EDGE_LOOP('',(#1587,#1588,#1589,#1590));
#323=EDGE_LOOP('',(#1591,#1592,#1593,#1594,#1595,#1596,#1597,#1598));
#324=EDGE_LOOP('',(#1599,#1600,#1601,#1602));
#325=EDGE_LOOP('',(#1603,#1604,#1605,#1606));
#326=EDGE_LOOP('',(#1607,#1608,#1609,#1610,#1611,#1612));
#327=EDGE_LOOP('',(#1613,#1614,#1615,#1616));
#328=EDGE_LOOP('',(#1617,#1618,#1619,#1620));
#329=EDGE_LOOP('',(#1621,#1622,#1623,#1624,#1625,#1626,#1627,#1628,#1629,
#1630));
#330=EDGE_LOOP('',(#1631,#1632,#1633,#1634));
#331=EDGE_LOOP('',(#1635,#1636,#1637,#1638));
#332=EDGE_LOOP('',(#1639,#1640,#1641,#1642,#1643,#1644,#1645,#1646,#1647));
#333=EDGE_LOOP('',(#1648,#1649,#1650,#1651));
#334=EDGE_LOOP('',(#1652,#1653,#1654,#1655));
#335=EDGE_LOOP('',(#1656,#1657,#1658,#1659));
#336=EDGE_LOOP('',(#1660,#1661,#1662,#1663));
#337=EDGE_LOOP('',(#1664,#1665,#1666,#1667,#1668,#1669,#1670,#1671,#1672));
#338=EDGE_LOOP('',(#1673,#1674,#1675,#1676,#1677));
#339=EDGE_LOOP('',(#1678,#1679,#1680,#1681));
#340=EDGE_LOOP('',(#1682,#1683,#1684,#1685,#1686));
#341=EDGE_LOOP('',(#1687,#1688,#1689,#1690));
#342=EDGE_LOOP('',(#1691,#1692,#1693,#1694));
#343=EDGE_LOOP('',(#1695,#1696,#1697,#1698));
#344=EDGE_LOOP('',(#1699,#1700,#1701,#1702,#1703,#1704));
#345=EDGE_LOOP('',(#1705,#1706,#1707,#1708));
#346=EDGE_LOOP('',(#1709,#1710,#1711,#1712,#1713,#1714,#1715,#1716,#1717));
#347=EDGE_LOOP('',(#1718,#1719,#1720,#1721));
#348=EDGE_LOOP('',(#1722,#1723,#1724,#1725));
#349=EDGE_LOOP('',(#1726,#1727,#1728,#1729));
#350=EDGE_LOOP('',(#1730,#1731,#1732,#1733));
#351=EDGE_LOOP('',(#1734,#1735,#1736,#1737,#1738,#1739,#1740,#1741,#1742));
#352=EDGE_LOOP('',(#1743,#1744,#1745,#1746,#1747));
#353=EDGE_LOOP('',(#1748,#1749,#1750,#1751,#1752));
#354=EDGE_LOOP('',(#1753,#1754,#1755,#1756));
#355=EDGE_LOOP('',(#1757,#1758,#1759,#1760));
#356=EDGE_LOOP('',(#1761,#1762,#1763,#1764));
#357=EDGE_LOOP('',(#1765,#1766,#1767,#1768,#1769,#1770));
#358=EDGE_LOOP('',(#1771,#1772,#1773,#1774));
#359=EDGE_LOOP('',(#1775,#1776,#1777,#1778));
#360=EDGE_LOOP('',(#1779,#1780,#1781,#1782,#1783,#1784,#1785,#1786,#1787,
#1788,#1789,#1790,#1791,#1792,#1793,#1794,#1795,#1796,#1797,#1798,#1799,
#1800,#1801,#1802));
#361=EDGE_LOOP('',(#1803,#1804,#1805,#1806,#1807,#1808,#1809,#1810,#1811,
#1812,#1813,#1814,#1815,#1816,#1817,#1818,#1819,#1820,#1821,#1822));
#362=EDGE_LOOP('',(#1823,#1824,#1825,#1826));
#363=EDGE_LOOP('',(#1827,#1828,#1829,#1830,#1831,#1832,#1833,#1834));
#364=EDGE_LOOP('',(#1835,#1836,#1837,#1838));
#365=EDGE_LOOP('',(#1839,#1840,#1841,#1842));
#366=EDGE_LOOP('',(#1843,#1844,#1845,#1846,#1847,#1848,#1849,#1850));
#367=EDGE_LOOP('',(#1851,#1852,#1853,#1854));
#368=EDGE_LOOP('',(#1855,#1856,#1857,#1858,#1859,#1860,#1861,#1862));
#369=EDGE_LOOP('',(#1863,#1864,#1865,#1866));
#370=EDGE_LOOP('',(#1867,#1868,#1869,#1870));
#371=EDGE_LOOP('',(#1871,#1872,#1873,#1874));
#372=EDGE_LOOP('',(#1875,#1876,#1877,#1878,#1879,#1880,#1881,#1882,#1883,
#1884));
#373=EDGE_LOOP('',(#1885,#1886,#1887,#1888));
#374=EDGE_LOOP('',(#1889,#1890,#1891,#1892));
#375=EDGE_LOOP('',(#1893,#1894,#1895,#1896));
#376=EDGE_LOOP('',(#1897,#1898,#1899,#1900));
#377=EDGE_LOOP('',(#1901,#1902,#1903,#1904));
#378=EDGE_LOOP('',(#1905,#1906,#1907,#1908));
#379=EDGE_LOOP('',(#1909,#1910,#1911,#1912));
#380=EDGE_LOOP('',(#1913,#1914,#1915,#1916));
#381=EDGE_LOOP('',(#1917,#1918,#1919,#1920));
#382=EDGE_LOOP('',(#1921,#1922,#1923,#1924));
#383=EDGE_LOOP('',(#1925,#1926,#1927,#1928));
#384=EDGE_LOOP('',(#1929,#1930,#1931,#1932));
#385=EDGE_LOOP('',(#1933,#1934,#1935,#1936));
#386=EDGE_LOOP('',(#1937,#1938,#1939,#1940));
#387=EDGE_LOOP('',(#1941,#1942,#1943,#1944));
#388=EDGE_LOOP('',(#1945,#1946,#1947));
#389=EDGE_LOOP('',(#1948,#1949,#1950));
#390=EDGE_LOOP('',(#1951,#1952,#1953));
#391=EDGE_LOOP('',(#1954,#1955,#1956));
#392=EDGE_LOOP('',(#1957,#1958,#1959,#1960));
#393=EDGE_LOOP('',(#1961,#1962,#1963,#1964));
#394=EDGE_LOOP('',(#1965,#1966,#1967,#1968));
#395=EDGE_LOOP('',(#1969,#1970,#1971,#1972));
#396=EDGE_LOOP('',(#1973,#1974,#1975,#1976));
#397=EDGE_LOOP('',(#1977,#1978,#1979,#1980));
#398=EDGE_LOOP('',(#1981,#1982,#1983,#1984,#1985,#1986,#1987,#1988));
#399=EDGE_LOOP('',(#1989,#1990,#1991,#1992));
#400=EDGE_LOOP('',(#1993,#1994,#1995,#1996));
#401=EDGE_LOOP('',(#1997,#1998,#1999,#2000));
#402=EDGE_LOOP('',(#2001,#2002,#2003,#2004));
#403=EDGE_LOOP('',(#2005,#2006,#2007,#2008));
#404=EDGE_LOOP('',(#2009,#2010,#2011,#2012));
#405=EDGE_LOOP('',(#2013,#2014,#2015));
#406=EDGE_LOOP('',(#2016,#2017,#2018));
#407=EDGE_LOOP('',(#2019,#2020,#2021));
#408=EDGE_LOOP('',(#2022,#2023,#2024));
#409=EDGE_LOOP('',(#2025,#2026,#2027,#2028));
#410=EDGE_LOOP('',(#2029,#2030,#2031,#2032));
#411=EDGE_LOOP('',(#2033,#2034,#2035,#2036));
#412=EDGE_LOOP('',(#2037,#2038,#2039,#2040));
#413=EDGE_LOOP('',(#2041,#2042,#2043,#2044));
#414=EDGE_LOOP('',(#2045,#2046,#2047,#2048));
#415=EDGE_LOOP('',(#2049,#2050,#2051,#2052));
#416=EDGE_LOOP('',(#2053,#2054,#2055,#2056));
#417=EDGE_LOOP('',(#2057,#2058,#2059,#2060));
#418=EDGE_LOOP('',(#2061,#2062,#2063,#2064));
#419=EDGE_LOOP('',(#2065,#2066,#2067,#2068));
#420=EDGE_LOOP('',(#2069,#2070,#2071,#2072));
#421=LINE('',#3144,#661);
#422=LINE('',#3146,#662);
#423=LINE('',#3148,#663);
#424=LINE('',#3150,#664);
#425=LINE('',#3152,#665);
#426=LINE('',#3154,#666);
#427=LINE('',#3156,#667);
#428=LINE('',#3157,#668);
#429=LINE('',#3163,#669);
#430=LINE('',#3166,#670);
#431=LINE('',#3170,#671);
#432=LINE('',#3174,#672);
#433=LINE('',#3178,#673);
#434=LINE('',#3180,#674);
#435=LINE('',#3182,#675);
#436=LINE('',#3186,#676);
#437=LINE('',#3190,#677);
#438=LINE('',#3193,#678);
#439=LINE('',#3199,#679);
#440=LINE('',#3205,#680);
#441=LINE('',#3213,#681);
#442=LINE('',#3221,#682);
#443=LINE('',#3228,#683);
#444=LINE('',#3240,#684);
#445=LINE('',#3241,#685);
#446=LINE('',#3244,#686);
#447=LINE('',#3249,#687);
#448=LINE('',#3252,#688);
#449=LINE('',#3253,#689);
#450=LINE('',#3257,#690);
#451=LINE('',#3260,#691);
#452=LINE('',#3261,#692);
#453=LINE('',#3265,#693);
#454=LINE('',#3268,#694);
#455=LINE('',#3269,#695);
#456=LINE('',#3272,#696);
#457=LINE('',#3274,#697);
#458=LINE('',#3281,#698);
#459=LINE('',#3284,#699);
#460=LINE('',#3295,#700);
#461=LINE('',#3296,#701);
#462=LINE('',#3304,#702);
#463=LINE('',#3312,#703);
#464=LINE('',#3318,#704);
#465=LINE('',#3320,#705);
#466=LINE('',#3321,#706);
#467=LINE('',#3324,#707);
#468=LINE('',#3327,#708);
#469=LINE('',#3330,#709);
#470=LINE('',#3331,#710);
#471=LINE('',#3335,#711);
#472=LINE('',#3338,#712);
#473=LINE('',#3339,#713);
#474=LINE('',#3343,#714);
#475=LINE('',#3346,#715);
#476=LINE('',#3348,#716);
#477=LINE('',#3349,#717);
#478=LINE('',#3351,#718);
#479=LINE('',#3352,#719);
#480=LINE('',#3356,#720);
#481=LINE('',#3359,#721);
#482=LINE('',#3360,#722);
#483=LINE('',#3363,#723);
#484=LINE('',#3364,#724);
#485=LINE('',#3366,#725);
#486=LINE('',#3368,#726);
#487=LINE('',#3371,#727);
#488=LINE('',#3373,#728);
#489=LINE('',#3375,#729);
#490=LINE('',#3377,#730);
#491=LINE('',#3378,#731);
#492=LINE('',#3381,#732);
#493=LINE('',#3382,#733);
#494=LINE('',#3385,#734);
#495=LINE('',#3386,#735);
#496=LINE('',#3390,#736);
#497=LINE('',#3392,#737);
#498=LINE('',#3394,#738);
#499=LINE('',#3396,#739);
#500=LINE('',#3398,#740);
#501=LINE('',#3400,#741);
#502=LINE('',#3402,#742);
#503=LINE('',#3404,#743);
#504=LINE('',#3411,#744);
#505=LINE('',#3414,#745);
#506=LINE('',#3417,#746);
#507=LINE('',#3419,#747);
#508=LINE('',#3420,#748);
#509=LINE('',#3424,#749);
#510=LINE('',#3426,#750);
#511=LINE('',#3428,#751);
#512=LINE('',#3429,#752);
#513=LINE('',#3432,#753);
#514=LINE('',#3434,#754);
#515=LINE('',#3435,#755);
#516=LINE('',#3439,#756);
#517=LINE('',#3440,#757);
#518=LINE('',#3441,#758);
#519=LINE('',#3443,#759);
#520=LINE('',#3444,#760);
#521=LINE('',#3448,#761);
#522=LINE('',#3450,#762);
#523=LINE('',#3451,#763);
#524=LINE('',#3452,#764);
#525=LINE('',#3455,#765);
#526=LINE('',#3457,#766);
#527=LINE('',#3458,#767);
#528=LINE('',#3462,#768);
#529=LINE('',#3463,#769);
#530=LINE('',#3465,#770);
#531=LINE('',#3466,#771);
#532=LINE('',#3468,#772);
#533=LINE('',#3469,#773);
#534=LINE('',#3471,#774);
#535=LINE('',#3475,#775);
#536=LINE('',#3476,#776);
#537=LINE('',#3478,#777);
#538=LINE('',#3480,#778);
#539=LINE('',#3483,#779);
#540=LINE('',#3486,#780);
#541=LINE('',#3489,#781);
#542=LINE('',#3490,#782);
#543=LINE('',#3494,#783);
#544=LINE('',#3495,#784);
#545=LINE('',#3496,#785);
#546=LINE('',#3499,#786);
#547=LINE('',#3500,#787);
#548=LINE('',#3503,#788);
#549=LINE('',#3504,#789);
#550=LINE('',#3506,#790);
#551=LINE('',#3508,#791);
#552=LINE('',#3509,#792);
#553=LINE('',#3512,#793);
#554=LINE('',#3514,#794);
#555=LINE('',#3516,#795);
#556=LINE('',#3517,#796);
#557=LINE('',#3521,#797);
#558=LINE('',#3523,#798);
#559=LINE('',#3524,#799);
#560=LINE('',#3525,#800);
#561=LINE('',#3527,#801);
#562=LINE('',#3528,#802);
#563=LINE('',#3530,#803);
#564=LINE('',#3533,#804);
#565=LINE('',#3536,#805);
#566=LINE('',#3542,#806);
#567=LINE('',#3546,#807);
#568=LINE('',#3550,#808);
#569=LINE('',#3552,#809);
#570=LINE('',#3554,#810);
#571=LINE('',#3557,#811);
#572=LINE('',#3559,#812);
#573=LINE('',#3563,#813);
#574=LINE('',#3566,#814);
#575=LINE('',#3568,#815);
#576=LINE('',#3572,#816);
#577=LINE('',#3574,#817);
#578=LINE('',#3576,#818);
#579=LINE('',#3579,#819);
#580=LINE('',#3582,#820);
#581=LINE('',#3585,#821);
#582=LINE('',#3588,#822);
#583=LINE('',#3589,#823);
#584=LINE('',#3592,#824);
#585=LINE('',#3596,#825);
#586=LINE('',#3598,#826);
#587=LINE('',#3599,#827);
#588=LINE('',#3602,#828);
#589=LINE('',#3603,#829);
#590=LINE('',#3605,#830);
#591=LINE('',#3606,#831);
#592=LINE('',#3609,#832);
#593=LINE('',#3612,#833);
#594=LINE('',#3615,#834);
#595=LINE('',#3616,#835);
#596=LINE('',#3618,#836);
#597=LINE('',#3619,#837);
#598=LINE('',#3622,#838);
#599=LINE('',#3623,#839);
#600=LINE('',#3626,#840);
#601=LINE('',#3630,#841);
#602=LINE('',#3631,#842);
#603=LINE('',#3634,#843);
#604=LINE('',#3636,#844);
#605=LINE('',#3637,#845);
#606=LINE('',#3639,#846);
#607=LINE('',#3640,#847);
#608=LINE('',#3644,#848);
#609=LINE('',#3646,#849);
#610=LINE('',#3648,#850);
#611=LINE('',#3649,#851);
#612=LINE('',#3652,#852);
#613=LINE('',#3654,#853);
#614=LINE('',#3655,#854);
#615=LINE('',#3658,#855);
#616=LINE('',#3660,#856);
#617=LINE('',#3661,#857);
#618=LINE('',#3663,#858);
#619=LINE('',#3664,#859);
#620=LINE('',#3668,#860);
#621=LINE('',#3670,#861);
#622=LINE('',#3672,#862);
#623=LINE('',#3673,#863);
#624=LINE('',#3676,#864);
#625=LINE('',#3678,#865);
#626=LINE('',#3679,#866);
#627=LINE('',#3682,#867);
#628=LINE('',#3684,#868);
#629=LINE('',#3685,#869);
#630=LINE('',#3687,#870);
#631=LINE('',#3688,#871);
#632=LINE('',#3692,#872);
#633=LINE('',#3694,#873);
#634=LINE('',#3696,#874);
#635=LINE('',#3697,#875);
#636=LINE('',#3700,#876);
#637=LINE('',#3702,#877);
#638=LINE('',#3703,#878);
#639=LINE('',#3706,#879);
#640=LINE('',#3708,#880);
#641=LINE('',#3709,#881);
#642=LINE('',#3711,#882);
#643=LINE('',#3712,#883);
#644=LINE('',#3714,#884);
#645=LINE('',#3738,#885);
#646=LINE('',#3740,#886);
#647=LINE('',#3742,#887);
#648=LINE('',#3744,#888);
#649=LINE('',#3745,#889);
#650=LINE('',#3747,#890);
#651=LINE('',#3748,#891);
#652=LINE('',#3750,#892);
#653=LINE('',#3751,#893);
#654=LINE('',#3776,#894);
#655=LINE('',#3778,#895);
#656=LINE('',#3780,#896);
#657=LINE('',#3782,#897);
#658=LINE('',#3784,#898);
#659=LINE('',#3786,#899);
#660=LINE('',#3787,#900);
#661=VECTOR('',#2484,10.);
#662=VECTOR('',#2485,10.);
#663=VECTOR('',#2486,10.);
#664=VECTOR('',#2487,10.);
#665=VECTOR('',#2488,10.);
#666=VECTOR('',#2489,10.);
#667=VECTOR('',#2490,10.);
#668=VECTOR('',#2491,10.);
#669=VECTOR('',#2498,10.);
#670=VECTOR('',#2501,10.);
#671=VECTOR('',#2504,10.);
#672=VECTOR('',#2507,10.);
#673=VECTOR('',#2510,10.);
#674=VECTOR('',#2511,10.);
#675=VECTOR('',#2512,10.);
#676=VECTOR('',#2515,10.);
#677=VECTOR('',#2518,10.);
#678=VECTOR('',#2521,10.);
#679=VECTOR('',#2528,10.);
#680=VECTOR('',#2535,10.);
#681=VECTOR('',#2546,10.);
#682=VECTOR('',#2557,10.);
#683=VECTOR('',#2566,10.);
#684=VECTOR('',#2581,10.);
#685=VECTOR('',#2582,10.);
#686=VECTOR('',#2585,10.);
#687=VECTOR('',#2592,10.);
#688=VECTOR('',#2595,10.);
#689=VECTOR('',#2596,10.);
#690=VECTOR('',#2601,10.);
#691=VECTOR('',#2604,10.);
#692=VECTOR('',#2605,10.);
#693=VECTOR('',#2610,10.);
#694=VECTOR('',#2613,10.);
#695=VECTOR('',#2614,10.);
#696=VECTOR('',#2617,10.);
#697=VECTOR('',#2618,10.);
#698=VECTOR('',#2625,10.);
#699=VECTOR('',#2628,10.);
#700=VECTOR('',#2641,10.);
#701=VECTOR('',#2642,10.);
#702=VECTOR('',#2653,10.);
#703=VECTOR('',#2664,10.);
#704=VECTOR('',#2673,10.);
#705=VECTOR('',#2676,10.);
#706=VECTOR('',#2677,10.);
#707=VECTOR('',#2680,10.);
#708=VECTOR('',#2683,10.);
#709=VECTOR('',#2686,10.);
#710=VECTOR('',#2687,10.);
#711=VECTOR('',#2692,10.);
#712=VECTOR('',#2695,10.);
#713=VECTOR('',#2696,10.);
#714=VECTOR('',#2701,10.);
#715=VECTOR('',#2704,10.);
#716=VECTOR('',#2705,10.);
#717=VECTOR('',#2706,10.);
#718=VECTOR('',#2707,10.);
#719=VECTOR('',#2708,10.);
#720=VECTOR('',#2713,10.);
#721=VECTOR('',#2716,10.);
#722=VECTOR('',#2717,10.);
#723=VECTOR('',#2720,10.);
#724=VECTOR('',#2721,10.);
#725=VECTOR('',#2724,10.);
#726=VECTOR('',#2727,10.);
#727=VECTOR('',#2730,10.);
#728=VECTOR('',#2731,10.);
#729=VECTOR('',#2732,10.);
#730=VECTOR('',#2733,10.);
#731=VECTOR('',#2734,10.);
#732=VECTOR('',#2737,10.);
#733=VECTOR('',#2738,10.);
#734=VECTOR('',#2741,10.);
#735=VECTOR('',#2742,10.);
#736=VECTOR('',#2745,10.);
#737=VECTOR('',#2746,10.);
#738=VECTOR('',#2747,10.);
#739=VECTOR('',#2748,10.);
#740=VECTOR('',#2749,10.);
#741=VECTOR('',#2750,10.);
#742=VECTOR('',#2751,10.);
#743=VECTOR('',#2752,10.);
#744=VECTOR('',#2759,10.);
#745=VECTOR('',#2762,10.);
#746=VECTOR('',#2765,10.);
#747=VECTOR('',#2766,10.);
#748=VECTOR('',#2767,10.);
#749=VECTOR('',#2770,10.);
#750=VECTOR('',#2771,10.);
#751=VECTOR('',#2772,10.);
#752=VECTOR('',#2773,10.);
#753=VECTOR('',#2776,10.);
#754=VECTOR('',#2777,10.);
#755=VECTOR('',#2778,10.);
#756=VECTOR('',#2781,10.);
#757=VECTOR('',#2782,10.);
#758=VECTOR('',#2783,10.);
#759=VECTOR('',#2784,10.);
#760=VECTOR('',#2785,10.);
#761=VECTOR('',#2788,10.);
#762=VECTOR('',#2789,10.);
#763=VECTOR('',#2790,10.);
#764=VECTOR('',#2791,10.);
#765=VECTOR('',#2794,10.);
#766=VECTOR('',#2795,10.);
#767=VECTOR('',#2796,10.);
#768=VECTOR('',#2799,10.);
#769=VECTOR('',#2800,10.);
#770=VECTOR('',#2801,10.);
#771=VECTOR('',#2802,10.);
#772=VECTOR('',#2805,10.);
#773=VECTOR('',#2806,10.);
#774=VECTOR('',#2809,10.);
#775=VECTOR('',#2814,10.);
#776=VECTOR('',#2815,10.);
#777=VECTOR('',#2818,10.);
#778=VECTOR('',#2821,10.);
#779=VECTOR('',#2824,10.);
#780=VECTOR('',#2827,10.);
#781=VECTOR('',#2830,10.);
#782=VECTOR('',#2831,10.);
#783=VECTOR('',#2834,10.);
#784=VECTOR('',#2835,10.);
#785=VECTOR('',#2836,10.);
#786=VECTOR('',#2839,10.);
#787=VECTOR('',#2840,10.);
#788=VECTOR('',#2843,10.);
#789=VECTOR('',#2844,10.);
#790=VECTOR('',#2845,10.);
#791=VECTOR('',#2846,10.);
#792=VECTOR('',#2847,10.);
#793=VECTOR('',#2850,10.);
#794=VECTOR('',#2851,10.);
#795=VECTOR('',#2852,10.);
#796=VECTOR('',#2853,10.);
#797=VECTOR('',#2856,10.);
#798=VECTOR('',#2857,10.);
#799=VECTOR('',#2858,10.);
#800=VECTOR('',#2859,10.);
#801=VECTOR('',#2862,10.);
#802=VECTOR('',#2863,10.);
#803=VECTOR('',#2866,10.);
#804=VECTOR('',#2871,10.);
#805=VECTOR('',#2876,10.);
#806=VECTOR('',#2881,10.);
#807=VECTOR('',#2884,10.);
#808=VECTOR('',#2887,10.);
#809=VECTOR('',#2888,10.);
#810=VECTOR('',#2889,10.);
#811=VECTOR('',#2892,10.);
#812=VECTOR('',#2893,10.);
#813=VECTOR('',#2896,10.);
#814=VECTOR('',#2899,10.);
#815=VECTOR('',#2900,10.);
#816=VECTOR('',#2903,10.);
#817=VECTOR('',#2904,10.);
#818=VECTOR('',#2905,10.);
#819=VECTOR('',#2908,10.);
#820=VECTOR('',#2911,10.);
#821=VECTOR('',#2914,10.);
#822=VECTOR('',#2917,10.);
#823=VECTOR('',#2918,10.);
#824=VECTOR('',#2921,10.);
#825=VECTOR('',#2926,10.);
#826=VECTOR('',#2927,10.);
#827=VECTOR('',#2928,10.);
#828=VECTOR('',#2931,10.);
#829=VECTOR('',#2932,10.);
#830=VECTOR('',#2933,10.);
#831=VECTOR('',#2934,10.);
#832=VECTOR('',#2937,10.);
#833=VECTOR('',#2940,10.);
#834=VECTOR('',#2943,10.);
#835=VECTOR('',#2944,10.);
#836=VECTOR('',#2945,10.);
#837=VECTOR('',#2946,10.);
#838=VECTOR('',#2949,10.);
#839=VECTOR('',#2950,10.);
#840=VECTOR('',#2953,10.);
#841=VECTOR('',#2958,10.);
#842=VECTOR('',#2959,10.);
#843=VECTOR('',#2962,10.);
#844=VECTOR('',#2963,10.);
#845=VECTOR('',#2964,10.);
#846=VECTOR('',#2967,10.);
#847=VECTOR('',#2968,10.);
#848=VECTOR('',#2971,10.);
#849=VECTOR('',#2972,10.);
#850=VECTOR('',#2973,10.);
#851=VECTOR('',#2974,10.);
#852=VECTOR('',#2977,10.);
#853=VECTOR('',#2978,10.);
#854=VECTOR('',#2979,10.);
#855=VECTOR('',#2982,10.);
#856=VECTOR('',#2983,10.);
#857=VECTOR('',#2984,10.);
#858=VECTOR('',#2987,10.);
#859=VECTOR('',#2988,10.);
#860=VECTOR('',#2991,10.);
#861=VECTOR('',#2992,10.);
#862=VECTOR('',#2993,10.);
#863=VECTOR('',#2994,10.);
#864=VECTOR('',#2997,10.);
#865=VECTOR('',#2998,10.);
#866=VECTOR('',#2999,10.);
#867=VECTOR('',#3002,10.);
#868=VECTOR('',#3003,10.);
#869=VECTOR('',#3004,10.);
#870=VECTOR('',#3007,10.);
#871=VECTOR('',#3008,10.);
#872=VECTOR('',#3011,10.);
#873=VECTOR('',#3012,10.);
#874=VECTOR('',#3013,10.);
#875=VECTOR('',#3014,10.);
#876=VECTOR('',#3017,10.);
#877=VECTOR('',#3018,10.);
#878=VECTOR('',#3019,10.);
#879=VECTOR('',#3022,10.);
#880=VECTOR('',#3023,10.);
#881=VECTOR('',#3024,10.);
#882=VECTOR('',#3027,10.);
#883=VECTOR('',#3028,10.);
#884=VECTOR('',#3031,10.);
#885=VECTOR('',#3064,10.);
#886=VECTOR('',#3067,10.);
#887=VECTOR('',#3070,10.);
#888=VECTOR('',#3073,10.);
#889=VECTOR('',#3074,10.);
#890=VECTOR('',#3077,10.);
#891=VECTOR('',#3078,10.);
#892=VECTOR('',#3081,10.);
#893=VECTOR('',#3082,10.);
#894=VECTOR('',#3119,10.);
#895=VECTOR('',#3122,10.);
#896=VECTOR('',#3125,10.);
#897=VECTOR('',#3128,10.);
#898=VECTOR('',#3131,10.);
#899=VECTOR('',#3134,10.);
#900=VECTOR('',#3135,10.);
#901=VERTEX_POINT('',#3142);
#902=VERTEX_POINT('',#3143);
#903=VERTEX_POINT('',#3145);
#904=VERTEX_POINT('',#3147);
#905=VERTEX_POINT('',#3149);
#906=VERTEX_POINT('',#3151);
#907=VERTEX_POINT('',#3153);
#908=VERTEX_POINT('',#3155);
#909=VERTEX_POINT('',#3159);
#910=VERTEX_POINT('',#3161);
#911=VERTEX_POINT('',#3165);
#912=VERTEX_POINT('',#3167);
#913=VERTEX_POINT('',#3169);
#914=VERTEX_POINT('',#3171);
#915=VERTEX_POINT('',#3173);
#916=VERTEX_POINT('',#3175);
#917=VERTEX_POINT('',#3177);
#918=VERTEX_POINT('',#3179);
#919=VERTEX_POINT('',#3181);
#920=VERTEX_POINT('',#3183);
#921=VERTEX_POINT('',#3185);
#922=VERTEX_POINT('',#3187);
#923=VERTEX_POINT('',#3189);
#924=VERTEX_POINT('',#3191);
#925=VERTEX_POINT('',#3195);
#926=VERTEX_POINT('',#3197);
#927=VERTEX_POINT('',#3201);
#928=VERTEX_POINT('',#3203);
#929=VERTEX_POINT('',#3207);
#930=VERTEX_POINT('',#3211);
#931=VERTEX_POINT('',#3215);
#932=VERTEX_POINT('',#3219);
#933=VERTEX_POINT('',#3225);
#934=VERTEX_POINT('',#3227);
#935=VERTEX_POINT('',#3231);
#936=VERTEX_POINT('',#3232);
#937=VERTEX_POINT('',#3237);
#938=VERTEX_POINT('',#3238);
#939=VERTEX_POINT('',#3243);
#940=VERTEX_POINT('',#3247);
#941=VERTEX_POINT('',#3251);
#942=VERTEX_POINT('',#3255);
#943=VERTEX_POINT('',#3259);
#944=VERTEX_POINT('',#3263);
#945=VERTEX_POINT('',#3267);
#946=VERTEX_POINT('',#3271);
#947=VERTEX_POINT('',#3273);
#948=VERTEX_POINT('',#3277);
#949=VERTEX_POINT('',#3278);
#950=VERTEX_POINT('',#3280);
#951=VERTEX_POINT('',#3282);
#952=VERTEX_POINT('',#3286);
#953=VERTEX_POINT('',#3287);
#954=VERTEX_POINT('',#3292);
#955=VERTEX_POINT('',#3293);
#956=VERTEX_POINT('',#3298);
#957=VERTEX_POINT('',#3302);
#958=VERTEX_POINT('',#3306);
#959=VERTEX_POINT('',#3310);
#960=VERTEX_POINT('',#3314);
#961=VERTEX_POINT('',#3323);
#962=VERTEX_POINT('',#3325);
#963=VERTEX_POINT('',#3329);
#964=VERTEX_POINT('',#3333);
#965=VERTEX_POINT('',#3337);
#966=VERTEX_POINT('',#3341);
#967=VERTEX_POINT('',#3345);
#968=VERTEX_POINT('',#3347);
#969=VERTEX_POINT('',#3350);
#970=VERTEX_POINT('',#3354);
#971=VERTEX_POINT('',#3358);
#972=VERTEX_POINT('',#3362);
#973=VERTEX_POINT('',#3370);
#974=VERTEX_POINT('',#3372);
#975=VERTEX_POINT('',#3374);
#976=VERTEX_POINT('',#3376);
#977=VERTEX_POINT('',#3380);
#978=VERTEX_POINT('',#3384);
#979=VERTEX_POINT('',#3388);
#980=VERTEX_POINT('',#3389);
#981=VERTEX_POINT('',#3391);
#982=VERTEX_POINT('',#3393);
#983=VERTEX_POINT('',#3395);
#984=VERTEX_POINT('',#3397);
#985=VERTEX_POINT('',#3399);
#986=VERTEX_POINT('',#3401);
#987=VERTEX_POINT('',#3403);
#988=VERTEX_POINT('',#3407);
#989=VERTEX_POINT('',#3408);
#990=VERTEX_POINT('',#3410);
#991=VERTEX_POINT('',#3412);
#992=VERTEX_POINT('',#3416);
#993=VERTEX_POINT('',#3418);
#994=VERTEX_POINT('',#3422);
#995=VERTEX_POINT('',#3423);
#996=VERTEX_POINT('',#3425);
#997=VERTEX_POINT('',#3427);
#998=VERTEX_POINT('',#3431);
#999=VERTEX_POINT('',#3433);
#1000=VERTEX_POINT('',#3437);
#1001=VERTEX_POINT('',#3438);
#1002=VERTEX_POINT('',#3442);
#1003=VERTEX_POINT('',#3446);
#1004=VERTEX_POINT('',#3447);
#1005=VERTEX_POINT('',#3449);
#1006=VERTEX_POINT('',#3454);
#1007=VERTEX_POINT('',#3456);
#1008=VERTEX_POINT('',#3460);
#1009=VERTEX_POINT('',#3461);
#1010=VERTEX_POINT('',#3464);
#1011=VERTEX_POINT('',#3474);
#1012=VERTEX_POINT('',#3482);
#1013=VERTEX_POINT('',#3484);
#1014=VERTEX_POINT('',#3488);
#1015=VERTEX_POINT('',#3492);
#1016=VERTEX_POINT('',#3493);
#1017=VERTEX_POINT('',#3498);
#1018=VERTEX_POINT('',#3502);
#1019=VERTEX_POINT('',#3505);
#1020=VERTEX_POINT('',#3507);
#1021=VERTEX_POINT('',#3511);
#1022=VERTEX_POINT('',#3513);
#1023=VERTEX_POINT('',#3515);
#1024=VERTEX_POINT('',#3519);
#1025=VERTEX_POINT('',#3520);
#1026=VERTEX_POINT('',#3522);
#1027=VERTEX_POINT('',#3538);
#1028=VERTEX_POINT('',#3539);
#1029=VERTEX_POINT('',#3541);
#1030=VERTEX_POINT('',#3543);
#1031=VERTEX_POINT('',#3545);
#1032=VERTEX_POINT('',#3547);
#1033=VERTEX_POINT('',#3549);
#1034=VERTEX_POINT('',#3551);
#1035=VERTEX_POINT('',#3553);
#1036=VERTEX_POINT('',#3555);
#1037=VERTEX_POINT('',#3558);
#1038=VERTEX_POINT('',#3560);
#1039=VERTEX_POINT('',#3562);
#1040=VERTEX_POINT('',#3564);
#1041=VERTEX_POINT('',#3567);
#1042=VERTEX_POINT('',#3569);
#1043=VERTEX_POINT('',#3571);
#1044=VERTEX_POINT('',#3573);
#1045=VERTEX_POINT('',#3575);
#1046=VERTEX_POINT('',#3577);
#1047=VERTEX_POINT('',#3581);
#1048=VERTEX_POINT('',#3583);
#1049=VERTEX_POINT('',#3587);
#1050=VERTEX_POINT('',#3591);
#1051=VERTEX_POINT('',#3595);
#1052=VERTEX_POINT('',#3597);
#1053=VERTEX_POINT('',#3601);
#1054=VERTEX_POINT('',#3604);
#1055=VERTEX_POINT('',#3608);
#1056=VERTEX_POINT('',#3610);
#1057=VERTEX_POINT('',#3614);
#1058=VERTEX_POINT('',#3617);
#1059=VERTEX_POINT('',#3621);
#1060=VERTEX_POINT('',#3625);
#1061=VERTEX_POINT('',#3629);
#1062=VERTEX_POINT('',#3633);
#1063=VERTEX_POINT('',#3635);
#1064=VERTEX_POINT('',#3642);
#1065=VERTEX_POINT('',#3643);
#1066=VERTEX_POINT('',#3645);
#1067=VERTEX_POINT('',#3647);
#1068=VERTEX_POINT('',#3651);
#1069=VERTEX_POINT('',#3653);
#1070=VERTEX_POINT('',#3657);
#1071=VERTEX_POINT('',#3659);
#1072=VERTEX_POINT('',#3666);
#1073=VERTEX_POINT('',#3667);
#1074=VERTEX_POINT('',#3669);
#1075=VERTEX_POINT('',#3671);
#1076=VERTEX_POINT('',#3675);
#1077=VERTEX_POINT('',#3677);
#1078=VERTEX_POINT('',#3681);
#1079=VERTEX_POINT('',#3683);
#1080=VERTEX_POINT('',#3690);
#1081=VERTEX_POINT('',#3691);
#1082=VERTEX_POINT('',#3693);
#1083=VERTEX_POINT('',#3695);
#1084=VERTEX_POINT('',#3699);
#1085=VERTEX_POINT('',#3701);
#1086=VERTEX_POINT('',#3705);
#1087=VERTEX_POINT('',#3707);
#1088=VERTEX_POINT('',#3717);
#1089=VERTEX_POINT('',#3718);
#1090=VERTEX_POINT('',#3720);
#1091=VERTEX_POINT('',#3724);
#1092=VERTEX_POINT('',#3725);
#1093=VERTEX_POINT('',#3730);
#1094=VERTEX_POINT('',#3734);
#1095=VERTEX_POINT('',#3756);
#1096=VERTEX_POINT('',#3758);
#1097=VERTEX_POINT('',#3762);
#1098=VERTEX_POINT('',#3763);
#1099=VERTEX_POINT('',#3768);
#1100=VERTEX_POINT('',#3772);
#1101=EDGE_CURVE('',#901,#902,#421,.T.);
#1102=EDGE_CURVE('',#901,#903,#422,.T.);
#1103=EDGE_CURVE('',#904,#903,#423,.T.);
#1104=EDGE_CURVE('',#905,#904,#424,.T.);
#1105=EDGE_CURVE('',#905,#906,#425,.T.);
#1106=EDGE_CURVE('',#906,#907,#426,.T.);
#1107=EDGE_CURVE('',#908,#907,#427,.T.);
#1108=EDGE_CURVE('',#902,#908,#428,.T.);
#1109=EDGE_CURVE('',#907,#909,#40,.T.);
#1110=EDGE_CURVE('',#906,#910,#41,.T.);
#1111=EDGE_CURVE('',#909,#910,#429,.T.);
#1112=EDGE_CURVE('',#909,#911,#430,.T.);
#1113=EDGE_CURVE('',#910,#912,#42,.T.);
#1114=EDGE_CURVE('',#912,#913,#431,.T.);
#1115=EDGE_CURVE('',#913,#914,#43,.T.);
#1116=EDGE_CURVE('',#914,#915,#432,.T.);
#1117=EDGE_CURVE('',#915,#916,#44,.T.);
#1118=EDGE_CURVE('',#916,#917,#433,.T.);
#1119=EDGE_CURVE('',#918,#917,#434,.T.);
#1120=EDGE_CURVE('',#918,#919,#435,.T.);
#1121=EDGE_CURVE('',#919,#920,#45,.T.);
#1122=EDGE_CURVE('',#920,#921,#436,.T.);
#1123=EDGE_CURVE('',#921,#922,#46,.T.);
#1124=EDGE_CURVE('',#922,#923,#437,.T.);
#1125=EDGE_CURVE('',#923,#924,#47,.T.);
#1126=EDGE_CURVE('',#924,#911,#438,.T.);
#1127=EDGE_CURVE('',#911,#925,#48,.T.);
#1128=EDGE_CURVE('',#926,#924,#49,.T.);
#1129=EDGE_CURVE('',#925,#926,#439,.T.);
#1130=EDGE_CURVE('',#917,#927,#50,.T.);
#1131=EDGE_CURVE('',#928,#916,#51,.T.);
#1132=EDGE_CURVE('',#927,#928,#440,.T.);
#1133=EDGE_CURVE('',#929,#915,#52,.T.);
#1134=EDGE_CURVE('',#928,#929,#53,.T.);
#1135=EDGE_CURVE('',#930,#914,#54,.T.);
#1136=EDGE_CURVE('',#929,#930,#441,.T.);
#1137=EDGE_CURVE('',#931,#913,#55,.T.);
#1138=EDGE_CURVE('',#930,#931,#56,.T.);
#1139=EDGE_CURVE('',#932,#912,#57,.T.);
#1140=EDGE_CURVE('',#931,#932,#442,.T.);
#1141=EDGE_CURVE('',#932,#906,#58,.T.);
#1142=EDGE_CURVE('',#933,#901,#59,.T.);
#1143=EDGE_CURVE('',#934,#933,#443,.T.);
#1144=EDGE_CURVE('',#903,#934,#60,.T.);
#1145=EDGE_CURVE('',#935,#936,#61,.T.);
#1146=EDGE_CURVE('',#903,#935,#62,.T.);
#1147=EDGE_CURVE('',#936,#934,#63,.T.);
#1148=EDGE_CURVE('',#937,#938,#64,.T.);
#1149=EDGE_CURVE('',#935,#937,#444,.T.);
#1150=EDGE_CURVE('',#938,#936,#445,.T.);
#1151=EDGE_CURVE('',#939,#935,#446,.T.);
#1152=EDGE_CURVE('',#904,#939,#65,.T.);
#1153=EDGE_CURVE('',#940,#905,#66,.T.);
#1154=EDGE_CURVE('',#940,#932,#447,.T.);
#1155=EDGE_CURVE('',#941,#940,#448,.T.);
#1156=EDGE_CURVE('',#941,#931,#449,.T.);
#1157=EDGE_CURVE('',#942,#941,#67,.T.);
#1158=EDGE_CURVE('',#942,#930,#450,.T.);
#1159=EDGE_CURVE('',#943,#942,#451,.T.);
#1160=EDGE_CURVE('',#943,#929,#452,.T.);
#1161=EDGE_CURVE('',#944,#943,#68,.T.);
#1162=EDGE_CURVE('',#944,#928,#453,.T.);
#1163=EDGE_CURVE('',#945,#944,#454,.T.);
#1164=EDGE_CURVE('',#945,#927,#455,.T.);
#1165=EDGE_CURVE('',#946,#945,#456,.T.);
#1166=EDGE_CURVE('',#946,#947,#457,.T.);
#1167=EDGE_CURVE('',#947,#918,#69,.T.);
#1168=EDGE_CURVE('',#948,#949,#70,.T.);
#1169=EDGE_CURVE('',#950,#948,#458,.T.);
#1170=EDGE_CURVE('',#951,#950,#71,.T.);
#1171=EDGE_CURVE('',#949,#951,#459,.T.);
#1172=EDGE_CURVE('',#952,#953,#72,.T.);
#1173=EDGE_CURVE('',#951,#952,#73,.T.);
#1174=EDGE_CURVE('',#953,#950,#74,.T.);
#1175=EDGE_CURVE('',#954,#955,#75,.T.);
#1176=EDGE_CURVE('',#952,#954,#460,.T.);
#1177=EDGE_CURVE('',#955,#953,#461,.T.);
#1178=EDGE_CURVE('',#956,#923,#76,.T.);
#1179=EDGE_CURVE('',#926,#956,#77,.T.);
#1180=EDGE_CURVE('',#957,#922,#78,.T.);
#1181=EDGE_CURVE('',#956,#957,#462,.T.);
#1182=EDGE_CURVE('',#958,#921,#79,.T.);
#1183=EDGE_CURVE('',#957,#958,#80,.T.);
#1184=EDGE_CURVE('',#959,#920,#81,.T.);
#1185=EDGE_CURVE('',#958,#959,#463,.T.);
#1186=EDGE_CURVE('',#960,#919,#82,.T.);
#1187=EDGE_CURVE('',#959,#960,#83,.T.);
#1188=EDGE_CURVE('',#960,#947,#464,.T.);
#1189=EDGE_CURVE('',#955,#933,#465,.T.);
#1190=EDGE_CURVE('',#938,#948,#466,.T.);
#1191=EDGE_CURVE('',#961,#960,#467,.T.);
#1192=EDGE_CURVE('',#962,#961,#84,.T.);
#1193=EDGE_CURVE('',#962,#959,#468,.T.);
#1194=EDGE_CURVE('',#963,#962,#469,.T.);
#1195=EDGE_CURVE('',#963,#958,#470,.T.);
#1196=EDGE_CURVE('',#964,#963,#85,.T.);
#1197=EDGE_CURVE('',#964,#957,#471,.T.);
#1198=EDGE_CURVE('',#965,#964,#472,.T.);
#1199=EDGE_CURVE('',#965,#956,#473,.T.);
#1200=EDGE_CURVE('',#966,#965,#86,.T.);
#1201=EDGE_CURVE('',#966,#926,#474,.T.);
#1202=EDGE_CURVE('',#967,#954,#475,.T.);
#1203=EDGE_CURVE('',#968,#967,#476,.T.);
#1204=EDGE_CURVE('',#925,#968,#477,.T.);
#1205=EDGE_CURVE('',#969,#966,#478,.T.);
#1206=EDGE_CURVE('',#969,#952,#479,.T.);
#1207=EDGE_CURVE('',#970,#969,#87,.T.);
#1208=EDGE_CURVE('',#970,#951,#480,.T.);
#1209=EDGE_CURVE('',#971,#970,#481,.T.);
#1210=EDGE_CURVE('',#971,#949,#482,.T.);
#1211=EDGE_CURVE('',#972,#971,#483,.T.);
#1212=EDGE_CURVE('',#972,#937,#484,.T.);
#1213=EDGE_CURVE('',#939,#972,#485,.T.);
#1214=EDGE_CURVE('',#961,#946,#486,.T.);
#1215=EDGE_CURVE('',#968,#973,#487,.T.);
#1216=EDGE_CURVE('',#974,#973,#488,.T.);
#1217=EDGE_CURVE('',#975,#974,#489,.T.);
#1218=EDGE_CURVE('',#976,#975,#490,.T.);
#1219=EDGE_CURVE('',#976,#908,#491,.T.);
#1220=EDGE_CURVE('',#967,#977,#492,.T.);
#1221=EDGE_CURVE('',#973,#977,#493,.T.);
#1222=EDGE_CURVE('',#978,#976,#494,.T.);
#1223=EDGE_CURVE('',#978,#902,#495,.T.);
#1224=EDGE_CURVE('',#979,#980,#496,.T.);
#1225=EDGE_CURVE('',#981,#980,#497,.T.);
#1226=EDGE_CURVE('',#982,#981,#498,.T.);
#1227=EDGE_CURVE('',#982,#983,#499,.T.);
#1228=EDGE_CURVE('',#983,#984,#500,.T.);
#1229=EDGE_CURVE('',#985,#984,#501,.T.);
#1230=EDGE_CURVE('',#986,#985,#502,.T.);
#1231=EDGE_CURVE('',#986,#987,#503,.T.);
#1232=EDGE_CURVE('',#979,#987,#88,.T.);
#1233=EDGE_CURVE('',#988,#989,#89,.T.);
#1234=EDGE_CURVE('',#989,#990,#504,.T.);
#1235=EDGE_CURVE('',#990,#991,#90,.T.);
#1236=EDGE_CURVE('',#991,#988,#505,.T.);
#1237=EDGE_CURVE('',#989,#992,#506,.T.);
#1238=EDGE_CURVE('',#992,#993,#507,.T.);
#1239=EDGE_CURVE('',#993,#990,#508,.T.);
#1240=EDGE_CURVE('',#994,#995,#509,.T.);
#1241=EDGE_CURVE('',#996,#995,#510,.T.);
#1242=EDGE_CURVE('',#996,#997,#511,.T.);
#1243=EDGE_CURVE('',#997,#994,#512,.T.);
#1244=EDGE_CURVE('',#997,#998,#513,.T.);
#1245=EDGE_CURVE('',#998,#999,#514,.T.);
#1246=EDGE_CURVE('',#999,#994,#515,.T.);
#1247=EDGE_CURVE('',#1000,#1001,#516,.T.);
#1248=EDGE_CURVE('',#998,#1000,#517,.T.);
#1249=EDGE_CURVE('',#992,#996,#518,.T.);
#1250=EDGE_CURVE('',#1002,#988,#519,.T.);
#1251=EDGE_CURVE('',#1001,#1002,#520,.T.);
#1252=EDGE_CURVE('',#1003,#1004,#521,.T.);
#1253=EDGE_CURVE('',#1004,#1005,#522,.T.);
#1254=EDGE_CURVE('',#1005,#1001,#523,.T.);
#1255=EDGE_CURVE('',#1002,#1003,#524,.T.);
#1256=EDGE_CURVE('',#1006,#1005,#525,.T.);
#1257=EDGE_CURVE('',#1004,#1007,#526,.T.);
#1258=EDGE_CURVE('',#1007,#1006,#527,.T.);
#1259=EDGE_CURVE('',#1008,#1009,#528,.T.);
#1260=EDGE_CURVE('',#1009,#1006,#529,.T.);
#1261=EDGE_CURVE('',#1007,#1010,#530,.T.);
#1262=EDGE_CURVE('',#1008,#1010,#531,.T.);
#1263=EDGE_CURVE('',#1010,#1003,#532,.T.);
#1264=EDGE_CURVE('',#1002,#1008,#533,.T.);
#1265=EDGE_CURVE('',#991,#1008,#534,.T.);
#1266=EDGE_CURVE('',#1009,#1011,#535,.T.);
#1267=EDGE_CURVE('',#1011,#1000,#536,.T.);
#1268=EDGE_CURVE('',#1011,#999,#537,.T.);
#1269=EDGE_CURVE('',#995,#993,#538,.T.);
#1270=EDGE_CURVE('',#987,#1012,#539,.T.);
#1271=EDGE_CURVE('',#1012,#1013,#91,.T.);
#1272=EDGE_CURVE('',#1013,#979,#540,.T.);
#1273=EDGE_CURVE('',#1014,#986,#541,.T.);
#1274=EDGE_CURVE('',#1012,#1014,#542,.T.);
#1275=EDGE_CURVE('',#1015,#1016,#543,.T.);
#1276=EDGE_CURVE('',#1016,#982,#544,.T.);
#1277=EDGE_CURVE('',#1015,#981,#545,.T.);
#1278=EDGE_CURVE('',#1017,#1016,#546,.T.);
#1279=EDGE_CURVE('',#983,#1017,#547,.T.);
#1280=EDGE_CURVE('',#1018,#1015,#548,.T.);
#1281=EDGE_CURVE('',#1018,#1013,#549,.T.);
#1282=EDGE_CURVE('',#1019,#1014,#550,.T.);
#1283=EDGE_CURVE('',#1020,#1019,#551,.T.);
#1284=EDGE_CURVE('',#1020,#1017,#552,.T.);
#1285=EDGE_CURVE('',#985,#1021,#553,.T.);
#1286=EDGE_CURVE('',#1021,#1022,#554,.T.);
#1287=EDGE_CURVE('',#1022,#1023,#555,.T.);
#1288=EDGE_CURVE('',#1023,#986,#556,.T.);
#1289=EDGE_CURVE('',#1024,#1025,#557,.T.);
#1290=EDGE_CURVE('',#1025,#1026,#558,.T.);
#1291=EDGE_CURVE('',#1026,#1019,#559,.T.);
#1292=EDGE_CURVE('',#1024,#1014,#560,.T.);
#1293=EDGE_CURVE('',#1021,#1026,#561,.T.);
#1294=EDGE_CURVE('',#1025,#1022,#562,.T.);
#1295=EDGE_CURVE('',#1023,#1024,#563,.T.);
#1296=EDGE_CURVE('',#984,#1020,#564,.T.);
#1297=EDGE_CURVE('',#1018,#980,#565,.T.);
#1298=EDGE_CURVE('',#1027,#1028,#92,.T.);
#1299=EDGE_CURVE('',#1029,#1027,#566,.T.);
#1300=EDGE_CURVE('',#1030,#1029,#93,.T.);
#1301=EDGE_CURVE('',#1031,#1030,#567,.T.);
#1302=EDGE_CURVE('',#1032,#1031,#94,.T.);
#1303=EDGE_CURVE('',#1033,#1032,#568,.T.);
#1304=EDGE_CURVE('',#1034,#1033,#569,.T.);
#1305=EDGE_CURVE('',#1035,#1034,#570,.T.);
#1306=EDGE_CURVE('',#1036,#1035,#95,.T.);
#1307=EDGE_CURVE('',#993,#1036,#571,.T.);
#1308=EDGE_CURVE('',#1037,#992,#572,.T.);
#1309=EDGE_CURVE('',#1038,#1037,#96,.T.);
#1310=EDGE_CURVE('',#1039,#1038,#573,.T.);
#1311=EDGE_CURVE('',#1040,#1039,#97,.T.);
#1312=EDGE_CURVE('',#980,#1040,#574,.T.);
#1313=EDGE_CURVE('',#1041,#1018,#575,.T.);
#1314=EDGE_CURVE('',#1042,#1041,#98,.T.);
#1315=EDGE_CURVE('',#1043,#1042,#576,.T.);
#1316=EDGE_CURVE('',#1044,#1043,#577,.T.);
#1317=EDGE_CURVE('',#1045,#1044,#578,.T.);
#1318=EDGE_CURVE('',#1046,#1045,#99,.T.);
#1319=EDGE_CURVE('',#1028,#1046,#579,.T.);
#1320=EDGE_CURVE('',#1047,#1037,#580,.T.);
#1321=EDGE_CURVE('',#1048,#1047,#100,.F.);
#1322=EDGE_CURVE('',#1038,#1048,#581,.T.);
#1323=EDGE_CURVE('',#1036,#1049,#582,.T.);
#1324=EDGE_CURVE('',#1049,#1047,#583,.T.);
#1325=EDGE_CURVE('',#1050,#1035,#584,.T.);
#1326=EDGE_CURVE('',#1049,#1050,#101,.F.);
#1327=EDGE_CURVE('',#1051,#1033,#585,.T.);
#1328=EDGE_CURVE('',#1051,#1052,#586,.T.);
#1329=EDGE_CURVE('',#1034,#1052,#587,.T.);
#1330=EDGE_CURVE('',#1052,#1053,#588,.T.);
#1331=EDGE_CURVE('',#1053,#1043,#589,.T.);
#1332=EDGE_CURVE('',#1042,#1054,#590,.T.);
#1333=EDGE_CURVE('',#1054,#1050,#591,.T.);
#1334=EDGE_CURVE('',#1031,#1055,#592,.T.);
#1335=EDGE_CURVE('',#1055,#1056,#102,.F.);
#1336=EDGE_CURVE('',#1056,#1032,#593,.T.);
#1337=EDGE_CURVE('',#1057,#1056,#594,.T.);
#1338=EDGE_CURVE('',#1045,#1057,#595,.T.);
#1339=EDGE_CURVE('',#1044,#1058,#596,.T.);
#1340=EDGE_CURVE('',#1058,#1051,#597,.T.);
#1341=EDGE_CURVE('',#1059,#1030,#598,.T.);
#1342=EDGE_CURVE('',#1055,#1059,#599,.T.);
#1343=EDGE_CURVE('',#1029,#1060,#600,.T.);
#1344=EDGE_CURVE('',#1060,#1059,#103,.F.);
#1345=EDGE_CURVE('',#1061,#1027,#601,.T.);
#1346=EDGE_CURVE('',#1060,#1061,#602,.T.);
#1347=EDGE_CURVE('',#1062,#978,#603,.T.);
#1348=EDGE_CURVE('',#1062,#1063,#604,.T.);
#1349=EDGE_CURVE('',#977,#1063,#605,.T.);
#1350=EDGE_CURVE('',#1063,#974,#606,.T.);
#1351=EDGE_CURVE('',#975,#1062,#607,.T.);
#1352=EDGE_CURVE('',#1064,#1065,#608,.T.);
#1353=EDGE_CURVE('',#1066,#1064,#609,.T.);
#1354=EDGE_CURVE('',#1067,#1066,#610,.T.);
#1355=EDGE_CURVE('',#1067,#1065,#611,.T.);
#1356=EDGE_CURVE('',#1065,#1068,#612,.T.);
#1357=EDGE_CURVE('',#1069,#1067,#613,.T.);
#1358=EDGE_CURVE('',#1069,#1068,#614,.T.);
#1359=EDGE_CURVE('',#1068,#1070,#615,.T.);
#1360=EDGE_CURVE('',#1071,#1069,#616,.T.);
#1361=EDGE_CURVE('',#1071,#1070,#617,.T.);
#1362=EDGE_CURVE('',#1070,#1064,#618,.T.);
#1363=EDGE_CURVE('',#1066,#1071,#619,.T.);
#1364=EDGE_CURVE('',#1072,#1073,#620,.T.);
#1365=EDGE_CURVE('',#1074,#1072,#621,.T.);
#1366=EDGE_CURVE('',#1075,#1074,#622,.T.);
#1367=EDGE_CURVE('',#1075,#1073,#623,.T.);
#1368=EDGE_CURVE('',#1073,#1076,#624,.T.);
#1369=EDGE_CURVE('',#1077,#1075,#625,.T.);
#1370=EDGE_CURVE('',#1077,#1076,#626,.T.);
#1371=EDGE_CURVE('',#1076,#1078,#627,.T.);
#1372=EDGE_CURVE('',#1079,#1077,#628,.T.);
#1373=EDGE_CURVE('',#1079,#1078,#629,.T.);
#1374=EDGE_CURVE('',#1078,#1072,#630,.T.);
#1375=EDGE_CURVE('',#1074,#1079,#631,.T.);
#1376=EDGE_CURVE('',#1080,#1081,#632,.T.);
#1377=EDGE_CURVE('',#1082,#1080,#633,.T.);
#1378=EDGE_CURVE('',#1083,#1082,#634,.T.);
#1379=EDGE_CURVE('',#1083,#1081,#635,.T.);
#1380=EDGE_CURVE('',#1081,#1084,#636,.T.);
#1381=EDGE_CURVE('',#1085,#1083,#637,.T.);
#1382=EDGE_CURVE('',#1085,#1084,#638,.T.);
#1383=EDGE_CURVE('',#1084,#1086,#639,.T.);
#1384=EDGE_CURVE('',#1087,#1085,#640,.T.);
#1385=EDGE_CURVE('',#1087,#1086,#641,.T.);
#1386=EDGE_CURVE('',#1086,#1080,#642,.T.);
#1387=EDGE_CURVE('',#1082,#1087,#643,.T.);
#1388=EDGE_CURVE('',#1058,#1053,#644,.T.);
#1389=EDGE_CURVE('',#1088,#1089,#104,.F.);
#1390=EDGE_CURVE('',#1089,#1090,#105,.F.);
#1391=EDGE_CURVE('',#1090,#1088,#106,.F.);
#1392=EDGE_CURVE('',#1091,#1092,#107,.F.);
#1393=EDGE_CURVE('',#1092,#1054,#108,.F.);
#1394=EDGE_CURVE('',#1054,#1091,#109,.F.);
#1395=EDGE_CURVE('',#1047,#1093,#110,.F.);
#1396=EDGE_CURVE('',#1093,#1048,#111,.F.);
#1397=EDGE_CURVE('',#1050,#1094,#112,.F.);
#1398=EDGE_CURVE('',#1094,#1049,#113,.F.);
#1399=EDGE_CURVE('',#1091,#1041,#645,.T.);
#1400=EDGE_CURVE('',#1093,#1094,#646,.T.);
#1401=EDGE_CURVE('',#1094,#1092,#647,.T.);
#1402=EDGE_CURVE('',#1048,#1088,#648,.T.);
#1403=EDGE_CURVE('',#1089,#1093,#649,.T.);
#1404=EDGE_CURVE('',#1088,#1039,#650,.T.);
#1405=EDGE_CURVE('',#1040,#1090,#651,.T.);
#1406=EDGE_CURVE('',#1090,#1091,#652,.T.);
#1407=EDGE_CURVE('',#1092,#1089,#653,.T.);
#1408=EDGE_CURVE('',#1061,#1095,#114,.F.);
#1409=EDGE_CURVE('',#1096,#1061,#115,.F.);
#1410=EDGE_CURVE('',#1095,#1096,#116,.F.);
#1411=EDGE_CURVE('',#1097,#1098,#117,.F.);
#1412=EDGE_CURVE('',#1057,#1097,#118,.F.);
#1413=EDGE_CURVE('',#1098,#1057,#119,.F.);
#1414=EDGE_CURVE('',#1059,#1099,#120,.F.);
#1415=EDGE_CURVE('',#1099,#1060,#121,.F.);
#1416=EDGE_CURVE('',#1056,#1100,#122,.F.);
#1417=EDGE_CURVE('',#1100,#1055,#123,.F.);
#1418=EDGE_CURVE('',#1097,#1046,#654,.T.);
#1419=EDGE_CURVE('',#1099,#1100,#655,.T.);
#1420=EDGE_CURVE('',#1100,#1098,#656,.T.);
#1421=EDGE_CURVE('',#1095,#1099,#657,.T.);
#1422=EDGE_CURVE('',#1028,#1096,#658,.T.);
#1423=EDGE_CURVE('',#1098,#1095,#659,.T.);
#1424=EDGE_CURVE('',#1096,#1097,#660,.T.);
#1425=ORIENTED_EDGE('',*,*,#1101,.F.);
#1426=ORIENTED_EDGE('',*,*,#1102,.T.);
#1427=ORIENTED_EDGE('',*,*,#1103,.F.);
#1428=ORIENTED_EDGE('',*,*,#1104,.F.);
#1429=ORIENTED_EDGE('',*,*,#1105,.T.);
#1430=ORIENTED_EDGE('',*,*,#1106,.T.);
#1431=ORIENTED_EDGE('',*,*,#1107,.F.);
#1432=ORIENTED_EDGE('',*,*,#1108,.F.);
#1433=ORIENTED_EDGE('',*,*,#1109,.F.);
#1434=ORIENTED_EDGE('',*,*,#1106,.F.);
#1435=ORIENTED_EDGE('',*,*,#1110,.T.);
#1436=ORIENTED_EDGE('',*,*,#1111,.F.);
#1437=ORIENTED_EDGE('',*,*,#1112,.F.);
#1438=ORIENTED_EDGE('',*,*,#1111,.T.);
#1439=ORIENTED_EDGE('',*,*,#1113,.T.);
#1440=ORIENTED_EDGE('',*,*,#1114,.T.);
#1441=ORIENTED_EDGE('',*,*,#1115,.T.);
#1442=ORIENTED_EDGE('',*,*,#1116,.T.);
#1443=ORIENTED_EDGE('',*,*,#1117,.T.);
#1444=ORIENTED_EDGE('',*,*,#1118,.T.);
#1445=ORIENTED_EDGE('',*,*,#1119,.F.);
#1446=ORIENTED_EDGE('',*,*,#1120,.T.);
#1447=ORIENTED_EDGE('',*,*,#1121,.T.);
#1448=ORIENTED_EDGE('',*,*,#1122,.T.);
#1449=ORIENTED_EDGE('',*,*,#1123,.T.);
#1450=ORIENTED_EDGE('',*,*,#1124,.T.);
#1451=ORIENTED_EDGE('',*,*,#1125,.T.);
#1452=ORIENTED_EDGE('',*,*,#1126,.T.);
#1453=ORIENTED_EDGE('',*,*,#1127,.F.);
#1454=ORIENTED_EDGE('',*,*,#1126,.F.);
#1455=ORIENTED_EDGE('',*,*,#1128,.F.);
#1456=ORIENTED_EDGE('',*,*,#1129,.F.);
#1457=ORIENTED_EDGE('',*,*,#1130,.F.);
#1458=ORIENTED_EDGE('',*,*,#1118,.F.);
#1459=ORIENTED_EDGE('',*,*,#1131,.F.);
#1460=ORIENTED_EDGE('',*,*,#1132,.F.);
#1461=ORIENTED_EDGE('',*,*,#1133,.F.);
#1462=ORIENTED_EDGE('',*,*,#1134,.F.);
#1463=ORIENTED_EDGE('',*,*,#1131,.T.);
#1464=ORIENTED_EDGE('',*,*,#1117,.F.);
#1465=ORIENTED_EDGE('',*,*,#1135,.F.);
#1466=ORIENTED_EDGE('',*,*,#1136,.F.);
#1467=ORIENTED_EDGE('',*,*,#1133,.T.);
#1468=ORIENTED_EDGE('',*,*,#1116,.F.);
#1469=ORIENTED_EDGE('',*,*,#1137,.F.);
#1470=ORIENTED_EDGE('',*,*,#1138,.F.);
#1471=ORIENTED_EDGE('',*,*,#1135,.T.);
#1472=ORIENTED_EDGE('',*,*,#1115,.F.);
#1473=ORIENTED_EDGE('',*,*,#1139,.F.);
#1474=ORIENTED_EDGE('',*,*,#1140,.F.);
#1475=ORIENTED_EDGE('',*,*,#1137,.T.);
#1476=ORIENTED_EDGE('',*,*,#1114,.F.);
#1477=ORIENTED_EDGE('',*,*,#1110,.F.);
#1478=ORIENTED_EDGE('',*,*,#1141,.F.);
#1479=ORIENTED_EDGE('',*,*,#1139,.T.);
#1480=ORIENTED_EDGE('',*,*,#1113,.F.);
#1481=ORIENTED_EDGE('',*,*,#1142,.F.);
#1482=ORIENTED_EDGE('',*,*,#1143,.F.);
#1483=ORIENTED_EDGE('',*,*,#1144,.F.);
#1484=ORIENTED_EDGE('',*,*,#1102,.F.);
#1485=ORIENTED_EDGE('',*,*,#1145,.F.);
#1486=ORIENTED_EDGE('',*,*,#1146,.F.);
#1487=ORIENTED_EDGE('',*,*,#1144,.T.);
#1488=ORIENTED_EDGE('',*,*,#1147,.F.);
#1489=ORIENTED_EDGE('',*,*,#1148,.F.);
#1490=ORIENTED_EDGE('',*,*,#1149,.F.);
#1491=ORIENTED_EDGE('',*,*,#1145,.T.);
#1492=ORIENTED_EDGE('',*,*,#1150,.F.);
#1493=ORIENTED_EDGE('',*,*,#1146,.T.);
#1494=ORIENTED_EDGE('',*,*,#1151,.F.);
#1495=ORIENTED_EDGE('',*,*,#1152,.F.);
#1496=ORIENTED_EDGE('',*,*,#1103,.T.);
#1497=ORIENTED_EDGE('',*,*,#1141,.T.);
#1498=ORIENTED_EDGE('',*,*,#1105,.F.);
#1499=ORIENTED_EDGE('',*,*,#1153,.F.);
#1500=ORIENTED_EDGE('',*,*,#1154,.T.);
#1501=ORIENTED_EDGE('',*,*,#1140,.T.);
#1502=ORIENTED_EDGE('',*,*,#1154,.F.);
#1503=ORIENTED_EDGE('',*,*,#1155,.F.);
#1504=ORIENTED_EDGE('',*,*,#1156,.T.);
#1505=ORIENTED_EDGE('',*,*,#1138,.T.);
#1506=ORIENTED_EDGE('',*,*,#1156,.F.);
#1507=ORIENTED_EDGE('',*,*,#1157,.F.);
#1508=ORIENTED_EDGE('',*,*,#1158,.T.);
#1509=ORIENTED_EDGE('',*,*,#1136,.T.);
#1510=ORIENTED_EDGE('',*,*,#1158,.F.);
#1511=ORIENTED_EDGE('',*,*,#1159,.F.);
#1512=ORIENTED_EDGE('',*,*,#1160,.T.);
#1513=ORIENTED_EDGE('',*,*,#1134,.T.);
#1514=ORIENTED_EDGE('',*,*,#1160,.F.);
#1515=ORIENTED_EDGE('',*,*,#1161,.F.);
#1516=ORIENTED_EDGE('',*,*,#1162,.T.);
#1517=ORIENTED_EDGE('',*,*,#1132,.T.);
#1518=ORIENTED_EDGE('',*,*,#1162,.F.);
#1519=ORIENTED_EDGE('',*,*,#1163,.F.);
#1520=ORIENTED_EDGE('',*,*,#1164,.T.);
#1521=ORIENTED_EDGE('',*,*,#1130,.T.);
#1522=ORIENTED_EDGE('',*,*,#1164,.F.);
#1523=ORIENTED_EDGE('',*,*,#1165,.F.);
#1524=ORIENTED_EDGE('',*,*,#1166,.T.);
#1525=ORIENTED_EDGE('',*,*,#1167,.T.);
#1526=ORIENTED_EDGE('',*,*,#1119,.T.);
#1527=ORIENTED_EDGE('',*,*,#1168,.F.);
#1528=ORIENTED_EDGE('',*,*,#1169,.F.);
#1529=ORIENTED_EDGE('',*,*,#1170,.F.);
#1530=ORIENTED_EDGE('',*,*,#1171,.F.);
#1531=ORIENTED_EDGE('',*,*,#1172,.F.);
#1532=ORIENTED_EDGE('',*,*,#1173,.F.);
#1533=ORIENTED_EDGE('',*,*,#1170,.T.);
#1534=ORIENTED_EDGE('',*,*,#1174,.F.);
#1535=ORIENTED_EDGE('',*,*,#1175,.F.);
#1536=ORIENTED_EDGE('',*,*,#1176,.F.);
#1537=ORIENTED_EDGE('',*,*,#1172,.T.);
#1538=ORIENTED_EDGE('',*,*,#1177,.F.);
#1539=ORIENTED_EDGE('',*,*,#1178,.F.);
#1540=ORIENTED_EDGE('',*,*,#1179,.F.);
#1541=ORIENTED_EDGE('',*,*,#1128,.T.);
#1542=ORIENTED_EDGE('',*,*,#1125,.F.);
#1543=ORIENTED_EDGE('',*,*,#1180,.F.);
#1544=ORIENTED_EDGE('',*,*,#1181,.F.);
#1545=ORIENTED_EDGE('',*,*,#1178,.T.);
#1546=ORIENTED_EDGE('',*,*,#1124,.F.);
#1547=ORIENTED_EDGE('',*,*,#1182,.F.);
#1548=ORIENTED_EDGE('',*,*,#1183,.F.);
#1549=ORIENTED_EDGE('',*,*,#1180,.T.);
#1550=ORIENTED_EDGE('',*,*,#1123,.F.);
#1551=ORIENTED_EDGE('',*,*,#1184,.F.);
#1552=ORIENTED_EDGE('',*,*,#1185,.F.);
#1553=ORIENTED_EDGE('',*,*,#1182,.T.);
#1554=ORIENTED_EDGE('',*,*,#1122,.F.);
#1555=ORIENTED_EDGE('',*,*,#1186,.F.);
#1556=ORIENTED_EDGE('',*,*,#1187,.F.);
#1557=ORIENTED_EDGE('',*,*,#1184,.T.);
#1558=ORIENTED_EDGE('',*,*,#1121,.F.);
#1559=ORIENTED_EDGE('',*,*,#1167,.F.);
#1560=ORIENTED_EDGE('',*,*,#1188,.F.);
#1561=ORIENTED_EDGE('',*,*,#1186,.T.);
#1562=ORIENTED_EDGE('',*,*,#1120,.F.);
#1563=ORIENTED_EDGE('',*,*,#1189,.F.);
#1564=ORIENTED_EDGE('',*,*,#1177,.T.);
#1565=ORIENTED_EDGE('',*,*,#1174,.T.);
#1566=ORIENTED_EDGE('',*,*,#1169,.T.);
#1567=ORIENTED_EDGE('',*,*,#1190,.F.);
#1568=ORIENTED_EDGE('',*,*,#1150,.T.);
#1569=ORIENTED_EDGE('',*,*,#1147,.T.);
#1570=ORIENTED_EDGE('',*,*,#1143,.T.);
#1571=ORIENTED_EDGE('',*,*,#1187,.T.);
#1572=ORIENTED_EDGE('',*,*,#1191,.F.);
#1573=ORIENTED_EDGE('',*,*,#1192,.F.);
#1574=ORIENTED_EDGE('',*,*,#1193,.T.);
#1575=ORIENTED_EDGE('',*,*,#1185,.T.);
#1576=ORIENTED_EDGE('',*,*,#1193,.F.);
#1577=ORIENTED_EDGE('',*,*,#1194,.F.);
#1578=ORIENTED_EDGE('',*,*,#1195,.T.);
#1579=ORIENTED_EDGE('',*,*,#1183,.T.);
#1580=ORIENTED_EDGE('',*,*,#1195,.F.);
#1581=ORIENTED_EDGE('',*,*,#1196,.F.);
#1582=ORIENTED_EDGE('',*,*,#1197,.T.);
#1583=ORIENTED_EDGE('',*,*,#1181,.T.);
#1584=ORIENTED_EDGE('',*,*,#1197,.F.);
#1585=ORIENTED_EDGE('',*,*,#1198,.F.);
#1586=ORIENTED_EDGE('',*,*,#1199,.T.);
#1587=ORIENTED_EDGE('',*,*,#1179,.T.);
#1588=ORIENTED_EDGE('',*,*,#1199,.F.);
#1589=ORIENTED_EDGE('',*,*,#1200,.F.);
#1590=ORIENTED_EDGE('',*,*,#1201,.T.);
#1591=ORIENTED_EDGE('',*,*,#1202,.F.);
#1592=ORIENTED_EDGE('',*,*,#1203,.F.);
#1593=ORIENTED_EDGE('',*,*,#1204,.F.);
#1594=ORIENTED_EDGE('',*,*,#1129,.T.);
#1595=ORIENTED_EDGE('',*,*,#1201,.F.);
#1596=ORIENTED_EDGE('',*,*,#1205,.F.);
#1597=ORIENTED_EDGE('',*,*,#1206,.T.);
#1598=ORIENTED_EDGE('',*,*,#1176,.T.);
#1599=ORIENTED_EDGE('',*,*,#1173,.T.);
#1600=ORIENTED_EDGE('',*,*,#1206,.F.);
#1601=ORIENTED_EDGE('',*,*,#1207,.F.);
#1602=ORIENTED_EDGE('',*,*,#1208,.T.);
#1603=ORIENTED_EDGE('',*,*,#1171,.T.);
#1604=ORIENTED_EDGE('',*,*,#1208,.F.);
#1605=ORIENTED_EDGE('',*,*,#1209,.F.);
#1606=ORIENTED_EDGE('',*,*,#1210,.T.);
#1607=ORIENTED_EDGE('',*,*,#1148,.T.);
#1608=ORIENTED_EDGE('',*,*,#1190,.T.);
#1609=ORIENTED_EDGE('',*,*,#1168,.T.);
#1610=ORIENTED_EDGE('',*,*,#1210,.F.);
#1611=ORIENTED_EDGE('',*,*,#1211,.F.);
#1612=ORIENTED_EDGE('',*,*,#1212,.T.);
#1613=ORIENTED_EDGE('',*,*,#1149,.T.);
#1614=ORIENTED_EDGE('',*,*,#1212,.F.);
#1615=ORIENTED_EDGE('',*,*,#1213,.F.);
#1616=ORIENTED_EDGE('',*,*,#1151,.T.);
#1617=ORIENTED_EDGE('',*,*,#1188,.T.);
#1618=ORIENTED_EDGE('',*,*,#1166,.F.);
#1619=ORIENTED_EDGE('',*,*,#1214,.F.);
#1620=ORIENTED_EDGE('',*,*,#1191,.T.);
#1621=ORIENTED_EDGE('',*,*,#1107,.T.);
#1622=ORIENTED_EDGE('',*,*,#1109,.T.);
#1623=ORIENTED_EDGE('',*,*,#1112,.T.);
#1624=ORIENTED_EDGE('',*,*,#1127,.T.);
#1625=ORIENTED_EDGE('',*,*,#1204,.T.);
#1626=ORIENTED_EDGE('',*,*,#1215,.T.);
#1627=ORIENTED_EDGE('',*,*,#1216,.F.);
#1628=ORIENTED_EDGE('',*,*,#1217,.F.);
#1629=ORIENTED_EDGE('',*,*,#1218,.F.);
#1630=ORIENTED_EDGE('',*,*,#1219,.T.);
#1631=ORIENTED_EDGE('',*,*,#1203,.T.);
#1632=ORIENTED_EDGE('',*,*,#1220,.T.);
#1633=ORIENTED_EDGE('',*,*,#1221,.F.);
#1634=ORIENTED_EDGE('',*,*,#1215,.F.);
#1635=ORIENTED_EDGE('',*,*,#1108,.T.);
#1636=ORIENTED_EDGE('',*,*,#1219,.F.);
#1637=ORIENTED_EDGE('',*,*,#1222,.F.);
#1638=ORIENTED_EDGE('',*,*,#1223,.T.);
#1639=ORIENTED_EDGE('',*,*,#1224,.T.);
#1640=ORIENTED_EDGE('',*,*,#1225,.F.);
#1641=ORIENTED_EDGE('',*,*,#1226,.F.);
#1642=ORIENTED_EDGE('',*,*,#1227,.T.);
#1643=ORIENTED_EDGE('',*,*,#1228,.T.);
#1644=ORIENTED_EDGE('',*,*,#1229,.F.);
#1645=ORIENTED_EDGE('',*,*,#1230,.F.);
#1646=ORIENTED_EDGE('',*,*,#1231,.T.);
#1647=ORIENTED_EDGE('',*,*,#1232,.F.);
#1648=ORIENTED_EDGE('',*,*,#1233,.T.);
#1649=ORIENTED_EDGE('',*,*,#1234,.T.);
#1650=ORIENTED_EDGE('',*,*,#1235,.T.);
#1651=ORIENTED_EDGE('',*,*,#1236,.T.);
#1652=ORIENTED_EDGE('',*,*,#1234,.F.);
#1653=ORIENTED_EDGE('',*,*,#1237,.T.);
#1654=ORIENTED_EDGE('',*,*,#1238,.T.);
#1655=ORIENTED_EDGE('',*,*,#1239,.T.);
#1656=ORIENTED_EDGE('',*,*,#1240,.T.);
#1657=ORIENTED_EDGE('',*,*,#1241,.F.);
#1658=ORIENTED_EDGE('',*,*,#1242,.T.);
#1659=ORIENTED_EDGE('',*,*,#1243,.T.);
#1660=ORIENTED_EDGE('',*,*,#1243,.F.);
#1661=ORIENTED_EDGE('',*,*,#1244,.T.);
#1662=ORIENTED_EDGE('',*,*,#1245,.T.);
#1663=ORIENTED_EDGE('',*,*,#1246,.T.);
#1664=ORIENTED_EDGE('',*,*,#1247,.F.);
#1665=ORIENTED_EDGE('',*,*,#1248,.F.);
#1666=ORIENTED_EDGE('',*,*,#1244,.F.);
#1667=ORIENTED_EDGE('',*,*,#1242,.F.);
#1668=ORIENTED_EDGE('',*,*,#1249,.F.);
#1669=ORIENTED_EDGE('',*,*,#1237,.F.);
#1670=ORIENTED_EDGE('',*,*,#1233,.F.);
#1671=ORIENTED_EDGE('',*,*,#1250,.F.);
#1672=ORIENTED_EDGE('',*,*,#1251,.F.);
#1673=ORIENTED_EDGE('',*,*,#1252,.T.);
#1674=ORIENTED_EDGE('',*,*,#1253,.T.);
#1675=ORIENTED_EDGE('',*,*,#1254,.T.);
#1676=ORIENTED_EDGE('',*,*,#1251,.T.);
#1677=ORIENTED_EDGE('',*,*,#1255,.T.);
#1678=ORIENTED_EDGE('',*,*,#1256,.T.);
#1679=ORIENTED_EDGE('',*,*,#1253,.F.);
#1680=ORIENTED_EDGE('',*,*,#1257,.T.);
#1681=ORIENTED_EDGE('',*,*,#1258,.T.);
#1682=ORIENTED_EDGE('',*,*,#1259,.T.);
#1683=ORIENTED_EDGE('',*,*,#1260,.T.);
#1684=ORIENTED_EDGE('',*,*,#1258,.F.);
#1685=ORIENTED_EDGE('',*,*,#1261,.T.);
#1686=ORIENTED_EDGE('',*,*,#1262,.F.);
#1687=ORIENTED_EDGE('',*,*,#1263,.T.);
#1688=ORIENTED_EDGE('',*,*,#1255,.F.);
#1689=ORIENTED_EDGE('',*,*,#1264,.T.);
#1690=ORIENTED_EDGE('',*,*,#1262,.T.);
#1691=ORIENTED_EDGE('',*,*,#1236,.F.);
#1692=ORIENTED_EDGE('',*,*,#1265,.T.);
#1693=ORIENTED_EDGE('',*,*,#1264,.F.);
#1694=ORIENTED_EDGE('',*,*,#1250,.T.);
#1695=ORIENTED_EDGE('',*,*,#1252,.F.);
#1696=ORIENTED_EDGE('',*,*,#1263,.F.);
#1697=ORIENTED_EDGE('',*,*,#1261,.F.);
#1698=ORIENTED_EDGE('',*,*,#1257,.F.);
#1699=ORIENTED_EDGE('',*,*,#1260,.F.);
#1700=ORIENTED_EDGE('',*,*,#1266,.T.);
#1701=ORIENTED_EDGE('',*,*,#1267,.T.);
#1702=ORIENTED_EDGE('',*,*,#1247,.T.);
#1703=ORIENTED_EDGE('',*,*,#1254,.F.);
#1704=ORIENTED_EDGE('',*,*,#1256,.F.);
#1705=ORIENTED_EDGE('',*,*,#1267,.F.);
#1706=ORIENTED_EDGE('',*,*,#1268,.T.);
#1707=ORIENTED_EDGE('',*,*,#1245,.F.);
#1708=ORIENTED_EDGE('',*,*,#1248,.T.);
#1709=ORIENTED_EDGE('',*,*,#1240,.F.);
#1710=ORIENTED_EDGE('',*,*,#1246,.F.);
#1711=ORIENTED_EDGE('',*,*,#1268,.F.);
#1712=ORIENTED_EDGE('',*,*,#1266,.F.);
#1713=ORIENTED_EDGE('',*,*,#1259,.F.);
#1714=ORIENTED_EDGE('',*,*,#1265,.F.);
#1715=ORIENTED_EDGE('',*,*,#1235,.F.);
#1716=ORIENTED_EDGE('',*,*,#1239,.F.);
#1717=ORIENTED_EDGE('',*,*,#1269,.F.);
#1718=ORIENTED_EDGE('',*,*,#1232,.T.);
#1719=ORIENTED_EDGE('',*,*,#1270,.T.);
#1720=ORIENTED_EDGE('',*,*,#1271,.T.);
#1721=ORIENTED_EDGE('',*,*,#1272,.T.);
#1722=ORIENTED_EDGE('',*,*,#1270,.F.);
#1723=ORIENTED_EDGE('',*,*,#1231,.F.);
#1724=ORIENTED_EDGE('',*,*,#1273,.F.);
#1725=ORIENTED_EDGE('',*,*,#1274,.F.);
#1726=ORIENTED_EDGE('',*,*,#1275,.T.);
#1727=ORIENTED_EDGE('',*,*,#1276,.T.);
#1728=ORIENTED_EDGE('',*,*,#1226,.T.);
#1729=ORIENTED_EDGE('',*,*,#1277,.F.);
#1730=ORIENTED_EDGE('',*,*,#1276,.F.);
#1731=ORIENTED_EDGE('',*,*,#1278,.F.);
#1732=ORIENTED_EDGE('',*,*,#1279,.F.);
#1733=ORIENTED_EDGE('',*,*,#1227,.F.);
#1734=ORIENTED_EDGE('',*,*,#1275,.F.);
#1735=ORIENTED_EDGE('',*,*,#1280,.F.);
#1736=ORIENTED_EDGE('',*,*,#1281,.T.);
#1737=ORIENTED_EDGE('',*,*,#1271,.F.);
#1738=ORIENTED_EDGE('',*,*,#1274,.T.);
#1739=ORIENTED_EDGE('',*,*,#1282,.F.);
#1740=ORIENTED_EDGE('',*,*,#1283,.F.);
#1741=ORIENTED_EDGE('',*,*,#1284,.T.);
#1742=ORIENTED_EDGE('',*,*,#1278,.T.);
#1743=ORIENTED_EDGE('',*,*,#1230,.T.);
#1744=ORIENTED_EDGE('',*,*,#1285,.T.);
#1745=ORIENTED_EDGE('',*,*,#1286,.T.);
#1746=ORIENTED_EDGE('',*,*,#1287,.T.);
#1747=ORIENTED_EDGE('',*,*,#1288,.T.);
#1748=ORIENTED_EDGE('',*,*,#1289,.T.);
#1749=ORIENTED_EDGE('',*,*,#1290,.T.);
#1750=ORIENTED_EDGE('',*,*,#1291,.T.);
#1751=ORIENTED_EDGE('',*,*,#1282,.T.);
#1752=ORIENTED_EDGE('',*,*,#1292,.F.);
#1753=ORIENTED_EDGE('',*,*,#1293,.T.);
#1754=ORIENTED_EDGE('',*,*,#1290,.F.);
#1755=ORIENTED_EDGE('',*,*,#1294,.T.);
#1756=ORIENTED_EDGE('',*,*,#1286,.F.);
#1757=ORIENTED_EDGE('',*,*,#1273,.T.);
#1758=ORIENTED_EDGE('',*,*,#1288,.F.);
#1759=ORIENTED_EDGE('',*,*,#1295,.T.);
#1760=ORIENTED_EDGE('',*,*,#1292,.T.);
#1761=ORIENTED_EDGE('',*,*,#1289,.F.);
#1762=ORIENTED_EDGE('',*,*,#1295,.F.);
#1763=ORIENTED_EDGE('',*,*,#1287,.F.);
#1764=ORIENTED_EDGE('',*,*,#1294,.F.);
#1765=ORIENTED_EDGE('',*,*,#1285,.F.);
#1766=ORIENTED_EDGE('',*,*,#1229,.T.);
#1767=ORIENTED_EDGE('',*,*,#1296,.T.);
#1768=ORIENTED_EDGE('',*,*,#1283,.T.);
#1769=ORIENTED_EDGE('',*,*,#1291,.F.);
#1770=ORIENTED_EDGE('',*,*,#1293,.F.);
#1771=ORIENTED_EDGE('',*,*,#1296,.F.);
#1772=ORIENTED_EDGE('',*,*,#1228,.F.);
#1773=ORIENTED_EDGE('',*,*,#1279,.T.);
#1774=ORIENTED_EDGE('',*,*,#1284,.F.);
#1775=ORIENTED_EDGE('',*,*,#1272,.F.);
#1776=ORIENTED_EDGE('',*,*,#1281,.F.);
#1777=ORIENTED_EDGE('',*,*,#1297,.T.);
#1778=ORIENTED_EDGE('',*,*,#1224,.F.);
#1779=ORIENTED_EDGE('',*,*,#1298,.F.);
#1780=ORIENTED_EDGE('',*,*,#1299,.F.);
#1781=ORIENTED_EDGE('',*,*,#1300,.F.);
#1782=ORIENTED_EDGE('',*,*,#1301,.F.);
#1783=ORIENTED_EDGE('',*,*,#1302,.F.);
#1784=ORIENTED_EDGE('',*,*,#1303,.F.);
#1785=ORIENTED_EDGE('',*,*,#1304,.F.);
#1786=ORIENTED_EDGE('',*,*,#1305,.F.);
#1787=ORIENTED_EDGE('',*,*,#1306,.F.);
#1788=ORIENTED_EDGE('',*,*,#1307,.F.);
#1789=ORIENTED_EDGE('',*,*,#1238,.F.);
#1790=ORIENTED_EDGE('',*,*,#1308,.F.);
#1791=ORIENTED_EDGE('',*,*,#1309,.F.);
#1792=ORIENTED_EDGE('',*,*,#1310,.F.);
#1793=ORIENTED_EDGE('',*,*,#1311,.F.);
#1794=ORIENTED_EDGE('',*,*,#1312,.F.);
#1795=ORIENTED_EDGE('',*,*,#1297,.F.);
#1796=ORIENTED_EDGE('',*,*,#1313,.F.);
#1797=ORIENTED_EDGE('',*,*,#1314,.F.);
#1798=ORIENTED_EDGE('',*,*,#1315,.F.);
#1799=ORIENTED_EDGE('',*,*,#1316,.F.);
#1800=ORIENTED_EDGE('',*,*,#1317,.F.);
#1801=ORIENTED_EDGE('',*,*,#1318,.F.);
#1802=ORIENTED_EDGE('',*,*,#1319,.F.);
#1803=ORIENTED_EDGE('',*,*,#1192,.T.);
#1804=ORIENTED_EDGE('',*,*,#1214,.T.);
#1805=ORIENTED_EDGE('',*,*,#1165,.T.);
#1806=ORIENTED_EDGE('',*,*,#1163,.T.);
#1807=ORIENTED_EDGE('',*,*,#1161,.T.);
#1808=ORIENTED_EDGE('',*,*,#1159,.T.);
#1809=ORIENTED_EDGE('',*,*,#1157,.T.);
#1810=ORIENTED_EDGE('',*,*,#1155,.T.);
#1811=ORIENTED_EDGE('',*,*,#1153,.T.);
#1812=ORIENTED_EDGE('',*,*,#1104,.T.);
#1813=ORIENTED_EDGE('',*,*,#1152,.T.);
#1814=ORIENTED_EDGE('',*,*,#1213,.T.);
#1815=ORIENTED_EDGE('',*,*,#1211,.T.);
#1816=ORIENTED_EDGE('',*,*,#1209,.T.);
#1817=ORIENTED_EDGE('',*,*,#1207,.T.);
#1818=ORIENTED_EDGE('',*,*,#1205,.T.);
#1819=ORIENTED_EDGE('',*,*,#1200,.T.);
#1820=ORIENTED_EDGE('',*,*,#1198,.T.);
#1821=ORIENTED_EDGE('',*,*,#1196,.T.);
#1822=ORIENTED_EDGE('',*,*,#1194,.T.);
#1823=ORIENTED_EDGE('',*,*,#1309,.T.);
#1824=ORIENTED_EDGE('',*,*,#1320,.F.);
#1825=ORIENTED_EDGE('',*,*,#1321,.F.);
#1826=ORIENTED_EDGE('',*,*,#1322,.F.);
#1827=ORIENTED_EDGE('',*,*,#1269,.T.);
#1828=ORIENTED_EDGE('',*,*,#1307,.T.);
#1829=ORIENTED_EDGE('',*,*,#1323,.T.);
#1830=ORIENTED_EDGE('',*,*,#1324,.T.);
#1831=ORIENTED_EDGE('',*,*,#1320,.T.);
#1832=ORIENTED_EDGE('',*,*,#1308,.T.);
#1833=ORIENTED_EDGE('',*,*,#1249,.T.);
#1834=ORIENTED_EDGE('',*,*,#1241,.T.);
#1835=ORIENTED_EDGE('',*,*,#1306,.T.);
#1836=ORIENTED_EDGE('',*,*,#1325,.F.);
#1837=ORIENTED_EDGE('',*,*,#1326,.F.);
#1838=ORIENTED_EDGE('',*,*,#1323,.F.);
#1839=ORIENTED_EDGE('',*,*,#1304,.T.);
#1840=ORIENTED_EDGE('',*,*,#1327,.F.);
#1841=ORIENTED_EDGE('',*,*,#1328,.T.);
#1842=ORIENTED_EDGE('',*,*,#1329,.F.);
#1843=ORIENTED_EDGE('',*,*,#1305,.T.);
#1844=ORIENTED_EDGE('',*,*,#1329,.T.);
#1845=ORIENTED_EDGE('',*,*,#1330,.T.);
#1846=ORIENTED_EDGE('',*,*,#1331,.T.);
#1847=ORIENTED_EDGE('',*,*,#1315,.T.);
#1848=ORIENTED_EDGE('',*,*,#1332,.T.);
#1849=ORIENTED_EDGE('',*,*,#1333,.T.);
#1850=ORIENTED_EDGE('',*,*,#1325,.T.);
#1851=ORIENTED_EDGE('',*,*,#1302,.T.);
#1852=ORIENTED_EDGE('',*,*,#1334,.T.);
#1853=ORIENTED_EDGE('',*,*,#1335,.T.);
#1854=ORIENTED_EDGE('',*,*,#1336,.T.);
#1855=ORIENTED_EDGE('',*,*,#1303,.T.);
#1856=ORIENTED_EDGE('',*,*,#1336,.F.);
#1857=ORIENTED_EDGE('',*,*,#1337,.F.);
#1858=ORIENTED_EDGE('',*,*,#1338,.F.);
#1859=ORIENTED_EDGE('',*,*,#1317,.T.);
#1860=ORIENTED_EDGE('',*,*,#1339,.T.);
#1861=ORIENTED_EDGE('',*,*,#1340,.T.);
#1862=ORIENTED_EDGE('',*,*,#1327,.T.);
#1863=ORIENTED_EDGE('',*,*,#1301,.T.);
#1864=ORIENTED_EDGE('',*,*,#1341,.F.);
#1865=ORIENTED_EDGE('',*,*,#1342,.F.);
#1866=ORIENTED_EDGE('',*,*,#1334,.F.);
#1867=ORIENTED_EDGE('',*,*,#1300,.T.);
#1868=ORIENTED_EDGE('',*,*,#1343,.T.);
#1869=ORIENTED_EDGE('',*,*,#1344,.T.);
#1870=ORIENTED_EDGE('',*,*,#1341,.T.);
#1871=ORIENTED_EDGE('',*,*,#1299,.T.);
#1872=ORIENTED_EDGE('',*,*,#1345,.F.);
#1873=ORIENTED_EDGE('',*,*,#1346,.F.);
#1874=ORIENTED_EDGE('',*,*,#1343,.F.);
#1875=ORIENTED_EDGE('',*,*,#1101,.T.);
#1876=ORIENTED_EDGE('',*,*,#1223,.F.);
#1877=ORIENTED_EDGE('',*,*,#1347,.F.);
#1878=ORIENTED_EDGE('',*,*,#1348,.T.);
#1879=ORIENTED_EDGE('',*,*,#1349,.F.);
#1880=ORIENTED_EDGE('',*,*,#1220,.F.);
#1881=ORIENTED_EDGE('',*,*,#1202,.T.);
#1882=ORIENTED_EDGE('',*,*,#1175,.T.);
#1883=ORIENTED_EDGE('',*,*,#1189,.T.);
#1884=ORIENTED_EDGE('',*,*,#1142,.T.);
#1885=ORIENTED_EDGE('',*,*,#1350,.F.);
#1886=ORIENTED_EDGE('',*,*,#1348,.F.);
#1887=ORIENTED_EDGE('',*,*,#1351,.F.);
#1888=ORIENTED_EDGE('',*,*,#1217,.T.);
#1889=ORIENTED_EDGE('',*,*,#1352,.F.);
#1890=ORIENTED_EDGE('',*,*,#1353,.F.);
#1891=ORIENTED_EDGE('',*,*,#1354,.F.);
#1892=ORIENTED_EDGE('',*,*,#1355,.T.);
#1893=ORIENTED_EDGE('',*,*,#1356,.F.);
#1894=ORIENTED_EDGE('',*,*,#1355,.F.);
#1895=ORIENTED_EDGE('',*,*,#1357,.F.);
#1896=ORIENTED_EDGE('',*,*,#1358,.T.);
#1897=ORIENTED_EDGE('',*,*,#1359,.F.);
#1898=ORIENTED_EDGE('',*,*,#1358,.F.);
#1899=ORIENTED_EDGE('',*,*,#1360,.F.);
#1900=ORIENTED_EDGE('',*,*,#1361,.T.);
#1901=ORIENTED_EDGE('',*,*,#1362,.F.);
#1902=ORIENTED_EDGE('',*,*,#1361,.F.);
#1903=ORIENTED_EDGE('',*,*,#1363,.F.);
#1904=ORIENTED_EDGE('',*,*,#1353,.T.);
#1905=ORIENTED_EDGE('',*,*,#1364,.F.);
#1906=ORIENTED_EDGE('',*,*,#1365,.F.);
#1907=ORIENTED_EDGE('',*,*,#1366,.F.);
#1908=ORIENTED_EDGE('',*,*,#1367,.T.);
#1909=ORIENTED_EDGE('',*,*,#1368,.F.);
#1910=ORIENTED_EDGE('',*,*,#1367,.F.);
#1911=ORIENTED_EDGE('',*,*,#1369,.F.);
#1912=ORIENTED_EDGE('',*,*,#1370,.T.);
#1913=ORIENTED_EDGE('',*,*,#1371,.F.);
#1914=ORIENTED_EDGE('',*,*,#1370,.F.);
#1915=ORIENTED_EDGE('',*,*,#1372,.F.);
#1916=ORIENTED_EDGE('',*,*,#1373,.T.);
#1917=ORIENTED_EDGE('',*,*,#1374,.F.);
#1918=ORIENTED_EDGE('',*,*,#1373,.F.);
#1919=ORIENTED_EDGE('',*,*,#1375,.F.);
#1920=ORIENTED_EDGE('',*,*,#1365,.T.);
#1921=ORIENTED_EDGE('',*,*,#1376,.F.);
#1922=ORIENTED_EDGE('',*,*,#1377,.F.);
#1923=ORIENTED_EDGE('',*,*,#1378,.F.);
#1924=ORIENTED_EDGE('',*,*,#1379,.T.);
#1925=ORIENTED_EDGE('',*,*,#1380,.F.);
#1926=ORIENTED_EDGE('',*,*,#1379,.F.);
#1927=ORIENTED_EDGE('',*,*,#1381,.F.);
#1928=ORIENTED_EDGE('',*,*,#1382,.T.);
#1929=ORIENTED_EDGE('',*,*,#1383,.F.);
#1930=ORIENTED_EDGE('',*,*,#1382,.F.);
#1931=ORIENTED_EDGE('',*,*,#1384,.F.);
#1932=ORIENTED_EDGE('',*,*,#1385,.T.);
#1933=ORIENTED_EDGE('',*,*,#1386,.F.);
#1934=ORIENTED_EDGE('',*,*,#1385,.F.);
#1935=ORIENTED_EDGE('',*,*,#1387,.F.);
#1936=ORIENTED_EDGE('',*,*,#1377,.T.);
#1937=ORIENTED_EDGE('',*,*,#1330,.F.);
#1938=ORIENTED_EDGE('',*,*,#1328,.F.);
#1939=ORIENTED_EDGE('',*,*,#1340,.F.);
#1940=ORIENTED_EDGE('',*,*,#1388,.T.);
#1941=ORIENTED_EDGE('',*,*,#1316,.T.);
#1942=ORIENTED_EDGE('',*,*,#1331,.F.);
#1943=ORIENTED_EDGE('',*,*,#1388,.F.);
#1944=ORIENTED_EDGE('',*,*,#1339,.F.);
#1945=ORIENTED_EDGE('',*,*,#1389,.T.);
#1946=ORIENTED_EDGE('',*,*,#1390,.T.);
#1947=ORIENTED_EDGE('',*,*,#1391,.T.);
#1948=ORIENTED_EDGE('',*,*,#1392,.T.);
#1949=ORIENTED_EDGE('',*,*,#1393,.T.);
#1950=ORIENTED_EDGE('',*,*,#1394,.T.);
#1951=ORIENTED_EDGE('',*,*,#1395,.T.);
#1952=ORIENTED_EDGE('',*,*,#1396,.T.);
#1953=ORIENTED_EDGE('',*,*,#1321,.T.);
#1954=ORIENTED_EDGE('',*,*,#1397,.T.);
#1955=ORIENTED_EDGE('',*,*,#1398,.T.);
#1956=ORIENTED_EDGE('',*,*,#1326,.T.);
#1957=ORIENTED_EDGE('',*,*,#1314,.T.);
#1958=ORIENTED_EDGE('',*,*,#1399,.F.);
#1959=ORIENTED_EDGE('',*,*,#1394,.F.);
#1960=ORIENTED_EDGE('',*,*,#1332,.F.);
#1961=ORIENTED_EDGE('',*,*,#1395,.F.);
#1962=ORIENTED_EDGE('',*,*,#1324,.F.);
#1963=ORIENTED_EDGE('',*,*,#1398,.F.);
#1964=ORIENTED_EDGE('',*,*,#1400,.F.);
#1965=ORIENTED_EDGE('',*,*,#1397,.F.);
#1966=ORIENTED_EDGE('',*,*,#1333,.F.);
#1967=ORIENTED_EDGE('',*,*,#1393,.F.);
#1968=ORIENTED_EDGE('',*,*,#1401,.F.);
#1969=ORIENTED_EDGE('',*,*,#1389,.F.);
#1970=ORIENTED_EDGE('',*,*,#1402,.F.);
#1971=ORIENTED_EDGE('',*,*,#1396,.F.);
#1972=ORIENTED_EDGE('',*,*,#1403,.F.);
#1973=ORIENTED_EDGE('',*,*,#1311,.T.);
#1974=ORIENTED_EDGE('',*,*,#1404,.F.);
#1975=ORIENTED_EDGE('',*,*,#1391,.F.);
#1976=ORIENTED_EDGE('',*,*,#1405,.F.);
#1977=ORIENTED_EDGE('',*,*,#1392,.F.);
#1978=ORIENTED_EDGE('',*,*,#1406,.F.);
#1979=ORIENTED_EDGE('',*,*,#1390,.F.);
#1980=ORIENTED_EDGE('',*,*,#1407,.F.);
#1981=ORIENTED_EDGE('',*,*,#1225,.T.);
#1982=ORIENTED_EDGE('',*,*,#1312,.T.);
#1983=ORIENTED_EDGE('',*,*,#1405,.T.);
#1984=ORIENTED_EDGE('',*,*,#1406,.T.);
#1985=ORIENTED_EDGE('',*,*,#1399,.T.);
#1986=ORIENTED_EDGE('',*,*,#1313,.T.);
#1987=ORIENTED_EDGE('',*,*,#1280,.T.);
#1988=ORIENTED_EDGE('',*,*,#1277,.T.);
#1989=ORIENTED_EDGE('',*,*,#1350,.T.);
#1990=ORIENTED_EDGE('',*,*,#1216,.T.);
#1991=ORIENTED_EDGE('',*,*,#1221,.T.);
#1992=ORIENTED_EDGE('',*,*,#1349,.T.);
#1993=ORIENTED_EDGE('',*,*,#1310,.T.);
#1994=ORIENTED_EDGE('',*,*,#1322,.T.);
#1995=ORIENTED_EDGE('',*,*,#1402,.T.);
#1996=ORIENTED_EDGE('',*,*,#1404,.T.);
#1997=ORIENTED_EDGE('',*,*,#1400,.T.);
#1998=ORIENTED_EDGE('',*,*,#1401,.T.);
#1999=ORIENTED_EDGE('',*,*,#1407,.T.);
#2000=ORIENTED_EDGE('',*,*,#1403,.T.);
#2001=ORIENTED_EDGE('',*,*,#1359,.T.);
#2002=ORIENTED_EDGE('',*,*,#1362,.T.);
#2003=ORIENTED_EDGE('',*,*,#1352,.T.);
#2004=ORIENTED_EDGE('',*,*,#1356,.T.);
#2005=ORIENTED_EDGE('',*,*,#1371,.T.);
#2006=ORIENTED_EDGE('',*,*,#1374,.T.);
#2007=ORIENTED_EDGE('',*,*,#1364,.T.);
#2008=ORIENTED_EDGE('',*,*,#1368,.T.);
#2009=ORIENTED_EDGE('',*,*,#1383,.T.);
#2010=ORIENTED_EDGE('',*,*,#1386,.T.);
#2011=ORIENTED_EDGE('',*,*,#1376,.T.);
#2012=ORIENTED_EDGE('',*,*,#1380,.T.);
#2013=ORIENTED_EDGE('',*,*,#1408,.F.);
#2014=ORIENTED_EDGE('',*,*,#1409,.F.);
#2015=ORIENTED_EDGE('',*,*,#1410,.F.);
#2016=ORIENTED_EDGE('',*,*,#1411,.F.);
#2017=ORIENTED_EDGE('',*,*,#1412,.F.);
#2018=ORIENTED_EDGE('',*,*,#1413,.F.);
#2019=ORIENTED_EDGE('',*,*,#1414,.F.);
#2020=ORIENTED_EDGE('',*,*,#1344,.F.);
#2021=ORIENTED_EDGE('',*,*,#1415,.F.);
#2022=ORIENTED_EDGE('',*,*,#1416,.F.);
#2023=ORIENTED_EDGE('',*,*,#1335,.F.);
#2024=ORIENTED_EDGE('',*,*,#1417,.F.);
#2025=ORIENTED_EDGE('',*,*,#1318,.T.);
#2026=ORIENTED_EDGE('',*,*,#1338,.T.);
#2027=ORIENTED_EDGE('',*,*,#1412,.T.);
#2028=ORIENTED_EDGE('',*,*,#1418,.T.);
#2029=ORIENTED_EDGE('',*,*,#1414,.T.);
#2030=ORIENTED_EDGE('',*,*,#1419,.T.);
#2031=ORIENTED_EDGE('',*,*,#1417,.T.);
#2032=ORIENTED_EDGE('',*,*,#1342,.T.);
#2033=ORIENTED_EDGE('',*,*,#1416,.T.);
#2034=ORIENTED_EDGE('',*,*,#1420,.T.);
#2035=ORIENTED_EDGE('',*,*,#1413,.T.);
#2036=ORIENTED_EDGE('',*,*,#1337,.T.);
#2037=ORIENTED_EDGE('',*,*,#1408,.T.);
#2038=ORIENTED_EDGE('',*,*,#1421,.T.);
#2039=ORIENTED_EDGE('',*,*,#1415,.T.);
#2040=ORIENTED_EDGE('',*,*,#1346,.T.);
#2041=ORIENTED_EDGE('',*,*,#1298,.T.);
#2042=ORIENTED_EDGE('',*,*,#1422,.T.);
#2043=ORIENTED_EDGE('',*,*,#1409,.T.);
#2044=ORIENTED_EDGE('',*,*,#1345,.T.);
#2045=ORIENTED_EDGE('',*,*,#1411,.T.);
#2046=ORIENTED_EDGE('',*,*,#1423,.T.);
#2047=ORIENTED_EDGE('',*,*,#1410,.T.);
#2048=ORIENTED_EDGE('',*,*,#1424,.T.);
#2049=ORIENTED_EDGE('',*,*,#1319,.T.);
#2050=ORIENTED_EDGE('',*,*,#1418,.F.);
#2051=ORIENTED_EDGE('',*,*,#1424,.F.);
#2052=ORIENTED_EDGE('',*,*,#1422,.F.);
#2053=ORIENTED_EDGE('',*,*,#1351,.T.);
#2054=ORIENTED_EDGE('',*,*,#1347,.T.);
#2055=ORIENTED_EDGE('',*,*,#1222,.T.);
#2056=ORIENTED_EDGE('',*,*,#1218,.T.);
#2057=ORIENTED_EDGE('',*,*,#1419,.F.);
#2058=ORIENTED_EDGE('',*,*,#1421,.F.);
#2059=ORIENTED_EDGE('',*,*,#1423,.F.);
#2060=ORIENTED_EDGE('',*,*,#1420,.F.);
#2061=ORIENTED_EDGE('',*,*,#1360,.T.);
#2062=ORIENTED_EDGE('',*,*,#1357,.T.);
#2063=ORIENTED_EDGE('',*,*,#1354,.T.);
#2064=ORIENTED_EDGE('',*,*,#1363,.T.);
#2065=ORIENTED_EDGE('',*,*,#1372,.T.);
#2066=ORIENTED_EDGE('',*,*,#1369,.T.);
#2067=ORIENTED_EDGE('',*,*,#1366,.T.);
#2068=ORIENTED_EDGE('',*,*,#1375,.T.);
#2069=ORIENTED_EDGE('',*,*,#1384,.T.);
#2070=ORIENTED_EDGE('',*,*,#1381,.T.);
#2071=ORIENTED_EDGE('',*,*,#1378,.T.);
#2072=ORIENTED_EDGE('',*,*,#1387,.T.);
#2073=PLANE('',#2271);
#2074=PLANE('',#2275);
#2075=PLANE('',#2313);
#2076=PLANE('',#2316);
#2077=PLANE('',#2319);
#2078=PLANE('',#2320);
#2079=PLANE('',#2345);
#2080=PLANE('',#2348);
#2081=PLANE('',#2351);
#2082=PLANE('',#2354);
#2083=PLANE('',#2357);
#2084=PLANE('',#2358);
#2085=PLANE('',#2359);
#2086=PLANE('',#2360);
#2087=PLANE('',#2361);
#2088=PLANE('',#2362);
#2089=PLANE('',#2363);
#2090=PLANE('',#2364);
#2091=PLANE('',#2369);
#2092=PLANE('',#2370);
#2093=PLANE('',#2371);
#2094=PLANE('',#2372);
#2095=PLANE('',#2373);
#2096=PLANE('',#2374);
#2097=PLANE('',#2375);
#2098=PLANE('',#2376);
#2099=PLANE('',#2377);
#2100=PLANE('',#2378);
#2101=PLANE('',#2379);
#2102=PLANE('',#2380);
#2103=PLANE('',#2381);
#2104=PLANE('',#2384);
#2105=PLANE('',#2385);
#2106=PLANE('',#2386);
#2107=PLANE('',#2387);
#2108=PLANE('',#2388);
#2109=PLANE('',#2389);
#2110=PLANE('',#2390);
#2111=PLANE('',#2391);
#2112=PLANE('',#2392);
#2113=PLANE('',#2393);
#2114=PLANE('',#2394);
#2115=PLANE('',#2395);
#2116=PLANE('',#2396);
#2117=PLANE('',#2407);
#2118=PLANE('',#2410);
#2119=PLANE('',#2411);
#2120=PLANE('',#2414);
#2121=PLANE('',#2415);
#2122=PLANE('',#2418);
#2123=PLANE('',#2419);
#2124=PLANE('',#2420);
#2125=PLANE('',#2421);
#2126=PLANE('',#2422);
#2127=PLANE('',#2423);
#2128=PLANE('',#2424);
#2129=PLANE('',#2425);
#2130=PLANE('',#2426);
#2131=PLANE('',#2427);
#2132=PLANE('',#2428);
#2133=PLANE('',#2429);
#2134=PLANE('',#2430);
#2135=PLANE('',#2431);
#2136=PLANE('',#2432);
#2137=PLANE('',#2433);
#2138=PLANE('',#2434);
#2139=PLANE('',#2455);
#2140=PLANE('',#2456);
#2141=PLANE('',#2457);
#2142=PLANE('',#2478);
#2143=PLANE('',#2479);
#2144=ADVANCED_FACE('',(#162),#2073,.F.);
#2145=ADVANCED_FACE('',(#163),#124,.F.);
#2146=ADVANCED_FACE('',(#164),#2074,.F.);
#2147=ADVANCED_FACE('',(#165),#125,.F.);
#2148=ADVANCED_FACE('',(#166),#126,.F.);
#2149=ADVANCED_FACE('',(#167),#32,.F.);
#2150=ADVANCED_FACE('',(#168),#127,.F.);
#2151=ADVANCED_FACE('',(#169),#33,.F.);
#2152=ADVANCED_FACE('',(#170),#128,.F.);
#2153=ADVANCED_FACE('',(#171),#34,.F.);
#2154=ADVANCED_FACE('',(#172),#129,.F.);
#2155=ADVANCED_FACE('',(#173),#35,.F.);
#2156=ADVANCED_FACE('',(#174),#130,.F.);
#2157=ADVANCED_FACE('',(#175),#131,.F.);
#2158=ADVANCED_FACE('',(#176),#132,.F.);
#2159=ADVANCED_FACE('',(#177),#2075,.F.);
#2160=ADVANCED_FACE('',(#178),#133,.F.);
#2161=ADVANCED_FACE('',(#179),#2076,.F.);
#2162=ADVANCED_FACE('',(#180),#134,.F.);
#2163=ADVANCED_FACE('',(#181),#2077,.F.);
#2164=ADVANCED_FACE('',(#182),#2078,.F.);
#2165=ADVANCED_FACE('',(#183),#135,.F.);
#2166=ADVANCED_FACE('',(#184),#36,.F.);
#2167=ADVANCED_FACE('',(#185),#136,.F.);
#2168=ADVANCED_FACE('',(#186),#37,.F.);
#2169=ADVANCED_FACE('',(#187),#137,.F.);
#2170=ADVANCED_FACE('',(#188),#38,.F.);
#2171=ADVANCED_FACE('',(#189),#138,.F.);
#2172=ADVANCED_FACE('',(#190),#39,.F.);
#2173=ADVANCED_FACE('',(#191),#139,.F.);
#2174=ADVANCED_FACE('',(#192),#2079,.F.);
#2175=ADVANCED_FACE('',(#193),#140,.T.);
#2176=ADVANCED_FACE('',(#194),#2080,.F.);
#2177=ADVANCED_FACE('',(#195),#141,.T.);
#2178=ADVANCED_FACE('',(#196),#2081,.F.);
#2179=ADVANCED_FACE('',(#197),#142,.T.);
#2180=ADVANCED_FACE('',(#198),#2082,.F.);
#2181=ADVANCED_FACE('',(#199),#143,.T.);
#2182=ADVANCED_FACE('',(#200),#2083,.F.);
#2183=ADVANCED_FACE('',(#201),#2084,.F.);
#2184=ADVANCED_FACE('',(#202),#2085,.F.);
#2185=ADVANCED_FACE('',(#203),#2086,.F.);
#2186=ADVANCED_FACE('',(#204),#2087,.F.);
#2187=ADVANCED_FACE('',(#205),#2088,.F.);
#2188=ADVANCED_FACE('',(#206),#2089,.F.);
#2189=ADVANCED_FACE('',(#207),#2090,.F.);
#2190=ADVANCED_FACE('',(#208),#144,.F.);
#2191=ADVANCED_FACE('',(#209),#2091,.F.);
#2192=ADVANCED_FACE('',(#210),#2092,.T.);
#2193=ADVANCED_FACE('',(#211),#2093,.F.);
#2194=ADVANCED_FACE('',(#212),#2094,.T.);
#2195=ADVANCED_FACE('',(#213),#2095,.T.);
#2196=ADVANCED_FACE('',(#214),#2096,.T.);
#2197=ADVANCED_FACE('',(#215),#2097,.T.);
#2198=ADVANCED_FACE('',(#216),#2098,.T.);
#2199=ADVANCED_FACE('',(#217),#2099,.F.);
#2200=ADVANCED_FACE('',(#218),#2100,.F.);
#2201=ADVANCED_FACE('',(#219),#2101,.T.);
#2202=ADVANCED_FACE('',(#220),#2102,.F.);
#2203=ADVANCED_FACE('',(#221),#2103,.F.);
#2204=ADVANCED_FACE('',(#222),#145,.F.);
#2205=ADVANCED_FACE('',(#223),#2104,.T.);
#2206=ADVANCED_FACE('',(#224),#2105,.T.);
#2207=ADVANCED_FACE('',(#225),#2106,.T.);
#2208=ADVANCED_FACE('',(#226),#2107,.T.);
#2209=ADVANCED_FACE('',(#227),#2108,.T.);
#2210=ADVANCED_FACE('',(#228),#2109,.T.);
#2211=ADVANCED_FACE('',(#229),#2110,.T.);
#2212=ADVANCED_FACE('',(#230),#2111,.T.);
#2213=ADVANCED_FACE('',(#231),#2112,.T.);
#2214=ADVANCED_FACE('',(#232),#2113,.T.);
#2215=ADVANCED_FACE('',(#233),#2114,.T.);
#2216=ADVANCED_FACE('',(#234),#2115,.T.);
#2217=ADVANCED_FACE('',(#235,#23),#2116,.F.);
#2218=ADVANCED_FACE('',(#236),#146,.F.);
#2219=ADVANCED_FACE('',(#237),#2117,.F.);
#2220=ADVANCED_FACE('',(#238),#147,.F.);
#2221=ADVANCED_FACE('',(#239),#2118,.F.);
#2222=ADVANCED_FACE('',(#240),#2119,.F.);
#2223=ADVANCED_FACE('',(#241),#148,.T.);
#2224=ADVANCED_FACE('',(#242),#2120,.T.);
#2225=ADVANCED_FACE('',(#243),#2121,.T.);
#2226=ADVANCED_FACE('',(#244),#149,.T.);
#2227=ADVANCED_FACE('',(#245),#2122,.T.);
#2228=ADVANCED_FACE('',(#246),#2123,.F.);
#2229=ADVANCED_FACE('',(#247),#2124,.F.);
#2230=ADVANCED_FACE('',(#248),#2125,.F.);
#2231=ADVANCED_FACE('',(#249),#2126,.F.);
#2232=ADVANCED_FACE('',(#250),#2127,.F.);
#2233=ADVANCED_FACE('',(#251),#2128,.F.);
#2234=ADVANCED_FACE('',(#252),#2129,.F.);
#2235=ADVANCED_FACE('',(#253),#2130,.F.);
#2236=ADVANCED_FACE('',(#254),#2131,.F.);
#2237=ADVANCED_FACE('',(#255),#2132,.F.);
#2238=ADVANCED_FACE('',(#256),#2133,.F.);
#2239=ADVANCED_FACE('',(#257),#2134,.F.);
#2240=ADVANCED_FACE('',(#258),#2135,.F.);
#2241=ADVANCED_FACE('',(#259),#2136,.F.);
#2242=ADVANCED_FACE('',(#260),#2137,.F.);
#2243=ADVANCED_FACE('',(#261),#2138,.F.);
#2244=ADVANCED_FACE('',(#262),#15,.F.);
#2245=ADVANCED_FACE('',(#263),#16,.F.);
#2246=ADVANCED_FACE('',(#264),#17,.F.);
#2247=ADVANCED_FACE('',(#265),#18,.F.);
#2248=ADVANCED_FACE('',(#266),#150,.F.);
#2249=ADVANCED_FACE('',(#267),#151,.F.);
#2250=ADVANCED_FACE('',(#268),#152,.F.);
#2251=ADVANCED_FACE('',(#269),#153,.F.);
#2252=ADVANCED_FACE('',(#270),#154,.F.);
#2253=ADVANCED_FACE('',(#271),#155,.F.);
#2254=ADVANCED_FACE('',(#272,#24),#2139,.F.);
#2255=ADVANCED_FACE('',(#273),#2140,.F.);
#2256=ADVANCED_FACE('',(#274,#25,#26,#27),#2141,.F.);
#2257=ADVANCED_FACE('',(#275),#19,.T.);
#2258=ADVANCED_FACE('',(#276),#20,.T.);
#2259=ADVANCED_FACE('',(#277),#21,.T.);
#2260=ADVANCED_FACE('',(#278),#22,.T.);
#2261=ADVANCED_FACE('',(#279),#156,.T.);
#2262=ADVANCED_FACE('',(#280),#157,.T.);
#2263=ADVANCED_FACE('',(#281),#158,.T.);
#2264=ADVANCED_FACE('',(#282),#159,.T.);
#2265=ADVANCED_FACE('',(#283),#160,.T.);
#2266=ADVANCED_FACE('',(#284),#161,.T.);
#2267=ADVANCED_FACE('',(#285,#28),#2142,.T.);
#2268=ADVANCED_FACE('',(#286,#29,#30,#31),#2143,.T.);
#2269=CLOSED_SHELL('',(#2144,#2145,#2146,#2147,#2148,#2149,#2150,#2151,
#2152,#2153,#2154,#2155,#2156,#2157,#2158,#2159,#2160,#2161,#2162,#2163,
#2164,#2165,#2166,#2167,#2168,#2169,#2170,#2171,#2172,#2173,#2174,#2175,
#2176,#2177,#2178,#2179,#2180,#2181,#2182,#2183,#2184,#2185,#2186,#2187,
#2188,#2189,#2190,#2191,#2192,#2193,#2194,#2195,#2196,#2197,#2198,#2199,
#2200,#2201,#2202,#2203,#2204,#2205,#2206,#2207,#2208,#2209,#2210,#2211,
#2212,#2213,#2214,#2215,#2216,#2217,#2218,#2219,#2220,#2221,#2222,#2223,
#2224,#2225,#2226,#2227,#2228,#2229,#2230,#2231,#2232,#2233,#2234,#2235,
#2236,#2237,#2238,#2239,#2240,#2241,#2242,#2243,#2244,#2245,#2246,#2247,
#2248,#2249,#2250,#2251,#2252,#2253,#2254,#2255,#2256,#2257,#2258,#2259,
#2260,#2261,#2262,#2263,#2264,#2265,#2266,#2267,#2268));
#2270=AXIS2_PLACEMENT_3D('',#3140,#2480,#2481);
#2271=AXIS2_PLACEMENT_3D('',#3141,#2482,#2483);
#2272=AXIS2_PLACEMENT_3D('',#3158,#2492,#2493);
#2273=AXIS2_PLACEMENT_3D('',#3160,#2494,#2495);
#2274=AXIS2_PLACEMENT_3D('',#3162,#2496,#2497);
#2275=AXIS2_PLACEMENT_3D('',#3164,#2499,#2500);
#2276=AXIS2_PLACEMENT_3D('',#3168,#2502,#2503);
#2277=AXIS2_PLACEMENT_3D('',#3172,#2505,#2506);
#2278=AXIS2_PLACEMENT_3D('',#3176,#2508,#2509);
#2279=AXIS2_PLACEMENT_3D('',#3184,#2513,#2514);
#2280=AXIS2_PLACEMENT_3D('',#3188,#2516,#2517);
#2281=AXIS2_PLACEMENT_3D('',#3192,#2519,#2520);
#2282=AXIS2_PLACEMENT_3D('',#3194,#2522,#2523);
#2283=AXIS2_PLACEMENT_3D('',#3196,#2524,#2525);
#2284=AXIS2_PLACEMENT_3D('',#3198,#2526,#2527);
#2285=AXIS2_PLACEMENT_3D('',#3200,#2529,#2530);
#2286=AXIS2_PLACEMENT_3D('',#3202,#2531,#2532);
#2287=AXIS2_PLACEMENT_3D('',#3204,#2533,#2534);
#2288=AXIS2_PLACEMENT_3D('',#3206,#2536,#2537);
#2289=AXIS2_PLACEMENT_3D('',#3208,#2538,#2539);
#2290=AXIS2_PLACEMENT_3D('',#3209,#2540,#2541);
#2291=AXIS2_PLACEMENT_3D('',#3210,#2542,#2543);
#2292=AXIS2_PLACEMENT_3D('',#3212,#2544,#2545);
#2293=AXIS2_PLACEMENT_3D('',#3214,#2547,#2548);
#2294=AXIS2_PLACEMENT_3D('',#3216,#2549,#2550);
#2295=AXIS2_PLACEMENT_3D('',#3217,#2551,#2552);
#2296=AXIS2_PLACEMENT_3D('',#3218,#2553,#2554);
#2297=AXIS2_PLACEMENT_3D('',#3220,#2555,#2556);
#2298=AXIS2_PLACEMENT_3D('',#3222,#2558,#2559);
#2299=AXIS2_PLACEMENT_3D('',#3223,#2560,#2561);
#2300=AXIS2_PLACEMENT_3D('',#3224,#2562,#2563);
#2301=AXIS2_PLACEMENT_3D('',#3226,#2564,#2565);
#2302=AXIS2_PLACEMENT_3D('',#3229,#2567,#2568);
#2303=AXIS2_PLACEMENT_3D('',#3230,#2569,#2570);
#2304=AXIS2_PLACEMENT_3D('',#3233,#2571,#2572);
#2305=AXIS2_PLACEMENT_3D('',#3234,#2573,#2574);
#2306=AXIS2_PLACEMENT_3D('',#3235,#2575,#2576);
#2307=AXIS2_PLACEMENT_3D('',#3236,#2577,#2578);
#2308=AXIS2_PLACEMENT_3D('',#3239,#2579,#2580);
#2309=AXIS2_PLACEMENT_3D('',#3242,#2583,#2584);
#2310=AXIS2_PLACEMENT_3D('',#3245,#2586,#2587);
#2311=AXIS2_PLACEMENT_3D('',#3246,#2588,#2589);
#2312=AXIS2_PLACEMENT_3D('',#3248,#2590,#2591);
#2313=AXIS2_PLACEMENT_3D('',#3250,#2593,#2594);
#2314=AXIS2_PLACEMENT_3D('',#3254,#2597,#2598);
#2315=AXIS2_PLACEMENT_3D('',#3256,#2599,#2600);
#2316=AXIS2_PLACEMENT_3D('',#3258,#2602,#2603);
#2317=AXIS2_PLACEMENT_3D('',#3262,#2606,#2607);
#2318=AXIS2_PLACEMENT_3D('',#3264,#2608,#2609);
#2319=AXIS2_PLACEMENT_3D('',#3266,#2611,#2612);
#2320=AXIS2_PLACEMENT_3D('',#3270,#2615,#2616);
#2321=AXIS2_PLACEMENT_3D('',#3275,#2619,#2620);
#2322=AXIS2_PLACEMENT_3D('',#3276,#2621,#2622);
#2323=AXIS2_PLACEMENT_3D('',#3279,#2623,#2624);
#2324=AXIS2_PLACEMENT_3D('',#3283,#2626,#2627);
#2325=AXIS2_PLACEMENT_3D('',#3285,#2629,#2630);
#2326=AXIS2_PLACEMENT_3D('',#3288,#2631,#2632);
#2327=AXIS2_PLACEMENT_3D('',#3289,#2633,#2634);
#2328=AXIS2_PLACEMENT_3D('',#3290,#2635,#2636);
#2329=AXIS2_PLACEMENT_3D('',#3291,#2637,#2638);
#2330=AXIS2_PLACEMENT_3D('',#3294,#2639,#2640);
#2331=AXIS2_PLACEMENT_3D('',#3297,#2643,#2644);
#2332=AXIS2_PLACEMENT_3D('',#3299,#2645,#2646);
#2333=AXIS2_PLACEMENT_3D('',#3300,#2647,#2648);
#2334=AXIS2_PLACEMENT_3D('',#3301,#2649,#2650);
#2335=AXIS2_PLACEMENT_3D('',#3303,#2651,#2652);
#2336=AXIS2_PLACEMENT_3D('',#3305,#2654,#2655);
#2337=AXIS2_PLACEMENT_3D('',#3307,#2656,#2657);
#2338=AXIS2_PLACEMENT_3D('',#3308,#2658,#2659);
#2339=AXIS2_PLACEMENT_3D('',#3309,#2660,#2661);
#2340=AXIS2_PLACEMENT_3D('',#3311,#2662,#2663);
#2341=AXIS2_PLACEMENT_3D('',#3313,#2665,#2666);
#2342=AXIS2_PLACEMENT_3D('',#3315,#2667,#2668);
#2343=AXIS2_PLACEMENT_3D('',#3316,#2669,#2670);
#2344=AXIS2_PLACEMENT_3D('',#3317,#2671,#2672);
#2345=AXIS2_PLACEMENT_3D('',#3319,#2674,#2675);
#2346=AXIS2_PLACEMENT_3D('',#3322,#2678,#2679);
#2347=AXIS2_PLACEMENT_3D('',#3326,#2681,#2682);
#2348=AXIS2_PLACEMENT_3D('',#3328,#2684,#2685);
#2349=AXIS2_PLACEMENT_3D('',#3332,#2688,#2689);
#2350=AXIS2_PLACEMENT_3D('',#3334,#2690,#2691);
#2351=AXIS2_PLACEMENT_3D('',#3336,#2693,#2694);
#2352=AXIS2_PLACEMENT_3D('',#3340,#2697,#2698);
#2353=AXIS2_PLACEMENT_3D('',#3342,#2699,#2700);
#2354=AXIS2_PLACEMENT_3D('',#3344,#2702,#2703);
#2355=AXIS2_PLACEMENT_3D('',#3353,#2709,#2710);
#2356=AXIS2_PLACEMENT_3D('',#3355,#2711,#2712);
#2357=AXIS2_PLACEMENT_3D('',#3357,#2714,#2715);
#2358=AXIS2_PLACEMENT_3D('',#3361,#2718,#2719);
#2359=AXIS2_PLACEMENT_3D('',#3365,#2722,#2723);
#2360=AXIS2_PLACEMENT_3D('',#3367,#2725,#2726);
#2361=AXIS2_PLACEMENT_3D('',#3369,#2728,#2729);
#2362=AXIS2_PLACEMENT_3D('',#3379,#2735,#2736);
#2363=AXIS2_PLACEMENT_3D('',#3383,#2739,#2740);
#2364=AXIS2_PLACEMENT_3D('',#3387,#2743,#2744);
#2365=AXIS2_PLACEMENT_3D('',#3405,#2753,#2754);
#2366=AXIS2_PLACEMENT_3D('',#3406,#2755,#2756);
#2367=AXIS2_PLACEMENT_3D('',#3409,#2757,#2758);
#2368=AXIS2_PLACEMENT_3D('',#3413,#2760,#2761);
#2369=AXIS2_PLACEMENT_3D('',#3415,#2763,#2764);
#2370=AXIS2_PLACEMENT_3D('',#3421,#2768,#2769);
#2371=AXIS2_PLACEMENT_3D('',#3430,#2774,#2775);
#2372=AXIS2_PLACEMENT_3D('',#3436,#2779,#2780);
#2373=AXIS2_PLACEMENT_3D('',#3445,#2786,#2787);
#2374=AXIS2_PLACEMENT_3D('',#3453,#2792,#2793);
#2375=AXIS2_PLACEMENT_3D('',#3459,#2797,#2798);
#2376=AXIS2_PLACEMENT_3D('',#3467,#2803,#2804);
#2377=AXIS2_PLACEMENT_3D('',#3470,#2807,#2808);
#2378=AXIS2_PLACEMENT_3D('',#3472,#2810,#2811);
#2379=AXIS2_PLACEMENT_3D('',#3473,#2812,#2813);
#2380=AXIS2_PLACEMENT_3D('',#3477,#2816,#2817);
#2381=AXIS2_PLACEMENT_3D('',#3479,#2819,#2820);
#2382=AXIS2_PLACEMENT_3D('',#3481,#2822,#2823);
#2383=AXIS2_PLACEMENT_3D('',#3485,#2825,#2826);
#2384=AXIS2_PLACEMENT_3D('',#3487,#2828,#2829);
#2385=AXIS2_PLACEMENT_3D('',#3491,#2832,#2833);
#2386=AXIS2_PLACEMENT_3D('',#3497,#2837,#2838);
#2387=AXIS2_PLACEMENT_3D('',#3501,#2841,#2842);
#2388=AXIS2_PLACEMENT_3D('',#3510,#2848,#2849);
#2389=AXIS2_PLACEMENT_3D('',#3518,#2854,#2855);
#2390=AXIS2_PLACEMENT_3D('',#3526,#2860,#2861);
#2391=AXIS2_PLACEMENT_3D('',#3529,#2864,#2865);
#2392=AXIS2_PLACEMENT_3D('',#3531,#2867,#2868);
#2393=AXIS2_PLACEMENT_3D('',#3532,#2869,#2870);
#2394=AXIS2_PLACEMENT_3D('',#3534,#2872,#2873);
#2395=AXIS2_PLACEMENT_3D('',#3535,#2874,#2875);
#2396=AXIS2_PLACEMENT_3D('',#3537,#2877,#2878);
#2397=AXIS2_PLACEMENT_3D('',#3540,#2879,#2880);
#2398=AXIS2_PLACEMENT_3D('',#3544,#2882,#2883);
#2399=AXIS2_PLACEMENT_3D('',#3548,#2885,#2886);
#2400=AXIS2_PLACEMENT_3D('',#3556,#2890,#2891);
#2401=AXIS2_PLACEMENT_3D('',#3561,#2894,#2895);
#2402=AXIS2_PLACEMENT_3D('',#3565,#2897,#2898);
#2403=AXIS2_PLACEMENT_3D('',#3570,#2901,#2902);
#2404=AXIS2_PLACEMENT_3D('',#3578,#2906,#2907);
#2405=AXIS2_PLACEMENT_3D('',#3580,#2909,#2910);
#2406=AXIS2_PLACEMENT_3D('',#3584,#2912,#2913);
#2407=AXIS2_PLACEMENT_3D('',#3586,#2915,#2916);
#2408=AXIS2_PLACEMENT_3D('',#3590,#2919,#2920);
#2409=AXIS2_PLACEMENT_3D('',#3593,#2922,#2923);
#2410=AXIS2_PLACEMENT_3D('',#3594,#2924,#2925);
#2411=AXIS2_PLACEMENT_3D('',#3600,#2929,#2930);
#2412=AXIS2_PLACEMENT_3D('',#3607,#2935,#2936);
#2413=AXIS2_PLACEMENT_3D('',#3611,#2938,#2939);
#2414=AXIS2_PLACEMENT_3D('',#3613,#2941,#2942);
#2415=AXIS2_PLACEMENT_3D('',#3620,#2947,#2948);
#2416=AXIS2_PLACEMENT_3D('',#3624,#2951,#2952);
#2417=AXIS2_PLACEMENT_3D('',#3627,#2954,#2955);
#2418=AXIS2_PLACEMENT_3D('',#3628,#2956,#2957);
#2419=AXIS2_PLACEMENT_3D('',#3632,#2960,#2961);
#2420=AXIS2_PLACEMENT_3D('',#3638,#2965,#2966);
#2421=AXIS2_PLACEMENT_3D('',#3641,#2969,#2970);
#2422=AXIS2_PLACEMENT_3D('',#3650,#2975,#2976);
#2423=AXIS2_PLACEMENT_3D('',#3656,#2980,#2981);
#2424=AXIS2_PLACEMENT_3D('',#3662,#2985,#2986);
#2425=AXIS2_PLACEMENT_3D('',#3665,#2989,#2990);
#2426=AXIS2_PLACEMENT_3D('',#3674,#2995,#2996);
#2427=AXIS2_PLACEMENT_3D('',#3680,#3000,#3001);
#2428=AXIS2_PLACEMENT_3D('',#3686,#3005,#3006);
#2429=AXIS2_PLACEMENT_3D('',#3689,#3009,#3010);
#2430=AXIS2_PLACEMENT_3D('',#3698,#3015,#3016);
#2431=AXIS2_PLACEMENT_3D('',#3704,#3020,#3021);
#2432=AXIS2_PLACEMENT_3D('',#3710,#3025,#3026);
#2433=AXIS2_PLACEMENT_3D('',#3713,#3029,#3030);
#2434=AXIS2_PLACEMENT_3D('',#3715,#3032,#3033);
#2435=AXIS2_PLACEMENT_3D('',#3716,#3034,#3035);
#2436=AXIS2_PLACEMENT_3D('',#3719,#3036,#3037);
#2437=AXIS2_PLACEMENT_3D('',#3721,#3038,#3039);
#2438=AXIS2_PLACEMENT_3D('',#3722,#3040,#3041);
#2439=AXIS2_PLACEMENT_3D('',#3723,#3042,#3043);
#2440=AXIS2_PLACEMENT_3D('',#3726,#3044,#3045);
#2441=AXIS2_PLACEMENT_3D('',#3727,#3046,#3047);
#2442=AXIS2_PLACEMENT_3D('',#3728,#3048,#3049);
#2443=AXIS2_PLACEMENT_3D('',#3729,#3050,#3051);
#2444=AXIS2_PLACEMENT_3D('',#3731,#3052,#3053);
#2445=AXIS2_PLACEMENT_3D('',#3732,#3054,#3055);
#2446=AXIS2_PLACEMENT_3D('',#3733,#3056,#3057);
#2447=AXIS2_PLACEMENT_3D('',#3735,#3058,#3059);
#2448=AXIS2_PLACEMENT_3D('',#3736,#3060,#3061);
#2449=AXIS2_PLACEMENT_3D('',#3737,#3062,#3063);
#2450=AXIS2_PLACEMENT_3D('',#3739,#3065,#3066);
#2451=AXIS2_PLACEMENT_3D('',#3741,#3068,#3069);
#2452=AXIS2_PLACEMENT_3D('',#3743,#3071,#3072);
#2453=AXIS2_PLACEMENT_3D('',#3746,#3075,#3076);
#2454=AXIS2_PLACEMENT_3D('',#3749,#3079,#3080);
#2455=AXIS2_PLACEMENT_3D('',#3752,#3083,#3084);
#2456=AXIS2_PLACEMENT_3D('',#3753,#3085,#3086);
#2457=AXIS2_PLACEMENT_3D('',#3754,#3087,#3088);
#2458=AXIS2_PLACEMENT_3D('',#3755,#3089,#3090);
#2459=AXIS2_PLACEMENT_3D('',#3757,#3091,#3092);
#2460=AXIS2_PLACEMENT_3D('',#3759,#3093,#3094);
#2461=AXIS2_PLACEMENT_3D('',#3760,#3095,#3096);
#2462=AXIS2_PLACEMENT_3D('',#3761,#3097,#3098);
#2463=AXIS2_PLACEMENT_3D('',#3764,#3099,#3100);
#2464=AXIS2_PLACEMENT_3D('',#3765,#3101,#3102);
#2465=AXIS2_PLACEMENT_3D('',#3766,#3103,#3104);
#2466=AXIS2_PLACEMENT_3D('',#3767,#3105,#3106);
#2467=AXIS2_PLACEMENT_3D('',#3769,#3107,#3108);
#2468=AXIS2_PLACEMENT_3D('',#3770,#3109,#3110);
#2469=AXIS2_PLACEMENT_3D('',#3771,#3111,#3112);
#2470=AXIS2_PLACEMENT_3D('',#3773,#3113,#3114);
#2471=AXIS2_PLACEMENT_3D('',#3774,#3115,#3116);
#2472=AXIS2_PLACEMENT_3D('',#3775,#3117,#3118);
#2473=AXIS2_PLACEMENT_3D('',#3777,#3120,#3121);
#2474=AXIS2_PLACEMENT_3D('',#3779,#3123,#3124);
#2475=AXIS2_PLACEMENT_3D('',#3781,#3126,#3127);
#2476=AXIS2_PLACEMENT_3D('',#3783,#3129,#3130);
#2477=AXIS2_PLACEMENT_3D('',#3785,#3132,#3133);
#2478=AXIS2_PLACEMENT_3D('',#3788,#3136,#3137);
#2479=AXIS2_PLACEMENT_3D('',#3789,#3138,#3139);
#2480=DIRECTION('axis',(0.,0.,1.));
#2481=DIRECTION('refdir',(1.,0.,0.));
#2482=DIRECTION('center_axis',(-1.,0.,-7.18379604169219E-16));
#2483=DIRECTION('ref_axis',(-7.18379604169219E-16,0.,1.));
#2484=DIRECTION('',(0.,-1.,0.));
#2485=DIRECTION('',(-7.18379604169219E-16,0.,1.));
#2486=DIRECTION('',(0.,1.,0.));
#2487=DIRECTION('',(-7.18379604169219E-16,0.,1.));
#2488=DIRECTION('',(0.,1.,0.));
#2489=DIRECTION('',(-7.18379604169219E-16,0.,1.));
#2490=DIRECTION('',(0.,1.,0.));
#2491=DIRECTION('',(7.18379604169219E-16,0.,-1.));
#2492=DIRECTION('center_axis',(-7.18379604169219E-16,0.,1.));
#2493=DIRECTION('ref_axis',(-0.707106781186532,0.707106781186563,0.));
#2494=DIRECTION('center_axis',(0.,0.,-1.));
#2495=DIRECTION('ref_axis',(-0.707106781186532,0.707106781186563,0.));
#2496=DIRECTION('center_axis',(0.,0.,-1.));
#2497=DIRECTION('ref_axis',(-1.,0.,0.));
#2498=DIRECTION('',(7.18379604169219E-16,0.,-1.));
#2499=DIRECTION('center_axis',(0.,1.,0.));
#2500=DIRECTION('ref_axis',(-1.,0.,0.));
#2501=DIRECTION('',(1.,0.,0.));
#2502=DIRECTION('center_axis',(0.,-1.,0.));
#2503=DIRECTION('ref_axis',(-0.707106781186546,0.,-0.707106781186549));
#2504=DIRECTION('',(1.,0.,4.22942104619108E-16));
#2505=DIRECTION('center_axis',(0.,-1.,0.));
#2506=DIRECTION('ref_axis',(0.707106781186551,0.,-0.707106781186545));
#2507=DIRECTION('',(-6.53072367426563E-17,0.,1.));
#2508=DIRECTION('center_axis',(0.,-1.,0.));
#2509=DIRECTION('ref_axis',(0.707106781186546,0.,0.707106781186549));
#2510=DIRECTION('',(-1.,0.,-4.67019314134719E-16));
#2511=DIRECTION('',(0.,0.,1.));
#2512=DIRECTION('',(1.,0.,0.));
#2513=DIRECTION('center_axis',(0.,1.,0.));
#2514=DIRECTION('ref_axis',(0.707106781186545,0.,0.70710678118655));
#2515=DIRECTION('',(1.30614473485313E-16,0.,-1.));
#2516=DIRECTION('center_axis',(0.,1.,0.));
#2517=DIRECTION('ref_axis',(0.707106781186545,0.,-0.70710678118655));
#2518=DIRECTION('',(-1.,0.,-4.22942104619108E-16));
#2519=DIRECTION('center_axis',(0.,1.,0.));
#2520=DIRECTION('ref_axis',(-0.707106781186548,0.,-0.707106781186548));
#2521=DIRECTION('',(-6.53072367426563E-16,0.,1.));
#2522=DIRECTION('center_axis',(6.53072367426563E-16,0.,-1.));
#2523=DIRECTION('ref_axis',(0.707106781186532,0.707106781186563,0.));
#2524=DIRECTION('center_axis',(0.,0.,-1.));
#2525=DIRECTION('ref_axis',(0.707106781186532,0.707106781186563,0.));
#2526=DIRECTION('center_axis',(0.,0.,1.));
#2527=DIRECTION('ref_axis',(1.,0.,0.));
#2528=DIRECTION('',(6.53072367426563E-16,0.,-1.));
#2529=DIRECTION('center_axis',(1.,0.,4.67019314134719E-16));
#2530=DIRECTION('ref_axis',(0.,0.707106781186563,0.707106781186532));
#2531=DIRECTION('center_axis',(1.,0.,0.));
#2532=DIRECTION('ref_axis',(0.,0.707106781186563,0.707106781186532));
#2533=DIRECTION('center_axis',(-1.,0.,0.));
#2534=DIRECTION('ref_axis',(0.,0.,1.));
#2535=DIRECTION('',(1.,0.,4.67019314134719E-16));
#2536=DIRECTION('center_axis',(0.,1.,0.));
#2537=DIRECTION('ref_axis',(0.,0.,1.));
#2538=DIRECTION('center_axis',(-2.22044604925031E-14,0.,1.));
#2539=DIRECTION('ref_axis',(1.,0.,2.22044604925031E-14));
#2540=DIRECTION('center_axis',(0.,1.,0.));
#2541=DIRECTION('ref_axis',(0.707106781186546,0.,0.707106781186549));
#2542=DIRECTION('center_axis',(6.53072367426563E-17,0.,-1.));
#2543=DIRECTION('ref_axis',(0.707106781186532,0.707106781186563,0.));
#2544=DIRECTION('center_axis',(-2.22044604925036E-14,0.,1.));
#2545=DIRECTION('ref_axis',(1.,0.,2.22044604925036E-14));
#2546=DIRECTION('',(6.53072367426563E-17,0.,-1.));
#2547=DIRECTION('center_axis',(0.,1.,0.));
#2548=DIRECTION('ref_axis',(0.,0.,1.));
#2549=DIRECTION('center_axis',(1.,0.,0.));
#2550=DIRECTION('ref_axis',(0.,0.,-1.));
#2551=DIRECTION('center_axis',(0.,1.,0.));
#2552=DIRECTION('ref_axis',(0.707106781186551,0.,-0.707106781186545));
#2553=DIRECTION('center_axis',(-1.,0.,-4.22942104619108E-16));
#2554=DIRECTION('ref_axis',(0.,0.707106781186563,-0.707106781186532));
#2555=DIRECTION('center_axis',(1.,0.,0.));
#2556=DIRECTION('ref_axis',(0.,0.,-1.));
#2557=DIRECTION('',(-1.,0.,-4.22942104619108E-16));
#2558=DIRECTION('center_axis',(0.,1.,0.));
#2559=DIRECTION('ref_axis',(0.,0.,1.));
#2560=DIRECTION('center_axis',(0.,1.,0.));
#2561=DIRECTION('ref_axis',(-0.707106781186546,0.,-0.707106781186549));
#2562=DIRECTION('center_axis',(-7.18379604169219E-16,0.,1.));
#2563=DIRECTION('ref_axis',(-0.707106781186532,0.707106781186563,0.));
#2564=DIRECTION('center_axis',(0.,0.,1.));
#2565=DIRECTION('ref_axis',(-0.707106781186532,0.707106781186563,0.));
#2566=DIRECTION('',(7.18379604169219E-16,0.,-1.));
#2567=DIRECTION('center_axis',(0.,0.,-1.));
#2568=DIRECTION('ref_axis',(-1.,0.,0.));
#2569=DIRECTION('center_axis',(0.,1.,0.));
#2570=DIRECTION('ref_axis',(0.,0.,1.));
#2571=DIRECTION('center_axis',(-1.,0.,0.));
#2572=DIRECTION('ref_axis',(0.,0.,1.));
#2573=DIRECTION('center_axis',(0.,1.,0.));
#2574=DIRECTION('ref_axis',(-0.707106781186547,0.,0.707106781186547));
#2575=DIRECTION('center_axis',(0.,-1.,0.));
#2576=DIRECTION('ref_axis',(-0.707106781186548,0.,0.707106781186548));
#2577=DIRECTION('center_axis',(1.,0.,0.));
#2578=DIRECTION('ref_axis',(0.,0.707106781186563,0.707106781186532));
#2579=DIRECTION('center_axis',(-1.,0.,0.));
#2580=DIRECTION('ref_axis',(0.,0.707106781186563,0.707106781186532));
#2581=DIRECTION('',(1.,0.,0.));
#2582=DIRECTION('',(-1.,0.,0.));
#2583=DIRECTION('center_axis',(0.,1.,0.));
#2584=DIRECTION('ref_axis',(-1.,0.,0.));
#2585=DIRECTION('',(0.,1.,0.));
#2586=DIRECTION('center_axis',(0.,1.,0.));
#2587=DIRECTION('ref_axis',(-1.,0.,0.));
#2588=DIRECTION('center_axis',(0.,1.,0.));
#2589=DIRECTION('ref_axis',(5.88582878191051E-15,0.,-1.));
#2590=DIRECTION('center_axis',(0.,1.,0.));
#2591=DIRECTION('ref_axis',(5.88582878191051E-15,0.,-1.));
#2592=DIRECTION('',(0.,1.,0.));
#2593=DIRECTION('center_axis',(4.22942104619108E-16,0.,-1.));
#2594=DIRECTION('ref_axis',(-1.,0.,-4.22942104619108E-16));
#2595=DIRECTION('',(-1.,0.,-4.22942104619108E-16));
#2596=DIRECTION('',(0.,1.,0.));
#2597=DIRECTION('center_axis',(0.,1.,0.));
#2598=DIRECTION('ref_axis',(1.,0.,2.94291439095526E-15));
#2599=DIRECTION('center_axis',(0.,1.,0.));
#2600=DIRECTION('ref_axis',(1.,0.,2.94291439095526E-15));
#2601=DIRECTION('',(0.,1.,0.));
#2602=DIRECTION('center_axis',(1.,0.,6.53072367426563E-17));
#2603=DIRECTION('ref_axis',(6.53072367426563E-17,0.,-1.));
#2604=DIRECTION('',(6.53072367426563E-17,0.,-1.));
#2605=DIRECTION('',(0.,1.,0.));
#2606=DIRECTION('center_axis',(0.,1.,0.));
#2607=DIRECTION('ref_axis',(-2.94291439095526E-15,0.,1.));
#2608=DIRECTION('center_axis',(0.,1.,0.));
#2609=DIRECTION('ref_axis',(-2.94291439095526E-15,0.,1.));
#2610=DIRECTION('',(0.,1.,0.));
#2611=DIRECTION('center_axis',(-4.67019314134719E-16,0.,1.));
#2612=DIRECTION('ref_axis',(1.,0.,4.67019314134719E-16));
#2613=DIRECTION('',(1.,0.,4.67019314134719E-16));
#2614=DIRECTION('',(0.,1.,0.));
#2615=DIRECTION('center_axis',(-1.,0.,0.));
#2616=DIRECTION('ref_axis',(0.,0.,1.));
#2617=DIRECTION('',(0.,0.,1.));
#2618=DIRECTION('',(0.,1.,0.));
#2619=DIRECTION('center_axis',(1.,0.,0.));
#2620=DIRECTION('ref_axis',(0.,0.707106781186548,-0.707106781186548));
#2621=DIRECTION('center_axis',(-1.,0.,-4.67019314134718E-16));
#2622=DIRECTION('ref_axis',(0.,0.707106781186563,-0.707106781186532));
#2623=DIRECTION('center_axis',(-1.,0.,0.));
#2624=DIRECTION('ref_axis',(0.,0.707106781186563,-0.707106781186532));
#2625=DIRECTION('',(1.,0.,4.67019314134718E-16));
#2626=DIRECTION('center_axis',(1.,0.,0.));
#2627=DIRECTION('ref_axis',(0.,0.,-1.));
#2628=DIRECTION('',(-1.,0.,-4.67019314134718E-16));
#2629=DIRECTION('center_axis',(0.,-1.,0.));
#2630=DIRECTION('ref_axis',(0.,0.,-1.));
#2631=DIRECTION('center_axis',(0.,0.,1.));
#2632=DIRECTION('ref_axis',(1.,0.,0.));
#2633=DIRECTION('center_axis',(0.,-1.,0.));
#2634=DIRECTION('ref_axis',(-0.707106781186548,0.,0.707106781186548));
#2635=DIRECTION('center_axis',(0.,1.,0.));
#2636=DIRECTION('ref_axis',(-0.707106781186548,0.,0.707106781186548));
#2637=DIRECTION('center_axis',(6.53072367426563E-16,0.,-1.));
#2638=DIRECTION('ref_axis',(0.707106781186532,0.707106781186563,0.));
#2639=DIRECTION('center_axis',(0.,0.,1.));
#2640=DIRECTION('ref_axis',(0.707106781186532,0.707106781186563,0.));
#2641=DIRECTION('',(6.53072367426563E-16,0.,-1.));
#2642=DIRECTION('',(-6.53072367426563E-16,0.,1.));
#2643=DIRECTION('center_axis',(0.,-1.,0.));
#2644=DIRECTION('ref_axis',(0.,0.,-1.));
#2645=DIRECTION('center_axis',(-1.,0.,0.));
#2646=DIRECTION('ref_axis',(0.,0.,1.));
#2647=DIRECTION('center_axis',(0.,-1.,0.));
#2648=DIRECTION('ref_axis',(-0.707106781186548,0.,-0.707106781186548));
#2649=DIRECTION('center_axis',(1.,0.,4.22942104619108E-16));
#2650=DIRECTION('ref_axis',(0.,0.707106781186563,0.707106781186532));
#2651=DIRECTION('center_axis',(-1.,0.,0.));
#2652=DIRECTION('ref_axis',(0.,0.,1.));
#2653=DIRECTION('',(1.,0.,4.22942104619108E-16));
#2654=DIRECTION('center_axis',(0.,-1.,0.));
#2655=DIRECTION('ref_axis',(0.,0.,-1.));
#2656=DIRECTION('center_axis',(0.,0.,-1.));
#2657=DIRECTION('ref_axis',(-1.,0.,0.));
#2658=DIRECTION('center_axis',(0.,-1.,0.));
#2659=DIRECTION('ref_axis',(0.707106781186545,0.,-0.70710678118655));
#2660=DIRECTION('center_axis',(-1.30614473485313E-16,0.,1.));
#2661=DIRECTION('ref_axis',(-0.707106781186548,0.707106781186548,0.));
#2662=DIRECTION('center_axis',(0.,0.,-1.));
#2663=DIRECTION('ref_axis',(-1.,0.,0.));
#2664=DIRECTION('',(-1.30614473485313E-16,0.,1.));
#2665=DIRECTION('center_axis',(0.,-1.,0.));
#2666=DIRECTION('ref_axis',(0.,0.,-1.));
#2667=DIRECTION('center_axis',(1.,0.,0.));
#2668=DIRECTION('ref_axis',(0.,0.,-1.));
#2669=DIRECTION('center_axis',(0.,-1.,0.));
#2670=DIRECTION('ref_axis',(0.707106781186545,0.,0.70710678118655));
#2671=DIRECTION('center_axis',(-1.,0.,0.));
#2672=DIRECTION('ref_axis',(0.,0.707106781186548,-0.707106781186548));
#2673=DIRECTION('',(-1.,0.,0.));
#2674=DIRECTION('center_axis',(0.,1.,0.));
#2675=DIRECTION('ref_axis',(-1.,0.,0.));
#2676=DIRECTION('',(-1.,0.,0.));
#2677=DIRECTION('',(0.,0.,-1.));
#2678=DIRECTION('center_axis',(0.,1.,0.));
#2679=DIRECTION('ref_axis',(-9.96846276257139E-15,0.,1.));
#2680=DIRECTION('',(0.,1.,0.));
#2681=DIRECTION('center_axis',(0.,-1.,0.));
#2682=DIRECTION('ref_axis',(-9.96846276257139E-15,0.,1.));
#2683=DIRECTION('',(0.,1.,0.));
#2684=DIRECTION('center_axis',(-1.,0.,-1.30614473485313E-16));
#2685=DIRECTION('ref_axis',(-1.30614473485313E-16,0.,1.));
#2686=DIRECTION('',(-1.30614473485313E-16,0.,1.));
#2687=DIRECTION('',(0.,1.,0.));
#2688=DIRECTION('center_axis',(0.,1.,0.));
#2689=DIRECTION('ref_axis',(1.,0.,9.96846276257139E-15));
#2690=DIRECTION('center_axis',(0.,-1.,0.));
#2691=DIRECTION('ref_axis',(1.,0.,9.96846276257139E-15));
#2692=DIRECTION('',(0.,1.,0.));
#2693=DIRECTION('center_axis',(-4.22942104619108E-16,0.,1.));
#2694=DIRECTION('ref_axis',(1.,0.,4.22942104619108E-16));
#2695=DIRECTION('',(1.,0.,4.22942104619108E-16));
#2696=DIRECTION('',(0.,1.,0.));
#2697=DIRECTION('center_axis',(0.,1.,0.));
#2698=DIRECTION('ref_axis',(0.,0.,-1.));
#2699=DIRECTION('center_axis',(0.,-1.,0.));
#2700=DIRECTION('ref_axis',(0.,0.,-1.));
#2701=DIRECTION('',(0.,1.,0.));
#2702=DIRECTION('center_axis',(1.,0.,6.53072367426563E-16));
#2703=DIRECTION('ref_axis',(6.53072367426563E-16,0.,-1.));
#2704=DIRECTION('',(0.,1.,0.));
#2705=DIRECTION('',(-6.53072367426563E-16,0.,1.));
#2706=DIRECTION('',(0.,-1.,0.));
#2707=DIRECTION('',(6.53072367426563E-16,0.,-1.));
#2708=DIRECTION('',(0.,1.,0.));
#2709=DIRECTION('center_axis',(0.,1.,0.));
#2710=DIRECTION('ref_axis',(-1.,0.,0.));
#2711=DIRECTION('center_axis',(0.,-1.,0.));
#2712=DIRECTION('ref_axis',(-1.,0.,0.));
#2713=DIRECTION('',(0.,1.,0.));
#2714=DIRECTION('center_axis',(4.67019314134718E-16,0.,-1.));
#2715=DIRECTION('ref_axis',(-1.,0.,-4.67019314134718E-16));
#2716=DIRECTION('',(-1.,0.,-4.67019314134718E-16));
#2717=DIRECTION('',(0.,1.,0.));
#2718=DIRECTION('center_axis',(1.,0.,0.));
#2719=DIRECTION('ref_axis',(0.,0.,-1.));
#2720=DIRECTION('',(0.,0.,-1.));
#2721=DIRECTION('',(0.,1.,0.));
#2722=DIRECTION('center_axis',(0.,0.,1.));
#2723=DIRECTION('ref_axis',(1.,0.,0.));
#2724=DIRECTION('',(1.,0.,0.));
#2725=DIRECTION('center_axis',(0.,0.,-1.));
#2726=DIRECTION('ref_axis',(-1.,0.,0.));
#2727=DIRECTION('',(-1.,0.,0.));
#2728=DIRECTION('center_axis',(0.,0.,-1.));
#2729=DIRECTION('ref_axis',(0.,1.,0.));
#2730=DIRECTION('',(1.,0.,0.));
#2731=DIRECTION('',(0.,-1.,0.));
#2732=DIRECTION('',(1.,0.,0.));
#2733=DIRECTION('',(0.,1.,0.));
#2734=DIRECTION('',(1.,0.,0.));
#2735=DIRECTION('center_axis',(0.,-1.,0.));
#2736=DIRECTION('ref_axis',(0.,0.,-1.));
#2737=DIRECTION('',(1.,0.,0.));
#2738=DIRECTION('',(-6.78469626159818E-16,0.,1.));
#2739=DIRECTION('center_axis',(0.,-1.,0.));
#2740=DIRECTION('ref_axis',(0.,0.,-1.));
#2741=DIRECTION('',(6.78469626159818E-16,0.,-1.));
#2742=DIRECTION('',(1.,0.,0.));
#2743=DIRECTION('center_axis',(0.,5.96414341853998E-16,1.));
#2744=DIRECTION('ref_axis',(1.,0.,0.));
#2745=DIRECTION('',(4.77131473483198E-15,1.,-5.96414341853998E-16));
#2746=DIRECTION('',(-4.04649015554036E-31,-1.,5.96414341853998E-16));
#2747=DIRECTION('',(-0.707106781186548,0.707106781186548,-4.21728625521874E-16));
#2748=DIRECTION('',(0.,-1.,0.));
#2749=DIRECTION('',(-1.,-2.43155818812146E-15,0.));
#2750=DIRECTION('',(0.707106781186549,-0.707106781186546,4.21728625521873E-16));
#2751=DIRECTION('',(0.,-1.,5.96414341853998E-16));
#2752=DIRECTION('',(1.,0.,3.00249049248738E-15));
#2753=DIRECTION('center_axis',(0.,-5.96414341853998E-16,-1.));
#2754=DIRECTION('ref_axis',(0.707106781186544,-0.707106781186551,0.));
#2755=DIRECTION('center_axis',(0.,6.66133814775094E-16,1.));
#2756=DIRECTION('ref_axis',(-0.707106781186544,-0.707106781186551,0.));
#2757=DIRECTION('center_axis',(0.,-5.96414341853998E-16,-1.));
#2758=DIRECTION('ref_axis',(-0.707106781186544,-0.707106781186551,0.));
#2759=DIRECTION('',(0.,6.66133814775094E-16,1.));
#2760=DIRECTION('center_axis',(0.,6.66133814775094E-16,1.));
#2761=DIRECTION('ref_axis',(-0.707106781186544,-0.707106781186551,0.));
#2762=DIRECTION('',(0.,-6.66133814775094E-16,-1.));
#2763=DIRECTION('center_axis',(-1.,-4.77131473483198E-15,3.17833408580625E-30));
#2764=DIRECTION('ref_axis',(4.77131473483198E-15,-1.,5.96414341853998E-16));
#2765=DIRECTION('',(-4.77131473483198E-15,1.,-5.96414341853998E-16));
#2766=DIRECTION('',(-1.2335811384724E-16,0.,1.));
#2767=DIRECTION('',(4.77131473483198E-15,-1.,5.96414341853998E-16));
#2768=DIRECTION('center_axis',(-0.707106781186548,0.707106781186548,-4.71027737605133E-16));
#2769=DIRECTION('ref_axis',(-6.66133814775094E-16,0.,1.));
#2770=DIRECTION('',(0.707106781186548,0.707106781186548,-4.71027737605133E-16));
#2771=DIRECTION('',(-1.2335811384724E-16,6.66133814775094E-16,1.));
#2772=DIRECTION('',(-0.707106781186548,-0.707106781186548,4.21728625521874E-16));
#2773=DIRECTION('',(0.,6.66133814775094E-16,1.));
#2774=DIRECTION('center_axis',(1.,0.,0.));
#2775=DIRECTION('ref_axis',(0.,1.,0.));
#2776=DIRECTION('',(0.,-1.,0.));
#2777=DIRECTION('',(0.,6.66133814775094E-16,1.));
#2778=DIRECTION('',(0.,1.,0.));
#2779=DIRECTION('center_axis',(0.,-5.96414341853998E-16,-1.));
#2780=DIRECTION('ref_axis',(-1.,0.,0.));
#2781=DIRECTION('',(0.707106781186549,0.707106781186546,-4.21728625521873E-16));
#2782=DIRECTION('',(1.,-2.43155818812146E-15,0.));
#2783=DIRECTION('',(7.3572548282552E-32,1.,-5.96414341853998E-16));
#2784=DIRECTION('',(-1.,0.,3.00249049248738E-15));
#2785=DIRECTION('',(0.,1.,-5.96414341853998E-16));
#2786=DIRECTION('center_axis',(0.707106781186536,-4.21728625521881E-16,
-0.707106781186559));
#2787=DIRECTION('ref_axis',(-0.707106781186559,0.,-0.707106781186536));
#2788=DIRECTION('',(0.,-1.,5.96414341853998E-16));
#2789=DIRECTION('',(-0.357406744336597,-0.862856209461023,-0.357406744336574));
#2790=DIRECTION('',(-0.577350269189633,-0.577350269189631,-0.577350269189613));
#2791=DIRECTION('',(0.577350269189628,-0.577350269189628,0.577350269189622));
#2792=DIRECTION('center_axis',(0.923879532511287,-0.38268343236509,2.54918374652584E-16));
#2793=DIRECTION('ref_axis',(2.75921660435172E-16,0.,-1.));
#2794=DIRECTION('',(0.,-6.66133814775094E-16,-1.));
#2795=DIRECTION('',(0.,6.66133814775094E-16,1.));
#2796=DIRECTION('',(-0.357406744336595,-0.86285620946102,0.357406744336584));
#2797=DIRECTION('center_axis',(0.70710678118654,4.71027737605138E-16,0.707106781186555));
#2798=DIRECTION('ref_axis',(0.707106781186555,0.,-0.70710678118654));
#2799=DIRECTION('',(0.,-1.,6.66133814775094E-16));
#2800=DIRECTION('',(0.577350269189631,0.577350269189628,-0.577350269189618));
#2801=DIRECTION('',(0.,1.,-6.66133814775094E-16));
#2802=DIRECTION('',(0.577350269189626,-0.577350269189626,-0.577350269189626));
#2803=DIRECTION('center_axis',(0.707106781186548,0.707106781186548,-4.71027737605132E-16));
#2804=DIRECTION('ref_axis',(-6.66133814775094E-16,0.,-1.));
#2805=DIRECTION('',(0.,-6.66133814775094E-16,-1.));
#2806=DIRECTION('',(0.,6.66133814775094E-16,1.));
#2807=DIRECTION('center_axis',(2.00006044558657E-30,-1.,6.66133814775094E-16));
#2808=DIRECTION('ref_axis',(1.,0.,-3.00249049248738E-15));
#2809=DIRECTION('',(1.,0.,-3.00249049248738E-15));
#2810=DIRECTION('center_axis',(-1.,0.,0.));
#2811=DIRECTION('ref_axis',(0.,-1.,0.));
#2812=DIRECTION('center_axis',(0.707106781186546,-0.707106781186549,4.71027737605133E-16));
#2813=DIRECTION('ref_axis',(6.66133814775096E-16,0.,-1.));
#2814=DIRECTION('',(-0.707106781186549,-0.707106781186546,4.71027737605132E-16));
#2815=DIRECTION('',(0.,-6.66133814775094E-16,-1.));
#2816=DIRECTION('center_axis',(2.43155818812146E-15,1.,-6.66133814775094E-16));
#2817=DIRECTION('ref_axis',(-1.,2.43155818812146E-15,0.));
#2818=DIRECTION('',(-1.,2.43155818812146E-15,0.));
#2819=DIRECTION('center_axis',(0.,-6.66133814775094E-16,-1.));
#2820=DIRECTION('ref_axis',(-1.,0.,0.));
#2821=DIRECTION('',(-8.21730109605221E-32,-1.,6.66133814775094E-16));
#2822=DIRECTION('center_axis',(0.,6.66133814775094E-16,1.));
#2823=DIRECTION('ref_axis',(0.707106781186544,-0.707106781186551,0.));
#2824=DIRECTION('',(0.,6.66133814775094E-16,1.));
#2825=DIRECTION('center_axis',(0.,6.66133814775094E-16,1.));
#2826=DIRECTION('ref_axis',(0.707106781186544,-0.707106781186551,0.));
#2827=DIRECTION('',(0.,-6.66133814775094E-16,-1.));
#2828=DIRECTION('center_axis',(2.00006044558657E-30,1.,-6.66133814775094E-16));
#2829=DIRECTION('ref_axis',(-1.,0.,-3.00249049248738E-15));
#2830=DIRECTION('',(0.,-6.66133814775094E-16,-1.));
#2831=DIRECTION('',(-1.,0.,-3.00249049248738E-15));
#2832=DIRECTION('center_axis',(0.707106781186548,0.707106781186548,-4.71027737605133E-16));
#2833=DIRECTION('ref_axis',(-6.66133814775094E-16,0.,-1.));
#2834=DIRECTION('',(0.707106781186548,-0.707106781186548,4.71027737605133E-16));
#2835=DIRECTION('',(0.,-6.66133814775094E-16,-1.));
#2836=DIRECTION('',(6.78469626159818E-16,-6.66133814775094E-16,-1.));
#2837=DIRECTION('center_axis',(1.,0.,0.));
#2838=DIRECTION('ref_axis',(0.,1.,0.));
#2839=DIRECTION('',(0.,1.,0.));
#2840=DIRECTION('',(0.,6.66133814775094E-16,1.));
#2841=DIRECTION('center_axis',(0.,6.66133814775094E-16,1.));
#2842=DIRECTION('ref_axis',(1.,0.,0.));
#2843=DIRECTION('',(4.51951560282871E-31,1.,-6.66133814775094E-16));
#2844=DIRECTION('',(-4.77131473483198E-15,-1.,5.96414341853998E-16));
#2845=DIRECTION('',(0.,1.,-6.66133814775094E-16));
#2846=DIRECTION('',(-0.707106781186549,0.707106781186546,-4.71027737605132E-16));
#2847=DIRECTION('',(1.,2.43155818812146E-15,0.));
#2848=DIRECTION('center_axis',(-0.707106781186536,-4.21728625521881E-16,
-0.707106781186559));
#2849=DIRECTION('ref_axis',(-0.707106781186559,0.,0.707106781186536));
#2850=DIRECTION('',(-0.577350269189633,0.577350269189631,0.577350269189613));
#2851=DIRECTION('',(-0.357406744336597,0.862856209461023,0.357406744336574));
#2852=DIRECTION('',(0.,1.,-5.96414341853998E-16));
#2853=DIRECTION('',(0.577350269189628,0.577350269189628,-0.577350269189622));
#2854=DIRECTION('center_axis',(-0.70710678118654,4.71027737605138E-16,0.707106781186555));
#2855=DIRECTION('ref_axis',(0.707106781186555,0.,0.70710678118654));
#2856=DIRECTION('',(0.,-1.,6.66133814775094E-16));
#2857=DIRECTION('',(0.357406744336595,-0.86285620946102,0.357406744336584));
#2858=DIRECTION('',(0.577350269189631,-0.577350269189628,0.577350269189618));
#2859=DIRECTION('',(0.577350269189626,0.577350269189626,0.577350269189626));
#2860=DIRECTION('center_axis',(-0.923879532511287,-0.38268343236509,2.54918374652584E-16));
#2861=DIRECTION('ref_axis',(2.75921660435172E-16,0.,1.));
#2862=DIRECTION('',(0.,6.66133814775094E-16,1.));
#2863=DIRECTION('',(0.,-6.66133814775094E-16,-1.));
#2864=DIRECTION('center_axis',(-0.707106781186548,0.707106781186548,-4.71027737605132E-16));
#2865=DIRECTION('ref_axis',(-6.66133814775094E-16,0.,1.));
#2866=DIRECTION('',(0.,6.66133814775094E-16,1.));
#2867=DIRECTION('center_axis',(-1.,0.,0.));
#2868=DIRECTION('ref_axis',(0.,-1.,0.));
#2869=DIRECTION('center_axis',(-0.707106781186546,-0.707106781186549,4.71027737605133E-16));
#2870=DIRECTION('ref_axis',(6.66133814775096E-16,0.,1.));
#2871=DIRECTION('',(0.,6.66133814775094E-16,1.));
#2872=DIRECTION('center_axis',(2.43155818812146E-15,-1.,6.66133814775094E-16));
#2873=DIRECTION('ref_axis',(1.,2.43155818812146E-15,0.));
#2874=DIRECTION('center_axis',(-1.,4.77131473483198E-15,-3.17833408580625E-30));
#2875=DIRECTION('ref_axis',(-4.77131473483198E-15,-1.,5.96414341853998E-16));
#2876=DIRECTION('',(6.78469626159818E-16,0.,-1.));
#2877=DIRECTION('center_axis',(0.,1.,0.));
#2878=DIRECTION('ref_axis',(0.,0.,1.));
#2879=DIRECTION('center_axis',(0.,1.,0.));
#2880=DIRECTION('ref_axis',(-0.707106781186548,0.,-0.707106781186548));
#2881=DIRECTION('',(-1.,0.,-3.86164530304403E-16));
#2882=DIRECTION('center_axis',(0.,1.,0.));
#2883=DIRECTION('ref_axis',(0.707106781186548,0.,-0.707106781186548));
#2884=DIRECTION('',(1.2335811384724E-16,0.,-1.));
#2885=DIRECTION('center_axis',(0.,1.,0.));
#2886=DIRECTION('ref_axis',(0.707106781186546,0.,0.707106781186549));
#2887=DIRECTION('',(1.,0.,2.89623397728302E-16));
#2888=DIRECTION('',(0.,0.,1.));
#2889=DIRECTION('',(-1.,0.,-2.89623397728302E-16));
#2890=DIRECTION('center_axis',(0.,-1.,0.));
#2891=DIRECTION('ref_axis',(0.707106781186546,0.,0.707106781186549));
#2892=DIRECTION('',(-1.2335811384724E-16,0.,1.));
#2893=DIRECTION('',(-1.2335811384724E-16,0.,1.));
#2894=DIRECTION('center_axis',(0.,-1.,0.));
#2895=DIRECTION('ref_axis',(0.707106781186547,0.,-0.707106781186547));
#2896=DIRECTION('',(1.,0.,3.86164530304403E-16));
#2897=DIRECTION('center_axis',(0.,-1.,0.));
#2898=DIRECTION('ref_axis',(-0.707106781186547,0.,-0.707106781186547));
#2899=DIRECTION('',(6.78469626159818E-16,0.,-1.));
#2900=DIRECTION('',(6.78469626159818E-16,0.,-1.));
#2901=DIRECTION('center_axis',(0.,-1.,0.));
#2902=DIRECTION('ref_axis',(-0.707106781186549,0.,0.707106781186546));
#2903=DIRECTION('',(-1.,0.,-2.89623397728302E-16));
#2904=DIRECTION('',(0.,0.,-1.));
#2905=DIRECTION('',(1.,0.,2.89623397728302E-16));
#2906=DIRECTION('center_axis',(0.,1.,0.));
#2907=DIRECTION('ref_axis',(-0.707106781186549,0.,0.707106781186546));
#2908=DIRECTION('',(-6.78469626159818E-16,0.,1.));
#2909=DIRECTION('center_axis',(0.,1.,0.));
#2910=DIRECTION('ref_axis',(0.707106781186547,0.,-0.707106781186547));
#2911=DIRECTION('',(0.,-1.,0.));
#2912=DIRECTION('center_axis',(0.,1.,0.));
#2913=DIRECTION('ref_axis',(0.,0.,-1.));
#2914=DIRECTION('',(0.,1.,0.));
#2915=DIRECTION('center_axis',(1.,0.,1.2335811384724E-16));
#2916=DIRECTION('ref_axis',(1.2335811384724E-16,0.,-1.));
#2917=DIRECTION('',(0.,1.,0.));
#2918=DIRECTION('',(1.2335811384724E-16,0.,-1.));
#2919=DIRECTION('center_axis',(0.,1.,0.));
#2920=DIRECTION('ref_axis',(0.707106781186546,0.,0.707106781186549));
#2921=DIRECTION('',(0.,-1.,0.));
#2922=DIRECTION('center_axis',(0.,1.,0.));
#2923=DIRECTION('ref_axis',(1.,0.,0.));
#2924=DIRECTION('center_axis',(1.,7.7715611723761E-16,0.));
#2925=DIRECTION('ref_axis',(7.7715611723761E-16,-1.,0.));
#2926=DIRECTION('',(7.7715611723761E-16,-1.,2.25082595239691E-31));
#2927=DIRECTION('',(0.,0.,-1.));
#2928=DIRECTION('',(-7.7715611723761E-16,1.,-2.25082595239691E-31));
#2929=DIRECTION('center_axis',(-2.89623397728302E-16,0.,1.));
#2930=DIRECTION('ref_axis',(1.,0.,2.89623397728302E-16));
#2931=DIRECTION('',(-1.,-8.07434927000115E-16,-2.89623397728302E-16));
#2932=DIRECTION('',(-4.44089209850063E-16,-1.,-1.28618625851252E-31));
#2933=DIRECTION('',(0.,1.,0.));
#2934=DIRECTION('',(1.,0.,2.89623397728302E-16));
#2935=DIRECTION('center_axis',(0.,1.,0.));
#2936=DIRECTION('ref_axis',(0.707106781186546,0.,0.707106781186549));
#2937=DIRECTION('',(0.,1.,0.));
#2938=DIRECTION('center_axis',(0.,1.,0.));
#2939=DIRECTION('ref_axis',(1.,0.,0.));
#2940=DIRECTION('',(0.,-1.,0.));
#2941=DIRECTION('center_axis',(-2.89623397728302E-16,0.,1.));
#2942=DIRECTION('ref_axis',(1.,0.,2.89623397728302E-16));
#2943=DIRECTION('',(1.,0.,2.89623397728302E-16));
#2944=DIRECTION('',(0.,1.,0.));
#2945=DIRECTION('',(4.44089209850063E-16,1.,1.28618625851252E-31));
#2946=DIRECTION('',(1.,8.07434927000115E-16,2.89623397728302E-16));
#2947=DIRECTION('center_axis',(1.,0.,1.2335811384724E-16));
#2948=DIRECTION('ref_axis',(1.2335811384724E-16,0.,-1.));
#2949=DIRECTION('',(0.,-1.,0.));
#2950=DIRECTION('',(1.2335811384724E-16,0.,-1.));
#2951=DIRECTION('center_axis',(0.,1.,0.));
#2952=DIRECTION('ref_axis',(0.707106781186548,0.,-0.707106781186548));
#2953=DIRECTION('',(0.,1.,0.));
#2954=DIRECTION('center_axis',(0.,1.,0.));
#2955=DIRECTION('ref_axis',(0.,0.,-1.));
#2956=DIRECTION('center_axis',(3.86164530304403E-16,0.,-1.));
#2957=DIRECTION('ref_axis',(-1.,0.,-3.86164530304403E-16));
#2958=DIRECTION('',(0.,-1.,0.));
#2959=DIRECTION('',(-1.,0.,-3.86164530304403E-16));
#2960=DIRECTION('center_axis',(0.,0.,1.));
#2961=DIRECTION('ref_axis',(0.,-1.,0.));
#2962=DIRECTION('',(0.,-1.,0.));
#2963=DIRECTION('',(1.,0.,0.));
#2964=DIRECTION('',(0.,1.,0.));
#2965=DIRECTION('center_axis',(0.,1.,0.));
#2966=DIRECTION('ref_axis',(0.,0.,1.));
#2967=DIRECTION('',(6.78469626159818E-16,0.,-1.));
#2968=DIRECTION('',(-6.78469626159818E-16,0.,1.));
#2969=DIRECTION('center_axis',(0.,0.,-1.));
#2970=DIRECTION('ref_axis',(1.,0.,0.));
#2971=DIRECTION('',(-1.,0.,0.));
#2972=DIRECTION('',(0.,-1.,0.));
#2973=DIRECTION('',(1.,0.,0.));
#2974=DIRECTION('',(0.,-1.,0.));
#2975=DIRECTION('center_axis',(-1.,0.,0.));
#2976=DIRECTION('ref_axis',(0.,0.,-1.));
#2977=DIRECTION('',(0.,0.,1.));
#2978=DIRECTION('',(0.,0.,-1.));
#2979=DIRECTION('',(0.,-1.,0.));
#2980=DIRECTION('center_axis',(0.,0.,1.));
#2981=DIRECTION('ref_axis',(-1.,0.,0.));
#2982=DIRECTION('',(1.,0.,0.));
#2983=DIRECTION('',(-1.,0.,0.));
#2984=DIRECTION('',(0.,-1.,0.));
#2985=DIRECTION('center_axis',(1.,0.,-1.11022302462516E-16));
#2986=DIRECTION('ref_axis',(1.11022302462516E-16,0.,1.));
#2987=DIRECTION('',(-1.11022302462516E-16,0.,-1.));
#2988=DIRECTION('',(1.11022302462516E-16,0.,1.));
#2989=DIRECTION('center_axis',(-4.44089209850063E-16,0.,1.));
#2990=DIRECTION('ref_axis',(-1.,0.,-4.44089209850063E-16));
#2991=DIRECTION('',(1.,0.,4.44089209850063E-16));
#2992=DIRECTION('',(0.,-1.,0.));
#2993=DIRECTION('',(-1.,0.,-4.44089209850063E-16));
#2994=DIRECTION('',(0.,-1.,0.));
#2995=DIRECTION('center_axis',(1.,0.,1.10201728278849E-15));
#2996=DIRECTION('ref_axis',(-1.10201728278849E-15,0.,1.));
#2997=DIRECTION('',(1.10201728278849E-15,0.,-1.));
#2998=DIRECTION('',(-1.10201728278849E-15,0.,1.));
#2999=DIRECTION('',(0.,-1.,0.));
#3000=DIRECTION('center_axis',(-0.0077720005167013,0.,-0.99996979754789));
#3001=DIRECTION('ref_axis',(0.99996979754789,0.,-0.0077720005167013));
#3002=DIRECTION('',(-0.99996979754789,0.,0.0077720005167013));
#3003=DIRECTION('',(0.99996979754789,0.,-0.0077720005167013));
#3004=DIRECTION('',(0.,-1.,0.));
#3005=DIRECTION('center_axis',(-1.,0.,-5.55292607293712E-16));
#3006=DIRECTION('ref_axis',(5.55292607293712E-16,0.,-1.));
#3007=DIRECTION('',(-5.55292607293712E-16,0.,1.));
#3008=DIRECTION('',(5.55292607293712E-16,0.,-1.));
#3009=DIRECTION('center_axis',(3.70074341541719E-16,0.,-1.));
#3010=DIRECTION('ref_axis',(1.,0.,3.70074341541719E-16));
#3011=DIRECTION('',(-1.,0.,-3.70074341541719E-16));
#3012=DIRECTION('',(0.,-1.,0.));
#3013=DIRECTION('',(1.,0.,3.70074341541719E-16));
#3014=DIRECTION('',(0.,-1.,0.));
#3015=DIRECTION('center_axis',(-1.,0.,-4.56881903137924E-17));
#3016=DIRECTION('ref_axis',(4.56881903137924E-17,0.,-1.));
#3017=DIRECTION('',(-4.56881903137924E-17,0.,1.));
#3018=DIRECTION('',(4.56881903137924E-17,0.,-1.));
#3019=DIRECTION('',(0.,-1.,0.));
#3020=DIRECTION('center_axis',(0.,0.,1.));
#3021=DIRECTION('ref_axis',(-1.,0.,0.));
#3022=DIRECTION('',(1.,0.,0.));
#3023=DIRECTION('',(-1.,0.,0.));
#3024=DIRECTION('',(0.,-1.,0.));
#3025=DIRECTION('center_axis',(1.,0.,9.13763806275849E-16));
#3026=DIRECTION('ref_axis',(-9.13763806275849E-16,0.,1.));
#3027=DIRECTION('',(9.13763806275849E-16,0.,-1.));
#3028=DIRECTION('',(-9.13763806275849E-16,0.,1.));
#3029=DIRECTION('center_axis',(-8.07434927000115E-16,1.,0.));
#3030=DIRECTION('ref_axis',(1.,8.07434927000115E-16,0.));
#3031=DIRECTION('',(0.,0.,-1.));
#3032=DIRECTION('center_axis',(-1.,4.44089209850063E-16,0.));
#3033=DIRECTION('ref_axis',(4.44089209850063E-16,1.,0.));
#3034=DIRECTION('center_axis',(0.408248290463865,-0.408248290463856,-0.816496580927729));
#3035=DIRECTION('ref_axis',(-0.577350269189632,0.577350269189623,-0.577350269189623));
#3036=DIRECTION('center_axis',(-1.,-4.44089209850062E-15,0.));
#3037=DIRECTION('ref_axis',(0.,0.,-1.));
#3038=DIRECTION('center_axis',(0.,0.,-1.));
#3039=DIRECTION('ref_axis',(0.,1.,0.));
#3040=DIRECTION('center_axis',(0.,1.,0.));
#3041=DIRECTION('ref_axis',(-1.,0.,0.));
#3042=DIRECTION('center_axis',(-0.408248290463865,0.408248290463856,-0.816496580927729));
#3043=DIRECTION('ref_axis',(-0.577350269189632,0.577350269189623,0.577350269189623));
#3044=DIRECTION('center_axis',(0.,0.,1.));
#3045=DIRECTION('ref_axis',(-1.,0.,0.));
#3046=DIRECTION('center_axis',(-1.,0.,2.22044604925031E-15));
#3047=DIRECTION('ref_axis',(0.,1.,0.));
#3048=DIRECTION('center_axis',(0.,1.,0.));
#3049=DIRECTION('ref_axis',(0.,0.,1.));
#3050=DIRECTION('center_axis',(0.408248290463865,-0.816496580927729,-0.408248290463856));
#3051=DIRECTION('ref_axis',(0.577350269189632,0.577350269189623,-0.577350269189623));
#3052=DIRECTION('center_axis',(0.,0.,-1.));
#3053=DIRECTION('ref_axis',(1.,0.,0.));
#3054=DIRECTION('center_axis',(1.,0.,-2.22044604925031E-15));
#3055=DIRECTION('ref_axis',(0.,1.,0.));
#3056=DIRECTION('center_axis',(0.408248290463857,-0.816496580927732,0.408248290463857));
#3057=DIRECTION('ref_axis',(0.577350269189632,0.577350269189623,0.577350269189623));
#3058=DIRECTION('center_axis',(1.,-2.22044604925031E-15,0.));
#3059=DIRECTION('ref_axis',(0.,0.,1.));
#3060=DIRECTION('center_axis',(2.22044604925031E-15,0.,1.));
#3061=DIRECTION('ref_axis',(0.,1.,0.));
#3062=DIRECTION('center_axis',(0.,1.,0.));
#3063=DIRECTION('ref_axis',(-0.707106781186549,0.,0.707106781186546));
#3064=DIRECTION('',(0.,-1.,0.));
#3065=DIRECTION('center_axis',(1.2335811384724E-16,0.,-1.));
#3066=DIRECTION('ref_axis',(0.707106781186549,0.707106781186546,0.));
#3067=DIRECTION('',(-1.2335811384724E-16,0.,1.));
#3068=DIRECTION('center_axis',(1.,0.,2.89623397728302E-16));
#3069=DIRECTION('ref_axis',(0.,0.707106781186546,0.707106781186549));
#3070=DIRECTION('',(-1.,0.,-2.89623397728302E-16));
#3071=DIRECTION('center_axis',(-1.,0.,-3.86164530304403E-16));
#3072=DIRECTION('ref_axis',(0.,0.707106781186546,-0.707106781186549));
#3073=DIRECTION('',(-1.,0.,-3.86164530304403E-16));
#3074=DIRECTION('',(1.,0.,3.86164530304403E-16));
#3075=DIRECTION('center_axis',(0.,1.,0.));
#3076=DIRECTION('ref_axis',(-0.707106781186547,0.,-0.707106781186547));
#3077=DIRECTION('',(0.,-1.,0.));
#3078=DIRECTION('',(0.,1.,0.));
#3079=DIRECTION('center_axis',(-6.78469626159818E-16,0.,1.));
#3080=DIRECTION('ref_axis',(-0.707106781186549,0.707106781186546,0.));
#3081=DIRECTION('',(-6.78469626159818E-16,0.,1.));
#3082=DIRECTION('',(6.78469626159818E-16,0.,-1.));
#3083=DIRECTION('center_axis',(-1.,0.,-6.78469626159818E-16));
#3084=DIRECTION('ref_axis',(-6.78469626159818E-16,0.,1.));
#3085=DIRECTION('center_axis',(3.86164530304403E-16,0.,-1.));
#3086=DIRECTION('ref_axis',(-1.,0.,-3.86164530304403E-16));
#3087=DIRECTION('center_axis',(0.,1.,0.));
#3088=DIRECTION('ref_axis',(0.,0.,1.));
#3089=DIRECTION('center_axis',(0.408248290463864,-0.40824829046386,-0.816496580927727));
#3090=DIRECTION('ref_axis',(-0.577350269189628,0.577350269189625,-0.577350269189625));
#3091=DIRECTION('center_axis',(-1.,-4.44089209850062E-15,0.));
#3092=DIRECTION('ref_axis',(0.,0.,-1.));
#3093=DIRECTION('center_axis',(0.,1.,0.));
#3094=DIRECTION('ref_axis',(-1.,0.,0.));
#3095=DIRECTION('center_axis',(0.,0.,-1.));
#3096=DIRECTION('ref_axis',(0.,1.,0.));
#3097=DIRECTION('center_axis',(-0.408248290463863,0.408248290463863,-0.816496580927726));
#3098=DIRECTION('ref_axis',(-0.577350269189627,0.577350269189625,0.577350269189625));
#3099=DIRECTION('center_axis',(0.,0.,1.));
#3100=DIRECTION('ref_axis',(-1.,0.,0.));
#3101=DIRECTION('center_axis',(0.,1.,0.));
#3102=DIRECTION('ref_axis',(0.,0.,1.));
#3103=DIRECTION('center_axis',(-1.,0.,2.22044604925031E-15));
#3104=DIRECTION('ref_axis',(0.,1.,0.));
#3105=DIRECTION('center_axis',(0.408248290463863,-0.816496580927726,-0.408248290463863));
#3106=DIRECTION('ref_axis',(0.577350269189626,0.577350269189626,-0.577350269189626));
#3107=DIRECTION('center_axis',(0.,0.,-1.));
#3108=DIRECTION('ref_axis',(1.,0.,0.));
#3109=DIRECTION('center_axis',(1.,0.,-2.22044604925031E-15));
#3110=DIRECTION('ref_axis',(0.,1.,0.));
#3111=DIRECTION('center_axis',(0.408248290463863,-0.816496580927726,0.408248290463863));
#3112=DIRECTION('ref_axis',(0.577350269189627,0.577350269189625,0.577350269189625));
#3113=DIRECTION('center_axis',(1.,-2.22044604925031E-15,0.));
#3114=DIRECTION('ref_axis',(0.,0.,1.));
#3115=DIRECTION('center_axis',(2.22044604925031E-15,0.,1.));
#3116=DIRECTION('ref_axis',(0.,1.,0.));
#3117=DIRECTION('center_axis',(0.,1.,0.));
#3118=DIRECTION('ref_axis',(-0.707106781186549,0.,0.707106781186546));
#3119=DIRECTION('',(0.,-1.,0.));
#3120=DIRECTION('center_axis',(1.2335811384724E-16,0.,-1.));
#3121=DIRECTION('ref_axis',(0.707106781186549,0.707106781186546,0.));
#3122=DIRECTION('',(-1.2335811384724E-16,0.,1.));
#3123=DIRECTION('center_axis',(1.,0.,2.89623397728302E-16));
#3124=DIRECTION('ref_axis',(0.,0.707106781186546,0.707106781186549));
#3125=DIRECTION('',(-1.,0.,-2.89623397728302E-16));
#3126=DIRECTION('center_axis',(-1.,0.,-3.86164530304403E-16));
#3127=DIRECTION('ref_axis',(0.,0.707106781186546,-0.707106781186549));
#3128=DIRECTION('',(1.,0.,3.86164530304403E-16));
#3129=DIRECTION('center_axis',(0.,1.,0.));
#3130=DIRECTION('ref_axis',(-0.707106781186548,0.,-0.707106781186548));
#3131=DIRECTION('',(0.,1.,0.));
#3132=DIRECTION('center_axis',(-6.78469626159818E-16,0.,1.));
#3133=DIRECTION('ref_axis',(-0.707106781186549,0.707106781186546,0.));
#3134=DIRECTION('',(6.78469626159818E-16,0.,-1.));
#3135=DIRECTION('',(-6.78469626159818E-16,0.,1.));
#3136=DIRECTION('center_axis',(-1.,0.,-6.78469626159818E-16));
#3137=DIRECTION('ref_axis',(-6.78469626159818E-16,0.,1.));
#3138=DIRECTION('center_axis',(0.,1.,0.));
#3139=DIRECTION('ref_axis',(0.,0.,1.));
#3140=CARTESIAN_POINT('',(0.,0.,0.));
#3141=CARTESIAN_POINT('Origin',(-11.2545058245914,10.5,-16.9999999999996));
#3142=CARTESIAN_POINT('',(-11.2545058245915,12.4,13.97695084042));
#3143=CARTESIAN_POINT('',(-11.2545058245915,12.0181620568505,13.97695084042));
#3144=CARTESIAN_POINT('',(-11.2545058245915,12.7590810284253,13.97695084042));
#3145=CARTESIAN_POINT('',(-11.2545058245915,12.4,17.0000000000004));
#3146=CARTESIAN_POINT('',(-11.2545058245914,12.4,-8.49999999999959));
#3147=CARTESIAN_POINT('',(-11.2545058245915,10.5,17.0000000000004));
#3148=CARTESIAN_POINT('',(-11.2545058245915,10.5,17.0000000000004));
#3149=CARTESIAN_POINT('',(-11.2545058245914,10.5,-16.9999999999996));
#3150=CARTESIAN_POINT('',(-11.2545058245914,10.5,-8.49999999999959));
#3151=CARTESIAN_POINT('',(-11.2545058245914,12.4,-16.9999999999996));
#3152=CARTESIAN_POINT('',(-11.2545058245914,10.5,-16.9999999999996));
#3153=CARTESIAN_POINT('',(-11.2545058245914,12.4,8.97695084042005));
#3154=CARTESIAN_POINT('',(-11.2545058245914,12.4,-8.49999999999959));
#3155=CARTESIAN_POINT('',(-11.2545058245914,12.0181620568505,8.97695084042005));
#3156=CARTESIAN_POINT('',(-11.2545058245914,11.2590810284253,8.97695084042005));
#3157=CARTESIAN_POINT('',(-11.2545058245914,12.0181620568505,-1.51152457978977));
#3158=CARTESIAN_POINT('Origin',(-11.1545058245914,12.4,-8.49999999999959));
#3159=CARTESIAN_POINT('',(-11.1545058245914,12.5,8.97695084042005));
#3160=CARTESIAN_POINT('Origin',(-11.1545058245914,12.4,8.97695084042005));
#3161=CARTESIAN_POINT('',(-11.1545058245914,12.5,-16.9999999999996));
#3162=CARTESIAN_POINT('Origin',(-11.1545058245914,12.4,-16.9999999999996));
#3163=CARTESIAN_POINT('',(-11.1545058245914,12.5,-8.49999999999959));
#3164=CARTESIAN_POINT('Origin',(1.93178806284777E-13,12.5,4.13002965160558E-13));
#3165=CARTESIAN_POINT('',(-11.0454941754082,12.5,8.97695084042005));
#3166=CARTESIAN_POINT('',(-5.7499999999998,12.5,8.97695084042005));
#3167=CARTESIAN_POINT('',(-10.4999999999998,12.5,-17.6545058245912));
#3168=CARTESIAN_POINT('Origin',(-10.4999999999998,12.5,-16.9999999999996));
#3169=CARTESIAN_POINT('',(10.5000000000002,12.5,-17.6545058245912));
#3170=CARTESIAN_POINT('',(5.2500000000002,12.5,-17.6545058245912));
#3171=CARTESIAN_POINT('',(11.1545058245918,12.5,-16.9999999999996));
#3172=CARTESIAN_POINT('Origin',(10.5000000000002,12.5,-16.9999999999996));
#3173=CARTESIAN_POINT('',(11.1545058245918,12.5,17.0000000000004));
#3174=CARTESIAN_POINT('',(11.1545058245918,12.5,8.50000000000042));
#3175=CARTESIAN_POINT('',(10.5000000000002,12.5,17.6545058245921));
#3176=CARTESIAN_POINT('Origin',(10.5000000000002,12.5,17.0000000000004));
#3177=CARTESIAN_POINT('',(5.74549417540855,12.5,17.6545058245921));
#3178=CARTESIAN_POINT('',(2.87274708770437,12.5,17.6545058245921));
#3179=CARTESIAN_POINT('',(5.74549417540855,12.5,17.5454941754088));
#3180=CARTESIAN_POINT('',(5.74549417540855,12.5,17.4454941754088));
#3181=CARTESIAN_POINT('',(10.5000000000002,12.5,17.5454941754088));
#3182=CARTESIAN_POINT('',(5.25000000000019,12.5,17.5454941754088));
#3183=CARTESIAN_POINT('',(11.0454941754085,12.5,17.0000000000004));
#3184=CARTESIAN_POINT('Origin',(10.5000000000002,12.5,17.0000000000004));
#3185=CARTESIAN_POINT('',(11.0454941754086,12.5,-16.9999999999996));
#3186=CARTESIAN_POINT('',(11.0454941754086,12.5,-8.49999999999958));
#3187=CARTESIAN_POINT('',(10.5000000000002,12.5,-17.5454941754079));
#3188=CARTESIAN_POINT('Origin',(10.5000000000002,12.5,-16.9999999999996));
#3189=CARTESIAN_POINT('',(-10.4999999999998,12.5,-17.5454941754079));
#3190=CARTESIAN_POINT('',(-5.24999999999979,12.5,-17.5454941754079));
#3191=CARTESIAN_POINT('',(-11.0454941754081,12.5,-16.9999999999996));
#3192=CARTESIAN_POINT('Origin',(-10.4999999999998,12.5,-16.9999999999996));
#3193=CARTESIAN_POINT('',(-11.0454941754082,12.5,8.50000000000041));
#3194=CARTESIAN_POINT('Origin',(-11.0454941754082,12.4,8.50000000000041));
#3195=CARTESIAN_POINT('',(-10.9454941754082,12.4,8.97695084042005));
#3196=CARTESIAN_POINT('Origin',(-11.0454941754082,12.4,8.97695084042005));
#3197=CARTESIAN_POINT('',(-10.9454941754081,12.4,-16.9999999999996));
#3198=CARTESIAN_POINT('Origin',(-11.0454941754081,12.4,-16.9999999999996));
#3199=CARTESIAN_POINT('',(-10.9454941754082,12.4,8.50000000000041));
#3200=CARTESIAN_POINT('Origin',(2.87274708770437,12.4,17.6545058245921));
#3201=CARTESIAN_POINT('',(5.74549417540855,12.4,17.7545058245921));
#3202=CARTESIAN_POINT('Origin',(5.74549417540855,12.4,17.6545058245921));
#3203=CARTESIAN_POINT('',(10.5000000000002,12.4,17.7545058245921));
#3204=CARTESIAN_POINT('Origin',(10.5000000000002,12.4,17.6545058245921));
#3205=CARTESIAN_POINT('',(2.87274708770437,12.4,17.7545058245921));
#3206=CARTESIAN_POINT('Origin',(10.5000000000002,12.4,17.0000000000004));
#3207=CARTESIAN_POINT('',(11.2545058245918,12.4,17.0000000000004));
#3208=CARTESIAN_POINT('Origin',(11.1545058245918,12.4,17.0000000000004));
#3209=CARTESIAN_POINT('Origin',(10.5000000000002,12.4,17.0000000000004));
#3210=CARTESIAN_POINT('Origin',(11.1545058245918,12.4,8.50000000000042));
#3211=CARTESIAN_POINT('',(11.2545058245918,12.4,-16.9999999999996));
#3212=CARTESIAN_POINT('Origin',(11.1545058245918,12.4,-16.9999999999996));
#3213=CARTESIAN_POINT('',(11.2545058245918,12.4,8.50000000000042));
#3214=CARTESIAN_POINT('Origin',(10.5000000000002,12.4,-16.9999999999996));
#3215=CARTESIAN_POINT('',(10.5000000000002,12.4,-17.7545058245912));
#3216=CARTESIAN_POINT('Origin',(10.5000000000002,12.4,-17.6545058245912));
#3217=CARTESIAN_POINT('Origin',(10.5000000000002,12.4,-16.9999999999996));
#3218=CARTESIAN_POINT('Origin',(5.2500000000002,12.4,-17.6545058245912));
#3219=CARTESIAN_POINT('',(-10.4999999999998,12.4,-17.7545058245912));
#3220=CARTESIAN_POINT('Origin',(-10.4999999999998,12.4,-17.6545058245912));
#3221=CARTESIAN_POINT('',(5.2500000000002,12.4,-17.7545058245912));
#3222=CARTESIAN_POINT('Origin',(-10.4999999999998,12.4,-16.9999999999996));
#3223=CARTESIAN_POINT('Origin',(-10.4999999999998,12.4,-16.9999999999996));
#3224=CARTESIAN_POINT('Origin',(-11.1545058245914,12.4,-8.49999999999959));
#3225=CARTESIAN_POINT('',(-11.1545058245915,12.5,13.97695084042));
#3226=CARTESIAN_POINT('Origin',(-11.1545058245915,12.4,13.97695084042));
#3227=CARTESIAN_POINT('',(-11.1545058245915,12.5,17.0000000000004));
#3228=CARTESIAN_POINT('',(-11.1545058245914,12.5,-8.49999999999959));
#3229=CARTESIAN_POINT('Origin',(-11.1545058245915,12.4,17.0000000000004));
#3230=CARTESIAN_POINT('Origin',(-10.4999999999998,12.4,17.0000000000004));
#3231=CARTESIAN_POINT('',(-10.4999999999998,12.4,17.7545058245921));
#3232=CARTESIAN_POINT('',(-10.4999999999998,12.5,17.6545058245921));
#3233=CARTESIAN_POINT('Origin',(-10.4999999999998,12.4,17.6545058245921));
#3234=CARTESIAN_POINT('Origin',(-10.4999999999998,12.4,17.0000000000004));
#3235=CARTESIAN_POINT('Origin',(-10.4999999999998,12.5,17.0000000000004));
#3236=CARTESIAN_POINT('Origin',(-5.24999999999981,12.4,17.6545058245921));
#3237=CARTESIAN_POINT('',(-5.74549417540816,12.4,17.7545058245921));
#3238=CARTESIAN_POINT('',(-5.74549417540816,12.5,17.6545058245921));
#3239=CARTESIAN_POINT('Origin',(-5.74549417540816,12.4,17.6545058245921));
#3240=CARTESIAN_POINT('',(-5.24999999999981,12.4,17.7545058245921));
#3241=CARTESIAN_POINT('',(-5.24999999999981,12.5,17.6545058245921));
#3242=CARTESIAN_POINT('Origin',(-10.4999999999998,10.5,17.0000000000004));
#3243=CARTESIAN_POINT('',(-10.4999999999998,10.5,17.7545058245921));
#3244=CARTESIAN_POINT('',(-10.4999999999998,10.5,17.7545058245921));
#3245=CARTESIAN_POINT('Origin',(-10.4999999999998,10.5,17.0000000000004));
#3246=CARTESIAN_POINT('Origin',(-10.4999999999998,10.5,-16.9999999999996));
#3247=CARTESIAN_POINT('',(-10.4999999999998,10.5,-17.7545058245912));
#3248=CARTESIAN_POINT('Origin',(-10.4999999999998,10.5,-16.9999999999996));
#3249=CARTESIAN_POINT('',(-10.4999999999998,10.5,-17.7545058245912));
#3250=CARTESIAN_POINT('Origin',(10.5000000000002,10.5,-17.7545058245912));
#3251=CARTESIAN_POINT('',(10.5000000000002,10.5,-17.7545058245912));
#3252=CARTESIAN_POINT('',(5.2500000000002,10.5,-17.7545058245912));
#3253=CARTESIAN_POINT('',(10.5000000000002,10.5,-17.7545058245912));
#3254=CARTESIAN_POINT('Origin',(10.5000000000002,10.5,-16.9999999999996));
#3255=CARTESIAN_POINT('',(11.2545058245918,10.5,-16.9999999999996));
#3256=CARTESIAN_POINT('Origin',(10.5000000000002,10.5,-16.9999999999996));
#3257=CARTESIAN_POINT('',(11.2545058245918,10.5,-16.9999999999996));
#3258=CARTESIAN_POINT('Origin',(11.2545058245918,10.5,17.0000000000004));
#3259=CARTESIAN_POINT('',(11.2545058245918,10.5,17.0000000000004));
#3260=CARTESIAN_POINT('',(11.2545058245918,10.5,8.50000000000042));
#3261=CARTESIAN_POINT('',(11.2545058245918,10.5,17.0000000000004));
#3262=CARTESIAN_POINT('Origin',(10.5000000000002,10.5,17.0000000000004));
#3263=CARTESIAN_POINT('',(10.5000000000002,10.5,17.7545058245921));
#3264=CARTESIAN_POINT('Origin',(10.5000000000002,10.5,17.0000000000004));
#3265=CARTESIAN_POINT('',(10.5000000000002,10.5,17.7545058245921));
#3266=CARTESIAN_POINT('Origin',(5.74549417540855,10.5,17.7545058245921));
#3267=CARTESIAN_POINT('',(5.74549417540855,10.5,17.7545058245921));
#3268=CARTESIAN_POINT('',(2.87274708770437,10.5,17.7545058245921));
#3269=CARTESIAN_POINT('',(5.74549417540855,10.5,17.7545058245921));
#3270=CARTESIAN_POINT('Origin',(5.74549417540855,10.5,17.4454941754088));
#3271=CARTESIAN_POINT('',(5.74549417540855,10.5,17.4454941754088));
#3272=CARTESIAN_POINT('',(5.74549417540855,10.5,8.72274708770459));
#3273=CARTESIAN_POINT('',(5.74549417540855,12.4,17.4454941754088));
#3274=CARTESIAN_POINT('',(5.74549417540855,10.5,17.4454941754088));
#3275=CARTESIAN_POINT('Origin',(5.74549417540855,12.4,17.5454941754088));
#3276=CARTESIAN_POINT('Origin',(-2.87274708770399,12.4,17.5454941754088));
#3277=CARTESIAN_POINT('',(-5.74549417540816,12.5,17.5454941754088));
#3278=CARTESIAN_POINT('',(-5.74549417540816,12.4,17.4454941754088));
#3279=CARTESIAN_POINT('Origin',(-5.74549417540816,12.4,17.5454941754088));
#3280=CARTESIAN_POINT('',(-10.4999999999998,12.5,17.5454941754088));
#3281=CARTESIAN_POINT('',(-2.87274708770399,12.5,17.5454941754088));
#3282=CARTESIAN_POINT('',(-10.4999999999998,12.4,17.4454941754088));
#3283=CARTESIAN_POINT('Origin',(-10.4999999999998,12.4,17.5454941754088));
#3284=CARTESIAN_POINT('',(-2.87274708770399,12.4,17.4454941754088));
#3285=CARTESIAN_POINT('Origin',(-10.4999999999998,12.4,17.0000000000004));
#3286=CARTESIAN_POINT('',(-10.9454941754082,12.4,17.0000000000004));
#3287=CARTESIAN_POINT('',(-11.0454941754082,12.5,17.0000000000004));
#3288=CARTESIAN_POINT('Origin',(-11.0454941754082,12.4,17.0000000000004));
#3289=CARTESIAN_POINT('Origin',(-10.4999999999998,12.4,17.0000000000004));
#3290=CARTESIAN_POINT('Origin',(-10.4999999999998,12.5,17.0000000000004));
#3291=CARTESIAN_POINT('Origin',(-11.0454941754082,12.4,8.50000000000041));
#3292=CARTESIAN_POINT('',(-10.9454941754082,12.4,13.97695084042));
#3293=CARTESIAN_POINT('',(-11.0454941754082,12.5,13.97695084042));
#3294=CARTESIAN_POINT('Origin',(-11.0454941754082,12.4,13.97695084042));
#3295=CARTESIAN_POINT('',(-10.9454941754082,12.4,8.50000000000041));
#3296=CARTESIAN_POINT('',(-11.0454941754082,12.5,8.50000000000041));
#3297=CARTESIAN_POINT('Origin',(-10.4999999999998,12.4,-16.9999999999996));
#3298=CARTESIAN_POINT('',(-10.4999999999998,12.4,-17.4454941754079));
#3299=CARTESIAN_POINT('Origin',(-10.4999999999998,12.4,-17.5454941754079));
#3300=CARTESIAN_POINT('Origin',(-10.4999999999998,12.4,-16.9999999999996));
#3301=CARTESIAN_POINT('Origin',(-5.24999999999979,12.4,-17.5454941754079));
#3302=CARTESIAN_POINT('',(10.5000000000002,12.4,-17.4454941754079));
#3303=CARTESIAN_POINT('Origin',(10.5000000000002,12.4,-17.5454941754079));
#3304=CARTESIAN_POINT('',(-5.24999999999979,12.4,-17.4454941754079));
#3305=CARTESIAN_POINT('Origin',(10.5000000000002,12.4,-16.9999999999996));
#3306=CARTESIAN_POINT('',(10.9454941754086,12.4,-16.9999999999996));
#3307=CARTESIAN_POINT('Origin',(11.0454941754086,12.4,-16.9999999999996));
#3308=CARTESIAN_POINT('Origin',(10.5000000000002,12.4,-16.9999999999996));
#3309=CARTESIAN_POINT('Origin',(11.0454941754086,12.4,-8.49999999999958));
#3310=CARTESIAN_POINT('',(10.9454941754085,12.4,17.0000000000004));
#3311=CARTESIAN_POINT('Origin',(11.0454941754085,12.4,17.0000000000004));
#3312=CARTESIAN_POINT('',(10.9454941754085,12.4,-8.49999999999958));
#3313=CARTESIAN_POINT('Origin',(10.5000000000002,12.4,17.0000000000004));
#3314=CARTESIAN_POINT('',(10.5000000000002,12.4,17.4454941754088));
#3315=CARTESIAN_POINT('Origin',(10.5000000000002,12.4,17.5454941754088));
#3316=CARTESIAN_POINT('Origin',(10.5000000000002,12.4,17.0000000000004));
#3317=CARTESIAN_POINT('Origin',(5.25000000000019,12.4,17.5454941754088));
#3318=CARTESIAN_POINT('',(5.25000000000019,12.4,17.4454941754088));
#3319=CARTESIAN_POINT('Origin',(1.93178806284777E-13,12.5,4.13002965160558E-13));
#3320=CARTESIAN_POINT('',(-5.7499999999998,12.5,13.97695084042));
#3321=CARTESIAN_POINT('',(-5.74549417540816,12.5,17.7545058245921));
#3322=CARTESIAN_POINT('Origin',(10.5000000000002,10.5,17.0000000000004));
#3323=CARTESIAN_POINT('',(10.5000000000002,10.5,17.4454941754088));
#3324=CARTESIAN_POINT('',(10.5000000000002,10.5,17.4454941754088));
#3325=CARTESIAN_POINT('',(10.9454941754085,10.5,17.0000000000004));
#3326=CARTESIAN_POINT('Origin',(10.5000000000002,10.5,17.0000000000004));
#3327=CARTESIAN_POINT('',(10.9454941754085,10.5,17.0000000000004));
#3328=CARTESIAN_POINT('Origin',(10.9454941754086,10.5,-16.9999999999996));
#3329=CARTESIAN_POINT('',(10.9454941754086,10.5,-16.9999999999996));
#3330=CARTESIAN_POINT('',(10.9454941754085,10.5,-8.49999999999958));
#3331=CARTESIAN_POINT('',(10.9454941754086,10.5,-16.9999999999996));
#3332=CARTESIAN_POINT('Origin',(10.5000000000002,10.5,-16.9999999999996));
#3333=CARTESIAN_POINT('',(10.5000000000002,10.5,-17.4454941754079));
#3334=CARTESIAN_POINT('Origin',(10.5000000000002,10.5,-16.9999999999996));
#3335=CARTESIAN_POINT('',(10.5000000000002,10.5,-17.4454941754079));
#3336=CARTESIAN_POINT('Origin',(-10.4999999999998,10.5,-17.4454941754079));
#3337=CARTESIAN_POINT('',(-10.4999999999998,10.5,-17.4454941754079));
#3338=CARTESIAN_POINT('',(-5.24999999999979,10.5,-17.4454941754079));
#3339=CARTESIAN_POINT('',(-10.4999999999998,10.5,-17.4454941754079));
#3340=CARTESIAN_POINT('Origin',(-10.4999999999998,10.5,-16.9999999999996));
#3341=CARTESIAN_POINT('',(-10.9454941754081,10.5,-16.9999999999996));
#3342=CARTESIAN_POINT('Origin',(-10.4999999999998,10.5,-16.9999999999996));
#3343=CARTESIAN_POINT('',(-10.9454941754081,10.5,-16.9999999999996));
#3344=CARTESIAN_POINT('Origin',(-10.9454941754082,10.5,17.0000000000004));
#3345=CARTESIAN_POINT('',(-10.9454941754082,12.0181620568505,13.97695084042));
#3346=CARTESIAN_POINT('',(-10.9454941754082,12.7590810284253,13.97695084042));
#3347=CARTESIAN_POINT('',(-10.9454941754082,12.0181620568505,8.97695084042005));
#3348=CARTESIAN_POINT('',(-10.9454941754082,12.0181620568505,15.4884754202102));
#3349=CARTESIAN_POINT('',(-10.9454941754082,11.2590810284253,8.97695084042005));
#3350=CARTESIAN_POINT('',(-10.9454941754082,10.5,17.0000000000004));
#3351=CARTESIAN_POINT('',(-10.9454941754082,10.5,8.50000000000041));
#3352=CARTESIAN_POINT('',(-10.9454941754082,10.5,17.0000000000004));
#3353=CARTESIAN_POINT('Origin',(-10.4999999999998,10.5,17.0000000000004));
#3354=CARTESIAN_POINT('',(-10.4999999999998,10.5,17.4454941754088));
#3355=CARTESIAN_POINT('Origin',(-10.4999999999998,10.5,17.0000000000004));
#3356=CARTESIAN_POINT('',(-10.4999999999998,10.5,17.4454941754088));
#3357=CARTESIAN_POINT('Origin',(-5.74549417540816,10.5,17.4454941754088));
#3358=CARTESIAN_POINT('',(-5.74549417540816,10.5,17.4454941754088));
#3359=CARTESIAN_POINT('',(-2.87274708770399,10.5,17.4454941754088));
#3360=CARTESIAN_POINT('',(-5.74549417540816,10.5,17.4454941754088));
#3361=CARTESIAN_POINT('Origin',(-5.74549417540816,10.5,17.7545058245921));
#3362=CARTESIAN_POINT('',(-5.74549417540816,10.5,17.7545058245921));
#3363=CARTESIAN_POINT('',(-5.74549417540816,10.5,8.87725291229624));
#3364=CARTESIAN_POINT('',(-5.74549417540816,10.5,17.7545058245921));
#3365=CARTESIAN_POINT('Origin',(-10.4999999999998,10.5,17.7545058245921));
#3366=CARTESIAN_POINT('',(-5.24999999999981,10.5,17.7545058245921));
#3367=CARTESIAN_POINT('Origin',(10.5000000000002,10.5,17.4454941754088));
#3368=CARTESIAN_POINT('',(5.25000000000019,10.5,17.4454941754088));
#3369=CARTESIAN_POINT('Origin',(-11.4999999999998,12.0181620568505,8.97695084042005));
#3370=CARTESIAN_POINT('',(-10.6999999999998,12.0181620568505,8.97695084042005));
#3371=CARTESIAN_POINT('',(-11.4999999999998,12.0181620568505,8.97695084042005));
#3372=CARTESIAN_POINT('',(-10.6999999999998,15.0181620568505,8.97695084042005));
#3373=CARTESIAN_POINT('',(-10.6999999999998,6.00908102842526,8.97695084042005));
#3374=CARTESIAN_POINT('',(-11.4999999999998,15.0181620568505,8.97695084042005));
#3375=CARTESIAN_POINT('',(-11.4999999999998,15.0181620568505,8.97695084042005));
#3376=CARTESIAN_POINT('',(-11.4999999999998,12.0181620568505,8.97695084042005));
#3377=CARTESIAN_POINT('',(-11.4999999999998,6.00908102842526,8.97695084042005));
#3378=CARTESIAN_POINT('',(-11.4999999999998,12.0181620568505,8.97695084042005));
#3379=CARTESIAN_POINT('Origin',(-11.4999999999998,12.0181620568505,13.97695084042));
#3380=CARTESIAN_POINT('',(-10.6999999999998,12.0181620568505,13.97695084042));
#3381=CARTESIAN_POINT('',(-11.4999999999998,12.0181620568505,13.97695084042));
#3382=CARTESIAN_POINT('',(-10.6999999999998,12.0181620568505,-2.01152457978977));
#3383=CARTESIAN_POINT('Origin',(-11.4999999999998,12.0181620568505,13.97695084042));
#3384=CARTESIAN_POINT('',(-11.4999999999998,12.0181620568505,13.97695084042));
#3385=CARTESIAN_POINT('',(-11.4999999999998,12.0181620568505,-2.01152457978977));
#3386=CARTESIAN_POINT('',(-11.4999999999998,12.0181620568505,13.97695084042));
#3387=CARTESIAN_POINT('Origin',(-9.6999999999998,8.72299237866731,6.01437298699968));
#3388=CARTESIAN_POINT('',(-10.6999999999998,8.5,6.01437298699968));
#3389=CARTESIAN_POINT('',(-10.6999999999998,10.5,6.01437298699968));
#3390=CARTESIAN_POINT('',(-10.6999999999998,8.,6.01437298699968));
#3391=CARTESIAN_POINT('',(-10.6999999999998,11.7229923786673,6.01437298699968));
#3392=CARTESIAN_POINT('',(-10.6999999999998,4.36149618933366,6.01437298699969));
#3393=CARTESIAN_POINT('',(-8.69999999999979,9.72299237866731,6.01437298699968));
#3394=CARTESIAN_POINT('',(-9.19999999999979,10.2229923786673,6.01437298699968));
#3395=CARTESIAN_POINT('',(-8.69999999999979,5.72299237866731,6.01437298699968));
#3396=CARTESIAN_POINT('',(-8.69999999999979,11.7229923786673,6.01437298699968));
#3397=CARTESIAN_POINT('',(-10.4395347478387,5.7229923786673,6.01437298699968));
#3398=CARTESIAN_POINT('',(-8.69999999999979,5.72299237866731,6.01437298699968));
#3399=CARTESIAN_POINT('',(-11.3395347478387,6.6229923786673,6.01437298699968));
#3400=CARTESIAN_POINT('',(-11.254651060879,6.53810869170758,6.01437298699968));
#3401=CARTESIAN_POINT('',(-11.3395347478387,8.,6.01437298699968));
#3402=CARTESIAN_POINT('',(-11.3395347478387,8.36149618933366,6.01437298699968));
#3403=CARTESIAN_POINT('',(-11.1999999999998,8.,6.01437298699968));
#3404=CARTESIAN_POINT('',(-11.4395347478387,8.,6.01437298699968));
#3405=CARTESIAN_POINT('Origin',(-11.1999999999998,8.5,6.01437298699968));
#3406=CARTESIAN_POINT('Origin',(11.1999999999998,8.5,6.01437298699968));
#3407=CARTESIAN_POINT('',(11.1999999999998,8.,6.01437298699968));
#3408=CARTESIAN_POINT('',(10.6999999999998,8.5,6.01437298699968));
#3409=CARTESIAN_POINT('Origin',(11.1999999999998,8.5,6.01437298699968));
#3410=CARTESIAN_POINT('',(10.6999999999998,8.5,11.0143729869997));
#3411=CARTESIAN_POINT('',(10.6999999999998,8.5,6.01437298699968));
#3412=CARTESIAN_POINT('',(11.1999999999998,8.00000000000001,11.0143729869997));
#3413=CARTESIAN_POINT('Origin',(11.1999999999998,8.50000000000001,11.0143729869997));
#3414=CARTESIAN_POINT('',(11.1999999999998,8.,6.01437298699968));
#3415=CARTESIAN_POINT('Origin',(10.6999999999998,11.7229923786673,6.01437298699968));
#3416=CARTESIAN_POINT('',(10.6999999999998,10.5,6.01437298699968));
#3417=CARTESIAN_POINT('',(10.6999999999998,8.,6.01437298699968));
#3418=CARTESIAN_POINT('',(10.6999999999998,10.5,11.0143729869997));
#3419=CARTESIAN_POINT('',(10.7000000000002,10.5,9.00000000000042));
#3420=CARTESIAN_POINT('',(10.6999999999998,8.00000000000001,11.0143729869997));
#3421=CARTESIAN_POINT('Origin',(9.69999999999979,10.7229923786673,6.01437298699968));
#3422=CARTESIAN_POINT('',(8.69999999999979,9.72299237866731,11.0143729869997));
#3423=CARTESIAN_POINT('',(10.6999999999998,11.7229923786673,11.0143729869997));
#3424=CARTESIAN_POINT('',(9.19999999999979,10.2229923786673,11.0143729869997));
#3425=CARTESIAN_POINT('',(10.6999999999998,11.7229923786673,6.01437298699968));
#3426=CARTESIAN_POINT('',(10.7000000000002,11.7229923786673,12.0071864935));
#3427=CARTESIAN_POINT('',(8.69999999999979,9.72299237866731,6.01437298699968));
#3428=CARTESIAN_POINT('',(9.19999999999979,10.2229923786673,6.01437298699968));
#3429=CARTESIAN_POINT('',(8.69999999999979,9.72299237866731,6.01437298699968));
#3430=CARTESIAN_POINT('Origin',(8.69999999999979,5.72299237866731,6.01437298699968));
#3431=CARTESIAN_POINT('',(8.69999999999979,5.72299237866731,6.01437298699968));
#3432=CARTESIAN_POINT('',(8.69999999999979,11.7229923786673,6.01437298699968));
#3433=CARTESIAN_POINT('',(8.69999999999979,5.72299237866731,11.0143729869997));
#3434=CARTESIAN_POINT('',(8.69999999999979,5.72299237866731,6.01437298699968));
#3435=CARTESIAN_POINT('',(8.69999999999979,11.7229923786673,11.0143729869997));
#3436=CARTESIAN_POINT('Origin',(9.6999999999998,8.72299237866731,6.01437298699968));
#3437=CARTESIAN_POINT('',(10.4395347478387,5.7229923786673,6.01437298699968));
#3438=CARTESIAN_POINT('',(11.3395347478387,6.6229923786673,6.01437298699968));
#3439=CARTESIAN_POINT('',(11.254651060879,6.53810869170758,6.01437298699968));
#3440=CARTESIAN_POINT('',(8.69999999999979,5.72299237866731,6.01437298699968));
#3441=CARTESIAN_POINT('',(10.7000000000002,4.36149618933365,6.01437298699969));
#3442=CARTESIAN_POINT('',(11.3395347478387,8.,6.01437298699968));
#3443=CARTESIAN_POINT('',(11.4395347478387,8.,6.01437298699968));
#3444=CARTESIAN_POINT('',(11.3395347478387,8.36149618933366,6.01437298699968));
#3445=CARTESIAN_POINT('Origin',(11.3895347478387,8.36149618933366,6.06437298699968));
#3446=CARTESIAN_POINT('',(11.4395347478387,7.9,6.11437298699968));
#3447=CARTESIAN_POINT('',(11.4395347478387,6.8229923786673,6.11437298699968));
#3448=CARTESIAN_POINT('',(11.4395347478387,8.36149618933366,6.11437298699968));
#3449=CARTESIAN_POINT('',(11.36882406972,6.65228170054865,6.04366230888103));
#3450=CARTESIAN_POINT('',(11.4395347478387,6.8229923786673,6.11437298699968));
#3451=CARTESIAN_POINT('',(11.5126187162831,6.7960763471117,6.18745695544407));
#3452=CARTESIAN_POINT('',(11.3395347478387,8.,6.01437298699968));
#3453=CARTESIAN_POINT('Origin',(11.4041794087794,6.73763703960797,6.01437298699968));
#3454=CARTESIAN_POINT('',(11.36882406972,6.65228170054865,10.9850836651183));
#3455=CARTESIAN_POINT('',(11.36882406972,6.65228170054865,6.01437298699968));
#3456=CARTESIAN_POINT('',(11.4395347478387,6.8229923786673,10.9143729869997));
#3457=CARTESIAN_POINT('',(11.4395347478387,6.8229923786673,6.01437298699968));
#3458=CARTESIAN_POINT('',(11.4395347478387,6.8229923786673,10.9143729869997));
#3459=CARTESIAN_POINT('Origin',(11.3895347478387,8.36149618933366,10.9643729869997));
#3460=CARTESIAN_POINT('',(11.3395347478387,8.00000000000001,11.0143729869997));
#3461=CARTESIAN_POINT('',(11.3395347478387,6.62299237866731,11.0143729869997));
#3462=CARTESIAN_POINT('',(11.3395347478387,8.36149618933366,11.0143729869997));
#3463=CARTESIAN_POINT('',(12.3459520496164,7.62940968044502,10.007955685222));
#3464=CARTESIAN_POINT('',(11.4395347478387,7.9,10.9143729869997));
#3465=CARTESIAN_POINT('',(11.4395347478387,8.36149618933366,10.9143729869997));
#3466=CARTESIAN_POINT('',(11.3395347478387,8.00000000000001,11.0143729869997));
#3467=CARTESIAN_POINT('Origin',(11.3895347478387,7.95,6.01437298699968));
#3468=CARTESIAN_POINT('',(11.4395347478387,7.9,6.01437298699968));
#3469=CARTESIAN_POINT('',(11.3395347478387,8.,6.01437298699968));
#3470=CARTESIAN_POINT('Origin',(10.6999999999998,8.,6.01437298699968));
#3471=CARTESIAN_POINT('',(11.4395347478387,8.00000000000001,11.0143729869997));
#3472=CARTESIAN_POINT('Origin',(11.4395347478387,8.,6.01437298699968));
#3473=CARTESIAN_POINT('Origin',(10.9395347478387,6.2229923786673,6.01437298699968));
#3474=CARTESIAN_POINT('',(10.4395347478387,5.72299237866731,11.0143729869997));
#3475=CARTESIAN_POINT('',(11.254651060879,6.53810869170758,11.0143729869997));
#3476=CARTESIAN_POINT('',(10.4395347478387,5.7229923786673,6.01437298699968));
#3477=CARTESIAN_POINT('Origin',(11.4395347478387,5.7229923786673,6.01437298699968));
#3478=CARTESIAN_POINT('',(8.69999999999979,5.72299237866731,11.0143729869997));
#3479=CARTESIAN_POINT('Origin',(9.6999999999998,8.72299237866731,11.0143729869997));
#3480=CARTESIAN_POINT('',(10.7000000000002,4.36149618933365,11.0143729869997));
#3481=CARTESIAN_POINT('Origin',(-11.1999999999998,8.5,6.01437298699968));
#3482=CARTESIAN_POINT('',(-11.1999999999998,8.00000000000001,11.0143729869997));
#3483=CARTESIAN_POINT('',(-11.1999999999998,8.,6.01437298699968));
#3484=CARTESIAN_POINT('',(-10.6999999999998,8.5,11.0143729869997));
#3485=CARTESIAN_POINT('Origin',(-11.1999999999998,8.50000000000001,11.0143729869997));
#3486=CARTESIAN_POINT('',(-10.6999999999998,8.5,6.01437298699968));
#3487=CARTESIAN_POINT('Origin',(-10.6999999999998,8.,6.01437298699968));
#3488=CARTESIAN_POINT('',(-11.3395347478387,8.00000000000001,11.0143729869997));
#3489=CARTESIAN_POINT('',(-11.3395347478387,8.,6.01437298699968));
#3490=CARTESIAN_POINT('',(-11.4395347478387,8.00000000000001,11.0143729869997));
#3491=CARTESIAN_POINT('Origin',(-9.69999999999979,10.7229923786673,6.01437298699968));
#3492=CARTESIAN_POINT('',(-10.6999999999998,11.7229923786673,11.0143729869997));
#3493=CARTESIAN_POINT('',(-8.69999999999979,9.72299237866731,11.0143729869997));
#3494=CARTESIAN_POINT('',(-9.19999999999979,10.2229923786673,11.0143729869997));
#3495=CARTESIAN_POINT('',(-8.69999999999979,9.72299237866731,6.01437298699968));
#3496=CARTESIAN_POINT('',(-10.6999999999998,11.7229923786673,-5.99281350649996));
#3497=CARTESIAN_POINT('Origin',(-8.69999999999979,5.72299237866731,6.01437298699968));
#3498=CARTESIAN_POINT('',(-8.69999999999979,5.72299237866731,11.0143729869997));
#3499=CARTESIAN_POINT('',(-8.69999999999979,11.7229923786673,11.0143729869997));
#3500=CARTESIAN_POINT('',(-8.69999999999979,5.72299237866731,6.01437298699968));
#3501=CARTESIAN_POINT('Origin',(-9.6999999999998,8.72299237866731,11.0143729869997));
#3502=CARTESIAN_POINT('',(-10.6999999999998,10.5,11.0143729869997));
#3503=CARTESIAN_POINT('',(-10.6999999999998,4.36149618933366,11.0143729869997));
#3504=CARTESIAN_POINT('',(-10.6999999999998,8.00000000000001,11.0143729869997));
#3505=CARTESIAN_POINT('',(-11.3395347478387,6.62299237866731,11.0143729869997));
#3506=CARTESIAN_POINT('',(-11.3395347478387,8.36149618933366,11.0143729869997));
#3507=CARTESIAN_POINT('',(-10.4395347478387,5.72299237866731,11.0143729869997));
#3508=CARTESIAN_POINT('',(-11.254651060879,6.53810869170758,11.0143729869997));
#3509=CARTESIAN_POINT('',(-8.69999999999979,5.72299237866731,11.0143729869997));
#3510=CARTESIAN_POINT('Origin',(-11.3895347478387,8.36149618933366,6.06437298699968));
#3511=CARTESIAN_POINT('',(-11.36882406972,6.65228170054865,6.04366230888103));
#3512=CARTESIAN_POINT('',(-11.5126187162831,6.7960763471117,6.18745695544407));
#3513=CARTESIAN_POINT('',(-11.4395347478387,6.8229923786673,6.11437298699968));
#3514=CARTESIAN_POINT('',(-11.36882406972,6.65228170054865,6.04366230888103));
#3515=CARTESIAN_POINT('',(-11.4395347478387,7.9,6.11437298699968));
#3516=CARTESIAN_POINT('',(-11.4395347478387,8.36149618933366,6.11437298699968));
#3517=CARTESIAN_POINT('',(-11.4395347478387,7.9,6.11437298699968));
#3518=CARTESIAN_POINT('Origin',(-11.3895347478387,8.36149618933366,10.9643729869997));
#3519=CARTESIAN_POINT('',(-11.4395347478387,7.9,10.9143729869997));
#3520=CARTESIAN_POINT('',(-11.4395347478387,6.8229923786673,10.9143729869997));
#3521=CARTESIAN_POINT('',(-11.4395347478387,8.36149618933366,10.9143729869997));
#3522=CARTESIAN_POINT('',(-11.36882406972,6.65228170054865,10.9850836651183));
#3523=CARTESIAN_POINT('',(-11.4395347478387,6.8229923786673,10.9143729869997));
#3524=CARTESIAN_POINT('',(-12.3459520496164,7.62940968044502,10.007955685222));
#3525=CARTESIAN_POINT('',(-11.4395347478387,7.9,10.9143729869997));
#3526=CARTESIAN_POINT('Origin',(-11.4041794087794,6.73763703960797,6.01437298699968));
#3527=CARTESIAN_POINT('',(-11.36882406972,6.65228170054865,6.01437298699968));
#3528=CARTESIAN_POINT('',(-11.4395347478387,6.8229923786673,6.01437298699968));
#3529=CARTESIAN_POINT('Origin',(-11.3895347478387,7.95,6.01437298699968));
#3530=CARTESIAN_POINT('',(-11.4395347478387,7.9,6.01437298699968));
#3531=CARTESIAN_POINT('Origin',(-11.4395347478387,8.,6.01437298699968));
#3532=CARTESIAN_POINT('Origin',(-10.9395347478387,6.2229923786673,6.01437298699968));
#3533=CARTESIAN_POINT('',(-10.4395347478387,5.7229923786673,6.01437298699968));
#3534=CARTESIAN_POINT('Origin',(-11.4395347478387,5.7229923786673,6.01437298699968));
#3535=CARTESIAN_POINT('Origin',(-10.6999999999998,11.7229923786673,6.01437298699968));
#3536=CARTESIAN_POINT('',(-10.6999999999998,10.5,-8.99999999999959));
#3537=CARTESIAN_POINT('Origin',(1.93178806284777E-13,10.5,4.14113188185183E-13));
#3538=CARTESIAN_POINT('',(-10.4999999999998,10.5,-17.9999999999996));
#3539=CARTESIAN_POINT('',(-11.4999999999998,10.5,-16.9999999999996));
#3540=CARTESIAN_POINT('Origin',(-10.4999999999998,10.5,-16.9999999999996));
#3541=CARTESIAN_POINT('',(10.5000000000002,10.5,-17.9999999999996));
#3542=CARTESIAN_POINT('',(5.7500000000002,10.5,-17.9999999999996));
#3543=CARTESIAN_POINT('',(11.5000000000002,10.5,-16.9999999999996));
#3544=CARTESIAN_POINT('Origin',(10.5000000000002,10.5,-16.9999999999996));
#3545=CARTESIAN_POINT('',(11.5000000000002,10.5,17.0000000000004));
#3546=CARTESIAN_POINT('',(11.5000000000002,10.5,9.00000000000042));
#3547=CARTESIAN_POINT('',(10.5000000000002,10.5,18.0000000000004));
#3548=CARTESIAN_POINT('Origin',(10.5000000000002,10.5,17.0000000000004));
#3549=CARTESIAN_POINT('',(5.5000000000002,10.5,18.0000000000004));
#3550=CARTESIAN_POINT('',(-5.74999999999981,10.5,18.0000000000004));
#3551=CARTESIAN_POINT('',(5.5000000000002,10.5,17.2000000000004));
#3552=CARTESIAN_POINT('',(5.5000000000002,10.5,9.00000000000041));
#3553=CARTESIAN_POINT('',(10.5000000000002,10.5,17.2000000000004));
#3554=CARTESIAN_POINT('',(-5.74999999999981,10.5,17.2000000000004));
#3555=CARTESIAN_POINT('',(10.7000000000002,10.5,17.0000000000004));
#3556=CARTESIAN_POINT('Origin',(10.5000000000002,10.5,17.0000000000004));
#3557=CARTESIAN_POINT('',(10.7000000000002,10.5,9.00000000000042));
#3558=CARTESIAN_POINT('',(10.7000000000002,10.5,-16.9999999999996));
#3559=CARTESIAN_POINT('',(10.7000000000002,10.5,9.00000000000042));
#3560=CARTESIAN_POINT('',(10.5000000000002,10.5,-17.1999999999996));
#3561=CARTESIAN_POINT('Origin',(10.5000000000002,10.5,-16.9999999999996));
#3562=CARTESIAN_POINT('',(-10.4999999999998,10.5,-17.1999999999996));
#3563=CARTESIAN_POINT('',(5.7500000000002,10.5,-17.1999999999996));
#3564=CARTESIAN_POINT('',(-10.6999999999998,10.5,-16.9999999999996));
#3565=CARTESIAN_POINT('Origin',(-10.4999999999998,10.5,-16.9999999999996));
#3566=CARTESIAN_POINT('',(-10.6999999999998,10.5,-8.99999999999959));
#3567=CARTESIAN_POINT('',(-10.6999999999998,10.5,17.0000000000004));
#3568=CARTESIAN_POINT('',(-10.6999999999998,10.5,-8.99999999999959));
#3569=CARTESIAN_POINT('',(-10.4999999999998,10.5,17.2000000000004));
#3570=CARTESIAN_POINT('Origin',(-10.4999999999998,10.5,17.0000000000004));
#3571=CARTESIAN_POINT('',(-5.4999999999998,10.5,17.2000000000004));
#3572=CARTESIAN_POINT('',(-5.74999999999981,10.5,17.2000000000004));
#3573=CARTESIAN_POINT('',(-5.4999999999998,10.5,18.0000000000004));
#3574=CARTESIAN_POINT('',(-5.4999999999998,10.5,9.00000000000041));
#3575=CARTESIAN_POINT('',(-10.4999999999998,10.5,18.0000000000004));
#3576=CARTESIAN_POINT('',(-5.74999999999981,10.5,18.0000000000004));
#3577=CARTESIAN_POINT('',(-11.4999999999998,10.5,17.0000000000004));
#3578=CARTESIAN_POINT('Origin',(-10.4999999999998,10.5,17.0000000000004));
#3579=CARTESIAN_POINT('',(-11.4999999999998,10.5,-8.99999999999959));
#3580=CARTESIAN_POINT('Origin',(10.5000000000002,0.,-16.9999999999996));
#3581=CARTESIAN_POINT('',(10.7000000000002,20.,-16.9999999999996));
#3582=CARTESIAN_POINT('',(10.7000000000002,0.,-16.9999999999996));
#3583=CARTESIAN_POINT('',(10.5000000000002,20.,-17.1999999999996));
#3584=CARTESIAN_POINT('Origin',(10.5000000000002,20.,-16.9999999999996));
#3585=CARTESIAN_POINT('',(10.5000000000002,0.,-17.1999999999996));
#3586=CARTESIAN_POINT('Origin',(10.7000000000002,0.,18.0000000000004));
#3587=CARTESIAN_POINT('',(10.7000000000002,20.,17.0000000000004));
#3588=CARTESIAN_POINT('',(10.7000000000002,0.,17.0000000000004));
#3589=CARTESIAN_POINT('',(10.7000000000002,20.,9.00000000000042));
#3590=CARTESIAN_POINT('Origin',(10.5000000000002,0.,17.0000000000004));
#3591=CARTESIAN_POINT('',(10.5000000000002,20.,17.2000000000004));
#3592=CARTESIAN_POINT('',(10.5000000000002,0.,17.2000000000004));
#3593=CARTESIAN_POINT('Origin',(10.5000000000002,20.,17.0000000000004));
#3594=CARTESIAN_POINT('Origin',(5.50000000000019,19.5440106615029,18.0000000000004));
#3595=CARTESIAN_POINT('',(5.50000000000019,19.5440106615029,18.0000000000004));
#3596=CARTESIAN_POINT('',(5.5000000000002,9.77200533075147,18.0000000000004));
#3597=CARTESIAN_POINT('',(5.50000000000019,19.5440106615029,17.2000000000004));
#3598=CARTESIAN_POINT('',(5.50000000000019,19.5440106615029,18.0000000000004));
#3599=CARTESIAN_POINT('',(5.5000000000002,9.77200533075147,17.2000000000004));
#3600=CARTESIAN_POINT('Origin',(-11.4999999999998,0.,17.2000000000004));
#3601=CARTESIAN_POINT('',(-5.4999999999998,19.5440106615029,17.2000000000004));
#3602=CARTESIAN_POINT('',(-8.49999999999981,19.5440106615029,17.2000000000004));
#3603=CARTESIAN_POINT('',(-5.49999999999981,4.77200533075147,17.2000000000004));
#3604=CARTESIAN_POINT('',(-10.4999999999998,20.,17.2000000000004));
#3605=CARTESIAN_POINT('',(-10.4999999999998,0.,17.2000000000004));
#3606=CARTESIAN_POINT('',(-5.74999999999981,20.,17.2000000000004));
#3607=CARTESIAN_POINT('Origin',(10.5000000000002,0.,17.0000000000004));
#3608=CARTESIAN_POINT('',(11.5000000000002,20.,17.0000000000004));
#3609=CARTESIAN_POINT('',(11.5000000000002,0.,17.0000000000004));
#3610=CARTESIAN_POINT('',(10.5000000000002,20.,18.0000000000004));
#3611=CARTESIAN_POINT('Origin',(10.5000000000002,20.,17.0000000000004));
#3612=CARTESIAN_POINT('',(10.5000000000002,0.,18.0000000000004));
#3613=CARTESIAN_POINT('Origin',(-11.4999999999998,0.,18.0000000000004));
#3614=CARTESIAN_POINT('',(-10.4999999999998,20.,18.0000000000004));
#3615=CARTESIAN_POINT('',(-5.74999999999981,20.,18.0000000000004));
#3616=CARTESIAN_POINT('',(-10.4999999999998,0.,18.0000000000004));
#3617=CARTESIAN_POINT('',(-5.4999999999998,19.5440106615029,18.0000000000004));
#3618=CARTESIAN_POINT('',(-5.49999999999981,4.77200533075147,18.0000000000004));
#3619=CARTESIAN_POINT('',(-8.49999999999981,19.5440106615029,18.0000000000004));
#3620=CARTESIAN_POINT('Origin',(11.5000000000002,0.,18.0000000000004));
#3621=CARTESIAN_POINT('',(11.5000000000002,20.,-16.9999999999996));
#3622=CARTESIAN_POINT('',(11.5000000000002,0.,-16.9999999999996));
#3623=CARTESIAN_POINT('',(11.5000000000002,20.,9.00000000000042));
#3624=CARTESIAN_POINT('Origin',(10.5000000000002,0.,-16.9999999999996));
#3625=CARTESIAN_POINT('',(10.5000000000002,20.,-17.9999999999996));
#3626=CARTESIAN_POINT('',(10.5000000000002,0.,-17.9999999999996));
#3627=CARTESIAN_POINT('Origin',(10.5000000000002,20.,-16.9999999999996));
#3628=CARTESIAN_POINT('Origin',(11.5000000000002,0.,-17.9999999999996));
#3629=CARTESIAN_POINT('',(-10.4999999999998,20.,-17.9999999999996));
#3630=CARTESIAN_POINT('',(-10.4999999999998,0.,-17.9999999999996));
#3631=CARTESIAN_POINT('',(5.7500000000002,20.,-17.9999999999996));
#3632=CARTESIAN_POINT('Origin',(-11.4999999999998,15.0181620568505,13.97695084042));
#3633=CARTESIAN_POINT('',(-11.4999999999998,15.0181620568505,13.97695084042));
#3634=CARTESIAN_POINT('',(-11.4999999999998,7.50908102842526,13.97695084042));
#3635=CARTESIAN_POINT('',(-10.6999999999998,15.0181620568505,13.97695084042));
#3636=CARTESIAN_POINT('',(-11.4999999999998,15.0181620568505,13.97695084042));
#3637=CARTESIAN_POINT('',(-10.6999999999998,7.50908102842526,13.97695084042));
#3638=CARTESIAN_POINT('Origin',(-11.4999999999998,15.0181620568505,8.97695084042005));
#3639=CARTESIAN_POINT('',(-10.6999999999998,15.0181620568505,-4.51152457978977));
#3640=CARTESIAN_POINT('',(-11.4999999999998,15.0181620568505,-4.51152457978977));
#3641=CARTESIAN_POINT('Origin',(-8.99646423301332,21.,9.00000000000041));
#3642=CARTESIAN_POINT('',(-3.99646423301332,20.2,9.00000000000041));
#3643=CARTESIAN_POINT('',(-8.99646423301332,20.2,9.00000000000041));
#3644=CARTESIAN_POINT('',(-4.49823211650656,20.2,9.00000000000041));
#3645=CARTESIAN_POINT('',(-3.99646423301332,21.,9.00000000000041));
#3646=CARTESIAN_POINT('',(-3.99646423301332,21.,9.00000000000041));
#3647=CARTESIAN_POINT('',(-8.99646423301332,21.,9.00000000000041));
#3648=CARTESIAN_POINT('',(-4.49823211650656,21.,9.00000000000041));
#3649=CARTESIAN_POINT('',(-8.99646423301332,21.,9.00000000000041));
#3650=CARTESIAN_POINT('Origin',(-8.99646423301332,21.,14.0000000000004));
#3651=CARTESIAN_POINT('',(-8.99646423301332,20.2,14.0000000000004));
#3652=CARTESIAN_POINT('',(-8.99646423301332,20.2,7.00000000000041));
#3653=CARTESIAN_POINT('',(-8.99646423301332,21.,14.0000000000004));
#3654=CARTESIAN_POINT('',(-8.99646423301332,21.,7.00000000000041));
#3655=CARTESIAN_POINT('',(-8.99646423301332,21.,14.0000000000004));
#3656=CARTESIAN_POINT('Origin',(-3.99646423301332,21.,14.0000000000004));
#3657=CARTESIAN_POINT('',(-3.99646423301332,20.2,14.0000000000004));
#3658=CARTESIAN_POINT('',(-1.99823211650656,20.2,14.0000000000004));
#3659=CARTESIAN_POINT('',(-3.99646423301332,21.,14.0000000000004));
#3660=CARTESIAN_POINT('',(-1.99823211650656,21.,14.0000000000004));
#3661=CARTESIAN_POINT('',(-3.99646423301332,21.,14.0000000000004));
#3662=CARTESIAN_POINT('Origin',(-3.99646423301332,21.,9.00000000000041));
#3663=CARTESIAN_POINT('',(-3.99646423301332,20.2,4.50000000000041));
#3664=CARTESIAN_POINT('',(-3.99646423301332,21.,4.50000000000041));
#3665=CARTESIAN_POINT('Origin',(9.03842554692925,21.,14.0000000000004));
#3666=CARTESIAN_POINT('',(4.03842554692925,20.2,14.0000000000004));
#3667=CARTESIAN_POINT('',(9.03842554692925,20.2,14.0000000000004));
#3668=CARTESIAN_POINT('',(4.51921277346472,20.2,14.0000000000004));
#3669=CARTESIAN_POINT('',(4.03842554692925,21.,14.0000000000004));
#3670=CARTESIAN_POINT('',(4.03842554692925,21.,14.0000000000004));
#3671=CARTESIAN_POINT('',(9.03842554692925,21.,14.0000000000004));
#3672=CARTESIAN_POINT('',(4.51921277346472,21.,14.0000000000004));
#3673=CARTESIAN_POINT('',(9.03842554692925,21.,14.0000000000004));
#3674=CARTESIAN_POINT('Origin',(9.03842554692925,21.,8.96276945033108));
#3675=CARTESIAN_POINT('',(9.03842554692925,20.2,8.96276945033108));
#3676=CARTESIAN_POINT('',(9.03842554692926,20.2,4.48138472516575));
#3677=CARTESIAN_POINT('',(9.03842554692925,21.,8.96276945033108));
#3678=CARTESIAN_POINT('',(9.03842554692926,21.,4.48138472516575));
#3679=CARTESIAN_POINT('',(9.03842554692925,21.,8.96276945033108));
#3680=CARTESIAN_POINT('Origin',(4.03842554692925,21.,9.0016306266174));
#3681=CARTESIAN_POINT('',(4.03842554692925,20.2,9.0016306266174));
#3682=CARTESIAN_POINT('',(2.0543140244256,20.2,9.01705160814695));
#3683=CARTESIAN_POINT('',(4.03842554692925,21.,9.0016306266174));
#3684=CARTESIAN_POINT('',(2.0543140244256,21.,9.01705160814695));
#3685=CARTESIAN_POINT('',(4.03842554692925,21.,9.0016306266174));
#3686=CARTESIAN_POINT('Origin',(4.03842554692925,21.,14.0000000000004));
#3687=CARTESIAN_POINT('',(4.03842554692925,20.2,7.00000000000042));
#3688=CARTESIAN_POINT('',(4.03842554692925,21.,7.00000000000042));
#3689=CARTESIAN_POINT('Origin',(-9.,21.,-16.1591162291307));
#3690=CARTESIAN_POINT('',(9.,20.2,-16.1591162291307));
#3691=CARTESIAN_POINT('',(-9.,20.2,-16.1591162291307));
#3692=CARTESIAN_POINT('',(-4.4999999999999,20.2,-16.1591162291307));
#3693=CARTESIAN_POINT('',(9.,21.,-16.1591162291307));
#3694=CARTESIAN_POINT('',(9.,21.,-16.1591162291307));
#3695=CARTESIAN_POINT('',(-9.,21.,-16.1591162291307));
#3696=CARTESIAN_POINT('',(-4.4999999999999,21.,-16.1591162291307));
#3697=CARTESIAN_POINT('',(-9.,21.,-16.1591162291307));
#3698=CARTESIAN_POINT('Origin',(-9.,21.,8.14088377086927));
#3699=CARTESIAN_POINT('',(-9.,20.2,8.14088377086927));
#3700=CARTESIAN_POINT('',(-9.,20.2,4.07044188543484));
#3701=CARTESIAN_POINT('',(-9.,21.,8.14088377086927));
#3702=CARTESIAN_POINT('',(-9.,21.,4.07044188543484));
#3703=CARTESIAN_POINT('',(-9.,21.,8.14088377086927));
#3704=CARTESIAN_POINT('Origin',(8.99999999999998,21.,8.14088377086927));
#3705=CARTESIAN_POINT('',(8.99999999999998,20.2,8.14088377086927));
#3706=CARTESIAN_POINT('',(4.50000000000009,20.2,8.14088377086927));
#3707=CARTESIAN_POINT('',(8.99999999999998,21.,8.14088377086927));
#3708=CARTESIAN_POINT('',(4.50000000000009,21.,8.14088377086927));
#3709=CARTESIAN_POINT('',(8.99999999999998,21.,8.14088377086927));
#3710=CARTESIAN_POINT('Origin',(9.,21.,-16.1591162291307));
#3711=CARTESIAN_POINT('',(9.,20.2,-8.07955811456516));
#3712=CARTESIAN_POINT('',(9.,21.,-8.07955811456516));
#3713=CARTESIAN_POINT('Origin',(-5.4999999999998,19.5440106615029,18.0000000000004));
#3714=CARTESIAN_POINT('',(-5.4999999999998,19.5440106615029,18.0000000000004));
#3715=CARTESIAN_POINT('Origin',(-5.4999999999998,9.54401066150293,18.0000000000004));
#3716=CARTESIAN_POINT('Origin',(-10.4999999999998,20.,-16.9999999999996));
#3717=CARTESIAN_POINT('',(-10.4999999999998,20.,-17.1999999999996));
#3718=CARTESIAN_POINT('',(-10.4999999999998,20.2,-16.9999999999996));
#3719=CARTESIAN_POINT('Origin',(-10.4999999999998,20.,-16.9999999999996));
#3720=CARTESIAN_POINT('',(-10.6999999999998,20.,-16.9999999999996));
#3721=CARTESIAN_POINT('Origin',(-10.4999999999998,20.,-16.9999999999996));
#3722=CARTESIAN_POINT('Origin',(-10.4999999999998,20.,-16.9999999999996));
#3723=CARTESIAN_POINT('Origin',(-10.4999999999998,20.,17.0000000000004));
#3724=CARTESIAN_POINT('',(-10.6999999999998,20.,17.0000000000004));
#3725=CARTESIAN_POINT('',(-10.4999999999998,20.2,17.0000000000004));
#3726=CARTESIAN_POINT('Origin',(-10.4999999999998,20.,17.0000000000004));
#3727=CARTESIAN_POINT('Origin',(-10.4999999999998,20.,17.0000000000004));
#3728=CARTESIAN_POINT('Origin',(-10.4999999999998,20.,17.0000000000004));
#3729=CARTESIAN_POINT('Origin',(10.5000000000002,20.,-16.9999999999996));
#3730=CARTESIAN_POINT('',(10.5000000000002,20.2,-16.9999999999996));
#3731=CARTESIAN_POINT('Origin',(10.5000000000002,20.,-16.9999999999996));
#3732=CARTESIAN_POINT('Origin',(10.5000000000002,20.,-16.9999999999996));
#3733=CARTESIAN_POINT('Origin',(10.5000000000002,20.,17.0000000000004));
#3734=CARTESIAN_POINT('',(10.5000000000002,20.2,17.0000000000004));
#3735=CARTESIAN_POINT('Origin',(10.5000000000002,20.,17.0000000000004));
#3736=CARTESIAN_POINT('Origin',(10.5000000000002,20.,17.0000000000004));
#3737=CARTESIAN_POINT('Origin',(-10.4999999999998,0.,17.0000000000004));
#3738=CARTESIAN_POINT('',(-10.6999999999998,0.,17.0000000000004));
#3739=CARTESIAN_POINT('Origin',(10.5000000000002,20.,9.00000000000042));
#3740=CARTESIAN_POINT('',(10.5000000000002,20.2,9.00000000000042));
#3741=CARTESIAN_POINT('Origin',(-5.74999999999981,20.,17.0000000000004));
#3742=CARTESIAN_POINT('',(-5.74999999999981,20.2,17.0000000000004));
#3743=CARTESIAN_POINT('Origin',(5.7500000000002,20.,-16.9999999999996));
#3744=CARTESIAN_POINT('',(5.7500000000002,20.,-17.1999999999996));
#3745=CARTESIAN_POINT('',(5.7500000000002,20.2,-16.9999999999996));
#3746=CARTESIAN_POINT('Origin',(-10.4999999999998,0.,-16.9999999999996));
#3747=CARTESIAN_POINT('',(-10.4999999999998,0.,-17.1999999999996));
#3748=CARTESIAN_POINT('',(-10.6999999999998,0.,-16.9999999999996));
#3749=CARTESIAN_POINT('Origin',(-10.4999999999998,20.,-8.99999999999959));
#3750=CARTESIAN_POINT('',(-10.6999999999998,20.,-8.99999999999959));
#3751=CARTESIAN_POINT('',(-10.4999999999998,20.2,-8.99999999999959));
#3752=CARTESIAN_POINT('Origin',(-10.6999999999998,0.,-17.9999999999996));
#3753=CARTESIAN_POINT('Origin',(11.5000000000002,0.,-17.1999999999996));
#3754=CARTESIAN_POINT('Origin',(1.93178806284777E-13,20.2,4.15223411209809E-13));
#3755=CARTESIAN_POINT('Origin',(-10.4999999999998,20.,-16.9999999999996));
#3756=CARTESIAN_POINT('',(-10.4999999999998,21.,-16.9999999999996));
#3757=CARTESIAN_POINT('Origin',(-10.4999999999998,20.,-16.9999999999996));
#3758=CARTESIAN_POINT('',(-11.4999999999998,20.,-16.9999999999996));
#3759=CARTESIAN_POINT('Origin',(-10.4999999999998,20.,-16.9999999999996));
#3760=CARTESIAN_POINT('Origin',(-10.4999999999998,20.,-16.9999999999996));
#3761=CARTESIAN_POINT('Origin',(-10.4999999999998,20.,17.0000000000004));
#3762=CARTESIAN_POINT('',(-11.4999999999998,20.,17.0000000000004));
#3763=CARTESIAN_POINT('',(-10.4999999999998,21.,17.0000000000004));
#3764=CARTESIAN_POINT('Origin',(-10.4999999999998,20.,17.0000000000004));
#3765=CARTESIAN_POINT('Origin',(-10.4999999999998,20.,17.0000000000004));
#3766=CARTESIAN_POINT('Origin',(-10.4999999999998,20.,17.0000000000004));
#3767=CARTESIAN_POINT('Origin',(10.5000000000002,20.,-16.9999999999996));
#3768=CARTESIAN_POINT('',(10.5000000000002,21.,-16.9999999999996));
#3769=CARTESIAN_POINT('Origin',(10.5000000000002,20.,-16.9999999999996));
#3770=CARTESIAN_POINT('Origin',(10.5000000000002,20.,-16.9999999999996));
#3771=CARTESIAN_POINT('Origin',(10.5000000000002,20.,17.0000000000004));
#3772=CARTESIAN_POINT('',(10.5000000000002,21.,17.0000000000004));
#3773=CARTESIAN_POINT('Origin',(10.5000000000002,20.,17.0000000000004));
#3774=CARTESIAN_POINT('Origin',(10.5000000000002,20.,17.0000000000004));
#3775=CARTESIAN_POINT('Origin',(-10.4999999999998,0.,17.0000000000004));
#3776=CARTESIAN_POINT('',(-11.4999999999998,0.,17.0000000000004));
#3777=CARTESIAN_POINT('Origin',(10.5000000000002,20.,9.00000000000042));
#3778=CARTESIAN_POINT('',(10.5000000000002,21.,9.00000000000042));
#3779=CARTESIAN_POINT('Origin',(-5.74999999999981,20.,17.0000000000004));
#3780=CARTESIAN_POINT('',(-5.74999999999981,21.,17.0000000000004));
#3781=CARTESIAN_POINT('Origin',(5.7500000000002,20.,-16.9999999999996));
#3782=CARTESIAN_POINT('',(5.7500000000002,21.,-16.9999999999996));
#3783=CARTESIAN_POINT('Origin',(-10.4999999999998,0.,-16.9999999999996));
#3784=CARTESIAN_POINT('',(-11.4999999999998,0.,-16.9999999999996));
#3785=CARTESIAN_POINT('Origin',(-10.4999999999998,20.,-8.99999999999959));
#3786=CARTESIAN_POINT('',(-10.4999999999998,21.,-8.99999999999959));
#3787=CARTESIAN_POINT('',(-11.4999999999998,20.,-8.99999999999959));
#3788=CARTESIAN_POINT('Origin',(-11.4999999999998,0.,-17.9999999999996));
#3789=CARTESIAN_POINT('Origin',(1.93178806284777E-13,21.,4.15223411209809E-13));
#3790=UNCERTAINTY_MEASURE_WITH_UNIT(LENGTH_MEASURE(0.01),#3794,
'DISTANCE_ACCURACY_VALUE',
'Maximum model space distance between geometric entities at asserted c
onnectivities');
#3791=UNCERTAINTY_MEASURE_WITH_UNIT(LENGTH_MEASURE(0.01),#3794,
'DISTANCE_ACCURACY_VALUE',
'Maximum model space distance between geometric entities at asserted c
onnectivities');
#3792=(
GEOMETRIC_REPRESENTATION_CONTEXT(3)
GLOBAL_UNCERTAINTY_ASSIGNED_CONTEXT((#3790))
GLOBAL_UNIT_ASSIGNED_CONTEXT((#3794,#3795,#3796))
REPRESENTATION_CONTEXT('','3D')
);
#3793=(
GEOMETRIC_REPRESENTATION_CONTEXT(3)
GLOBAL_UNCERTAINTY_ASSIGNED_CONTEXT((#3791))
GLOBAL_UNIT_ASSIGNED_CONTEXT((#3794,#3795,#3796))
REPRESENTATION_CONTEXT('','3D')
);
#3794=(
LENGTH_UNIT()
NAMED_UNIT(*)
SI_UNIT(.MILLI.,.METRE.)
);
#3795=(
NAMED_UNIT(*)
PLANE_ANGLE_UNIT()
SI_UNIT($,.RADIAN.)
);
#3796=(
NAMED_UNIT(*)
SI_UNIT($,.STERADIAN.)
SOLID_ANGLE_UNIT()
);
#3797=SHAPE_DEFINITION_REPRESENTATION(#3798,#3799);
#3798=PRODUCT_DEFINITION_SHAPE('',$,#3801);
#3799=SHAPE_REPRESENTATION('',(#2270),#3792);
#3800=PRODUCT_DEFINITION_CONTEXT('part definition',#3805,'design');
#3801=PRODUCT_DEFINITION('Case','Case v3',#3802,#3800);
#3802=PRODUCT_DEFINITION_FORMATION('',$,#3807);
#3803=PRODUCT_RELATED_PRODUCT_CATEGORY('Case v3','Case v3',(#3807));
#3804=APPLICATION_PROTOCOL_DEFINITION('international standard',
'automotive_design',2009,#3805);
#3805=APPLICATION_CONTEXT(
'Core Data for Automotive Mechanical Design Process');
#3806=PRODUCT_CONTEXT('part definition',#3805,'mechanical');
#3807=PRODUCT('Case','Case v3',$,(#3806));
#3808=PRESENTATION_STYLE_ASSIGNMENT((#3811));
#3809=PRESENTATION_STYLE_ASSIGNMENT((#3812));
#3810=PRESENTATION_STYLE_ASSIGNMENT((#3813));
#3811=SURFACE_STYLE_USAGE(.BOTH.,#3814);
#3812=SURFACE_STYLE_USAGE(.BOTH.,#3815);
#3813=SURFACE_STYLE_USAGE(.BOTH.,#3816);
#3814=SURFACE_SIDE_STYLE('',(#3817));
#3815=SURFACE_SIDE_STYLE('',(#3818));
#3816=SURFACE_SIDE_STYLE('',(#3819));
#3817=SURFACE_STYLE_FILL_AREA(#3820);
#3818=SURFACE_STYLE_FILL_AREA(#3821);
#3819=SURFACE_STYLE_FILL_AREA(#3822);
#3820=FILL_AREA_STYLE('Steel - Satin',(#3823));
#3821=FILL_AREA_STYLE('Plastic - Matte (Yellow)',(#3824));
#3822=FILL_AREA_STYLE('Plastic - Matte (Black)',(#3825));
#3823=FILL_AREA_STYLE_COLOUR('Steel - Satin',#3826);
#3824=FILL_AREA_STYLE_COLOUR('Plastic - Matte (Yellow)',#3827);
#3825=FILL_AREA_STYLE_COLOUR('Plastic - Matte (Black)',#3828);
#3826=COLOUR_RGB('Steel - Satin',0.627450980392157,0.627450980392157,0.627450980392157);
#3827=COLOUR_RGB('Plastic - Matte (Yellow)',0.909803921568627,0.67843137254902,
0.137254901960784);
#3828=COLOUR_RGB('Plastic - Matte (Black)',0.0980392156862745,0.0980392156862745,
0.0980392156862745);
ENDSEC;
END-ISO-10303-21;
